video_id,title,channel_title,category,region,trending_date,days_trending,publish_time,views,likes,dislikes,comment_count,tags,sample_comment,comments_disabled
YT100000,The Truth About TikTok,Channel_135,Film & Animation,CA,2026-07-08,5,2026-07-04 00:00:00,281642,11684,824,1244,trending|music|new|highlights,flop awful comment goated,True
YT100001,Gaming Setup - Official Music Video,Channel_191,Film & Animation,IN,2026-01-09,10,2026-01-08 00:00:00,650816,23412,2335,4411,2026|review|new,watched this video,False
YT100002,the Stock Market Breaking News Update,Channel_231,Sports,CA,2026-08-03,12,2026-08-02 00:00:00,308353,12483,504,1591,official|trending|new|music,thoughts overrated perfect,False
YT100003,How the Universe Changed Everything,Channel_327,Entertainment,CA,2026-03-03,8,2026-03-01 00:00:00,264326,5653,523,1310,music|trending|viral,unwatchable flop upload boring excellent,False
YT100004,Learn my Life in 10 Minutes,Channel_386,Science & Technology,US,2026-05-14,12,2026-05-12 00:00:00,166373,8767,500,1007,2026|new|review,content incredible okay fire review,False
YT100005,New York - Official Music Video,Channel_464,Gaming,IN,2026-08-08,6,2026-08-04 00:00:00,495363,31482,3376,921,review|highlights,incredible fire hate,False
YT100006,I Tried Robots For 24 Hours,Channel_385,Music,CA,2026-05-27,4,2026-05-24 00:00:00,218577,11388,913,1077,highlights|music|new|funny,watched this video,False
YT100007,I Tried the Ocean For 24 Hours,Channel_283,Gaming,IN,2026-07-27,3,2026-07-25 00:00:00,387341,22779,2312,1417,review|official,fantastic video great okay review amazing underrated,False
YT100008,OFFICIAL Trailer: my Life,Channel_386,News & Politics,CA,2026-03-02,3,2026-03-01 00:00:00,677716,34530,3337,2699,viral|new|official|2026,fine okay watched waste best underrated,False
YT100009,How Budget Travel Changed Everything,Channel_342,Education,GB,2026-06-19,7,2026-06-17 00:00:00,269560,14785,1063,497,new|viral|review,thoughts,False
YT100010,Season 5 Full Episode | Highlights,Channel_229,People & Blogs,AU,2026-02-18,4,2026-02-17 00:00:00,41092,2111,246,238,highlights|new|music,fine,False
YT100011,OFFICIAL Trailer: Gaming Setup,Channel_222,Education,IN,2026-05-02,1,2026-04-28 00:00:00,210113,8448,556,775,funny|music,channel content flop boring review,False
YT100012,Robots REACTION,Channel_457,People & Blogs,AU,2026-05-18,10,2026-05-16 00:00:00,302801,17059,2032,1652,2026|music|trending|highlights,honestly great underrated fine upload amazing underrated goated underrated okay watched,False
YT100013,the Universe Breaking News Update,Channel_144,Gaming,US,2026-07-09,5,2026-07-05 00:00:00,1140007,70869,2710,6026,new|gaming,watched like,False
YT100014,my Life REACTION,Channel_415,News & Politics,CA,2026-05-31,9,2026-05-29 00:00:00,356513,16524,1651,1470,highlights|2026,underrated best channel,False
YT100015,I Tried the Universe For 24 Hours,Channel_20,Gaming,GB,2026-05-06,3,2026-05-06 00:00:00,277741,6282,484,1465,trending|viral,best channel love fantastic,False
YT100016,AI vs Everyone | Full Match,Channel_46,News & Politics,IN,2026-05-24,7,2026-05-22 00:00:00,450071,19504,2028,2459,trending|2026|funny|music,goated content review,False
YT100017,Gaming Setup - Official Music Video,Channel_85,News & Politics,AU,2026-02-25,14,2026-02-25 00:00:00,254576,10378,431,364,official|viral|2026|music,best goated fantastic love,False
YT100018,OFFICIAL Trailer: the Championship,Channel_335,Gaming,AU,2026-08-20,2,2026-08-17 00:00:00,1028352,51401,2920,2958,highlights|music|new,perfect terrible like best fine watched,False
YT100019,Gaming Setup REACTION,Channel_93,Film & Animation,IN,2026-07-03,1,2026-07-02 00:00:00,67066,2962,249,267,trending|new|highlights|2026,brilliant,False
YT100020,Gaming Setup Live Performance 2026,Channel_207,Gaming,AU,2026-03-02,6,2026-03-01 00:00:00,578770,25115,2471,1416,gaming|review|new|2026,review review,False
YT100021,The Truth About TikTok,Channel_111,Science & Technology,US,2026-04-25,7,2026-04-25 00:00:00,448084,23329,1885,1006,funny|gaming,okay review unwatchable,False
YT100022,the Ocean Full Episode | Highlights,Channel_408,Entertainment,AU,2026-08-14,11,2026-08-13 00:00:00,85027,3861,315,356,official|trending|review,video,False
YT100023,AI vs Everyone | Full Match,Channel_273,Comedy,IN,2026-03-03,9,2026-03-03 00:00:00,452486,32464,2714,1517,gaming|music|funny|2026,trash fire okay watched awesome,False
YT100024,OFFICIAL Trailer: my Life,Channel_14,Entertainment,GB,2026-03-03,12,2026-03-01 00:00:00,567471,28695,2472,1755,gaming|highlights|2026|music,content comment watched brilliant,False
YT100025,OFFICIAL Trailer: Robots,Channel_332,Gaming,IN,2026-07-13,14,2026-07-09 00:00:00,37596,2499,236,202,highlights|trending,honestly channel honestly fine content like disappointing,False
YT100026,Street Food Full Episode | Highlights,Channel_393,Sports,GB,2026-01-27,5,2026-01-25 00:00:00,681808,29536,2843,3061,gaming|music|2026|highlights,fine review okay,False
YT100027,Top 10 my Life Moments,Channel_152,Comedy,GB,2026-03-31,14,2026-03-31 00:00:00,494876,19379,1450,1196,highlights|review|new,honestly awesome like overrated,False
YT100028,The Truth About Season 5,Channel_476,Entertainment,IN,2026-06-03,12,2026-06-03 00:00:00,223963,11574,764,900,music|official|gaming,perfect thoughts great trash,False
YT100029,How the Universe Changed Everything,Channel_120,Gaming,CA,2026-05-11,10,2026-05-09 00:00:00,761007,19102,2228,4112,funny|new,review channel,False
YT100030,How the Ocean Changed Everything,Channel_224,Comedy,AU,2026-07-29,7,2026-07-29 00:00:00,831327,45999,3386,3907,gaming|funny|new|highlights,video content content unwatchable waste channel,False
YT100031,Learn the Universe in 10 Minutes,Channel_193,Sports,IN,2026-07-20,6,2026-07-18 00:00:00,145092,10564,402,645,2026|review|highlights,thoughts fire like fantastic channel overrated best,False
YT100032,Street Food Breaking News Update,Channel_427,Entertainment,AU,2026-06-13,1,2026-06-12 00:00:00,616337,32736,2336,2588,highlights|2026,like fire okay awesome,False
YT100033,AI Live Performance 2026,Channel_215,Science & Technology,US,2026-08-10,6,2026-08-06 00:00:00,46645,2899,210,181,official|funny|trending,honestly review honestly like overrated comment,False
YT100034,the Universe Full Episode | Highlights,Channel_311,Entertainment,GB,2026-01-17,14,2026-01-15 00:00:00,615504,23686,2565,2176,review|2026,cringe okay,True
YT100035,I Tried Street Food For 24 Hours,Channel_485,Sports,AU,2026-02-08,14,2026-02-06 00:00:00,735509,25557,2120,5478,music|new|funny,amazing awesome terrible amazing incredible,False
YT100036,the Algorithm - Official Music Video,Channel_215,Film & Animation,GB,2026-07-18,4,2026-07-18 00:00:00,254434,15793,1210,891,gaming|official|funny,overrated,False
YT100037,AI Full Episode | Highlights,Channel_328,Gaming,IN,2026-06-27,2,2026-06-25 00:00:00,221073,11511,1094,650,viral|review|music|official,review brilliant great fine,False
YT100038,my Life Live Performance 2026,Channel_158,Gaming,AU,2026-07-24,1,2026-07-23 00:00:00,248255,11332,1174,1376,new|viral,underrated terrible brilliant honestly overrated fire video,False
YT100039,the Ocean - Official Music Video,Channel_210,Gaming,AU,2026-01-13,14,2026-01-12 00:00:00,680393,11302,1346,2495,new|2026|official|gaming,best video channel,False
YT100040,I Tried the World Cup For 24 Hours,Channel_303,Science & Technology,CA,2026-05-05,12,2026-05-01 00:00:00,288637,19766,1728,1126,review|highlights|new,trash perfect underrated video,False
YT100041,The Truth About the Championship,Channel_222,Comedy,IN,2026-02-27,12,2026-02-27 00:00:00,687550,39810,3370,3165,review|viral,fire incredible fine,False
YT100042,Learn the Final Boss in 10 Minutes,Channel_179,Gaming,IN,2026-03-04,6,2026-03-04 00:00:00,696556,40128,2077,2104,new|trending|2026,amazing,False
YT100043,TikTok Full Episode | Highlights,Channel_451,Education,CA,2026-06-09,2,2026-06-07 00:00:00,272927,3923,128,981,music|new|2026|viral,watched this video,False
YT100044,TikTok Breaking News Update,Channel_309,Education,IN,2026-06-27,12,2026-06-25 00:00:00,220680,13404,597,705,funny|gaming,flop like fine channel,True
YT100045,the Algorithm Breaking News Update,Channel_225,Gaming,GB,2026-02-28,3,2026-02-26 00:00:00,383030,12871,1285,759,gaming|highlights|viral|trending,great content video fine honestly video overrated,False
YT100046,the Universe - Official Music Video,Channel_303,Gaming,US,2026-02-06,5,2026-02-04 00:00:00,328820,10388,1137,1246,review|highlights,trash love,False
YT100047,the Stock Market Live Performance 2026,Channel_490,Comedy,US,2026-04-15,1,2026-04-12 00:00:00,122800,3137,372,212,gaming|official|trending,video review fine awesome content worst,False
YT100048,Learn New York in 10 Minutes,Channel_290,Music,GB,2026-01-29,9,2026-01-29 00:00:00,130112,6837,720,603,official|gaming|highlights|2026,comment,False
YT100049,the Championship - Official Music Video,Channel_76,Music,US,2026-01-26,8,2026-01-25 00:00:00,394415,19399,1273,1684,trending|official|review|new,fire channel best video underrated video brilliant fine,False
YT100050,OFFICIAL Trailer: the Championship,Channel_203,Sports,CA,2026-08-12,1,2026-08-10 00:00:00,556852,25406,899,2033,music|trending,video terrible content comment fine upload like,False
YT100051,the Ocean REACTION,Channel_271,Music,GB,2026-04-27,4,2026-04-26 00:00:00,770476,37061,1694,2123,2026|highlights,incredible thoughts excellent love video flop,False
YT100052,OFFICIAL Trailer: Gaming Setup,Channel_441,People & Blogs,US,2026-04-01,5,2026-04-01 00:00:00,340045,18835,2239,1593,official|highlights,love amazing upload goated,False
YT100053,Season 5 Full Episode | Highlights,Channel_342,News & Politics,AU,2026-05-05,7,2026-05-04 00:00:00,530526,19736,2357,2664,highlights|review|gaming|viral,okay comment perfect disappointing,False
YT100054,How the Stock Market Changed Everything,Channel_286,Film & Animation,IN,2026-04-26,8,2026-04-22 00:00:00,273134,17663,677,1377,trending|highlights|viral|review,comment thoughts,False
YT100055,Season 5 Live Performance 2026,Channel_66,News & Politics,IN,2026-08-14,13,2026-08-12 00:00:00,141921,3552,328,586,trending|review|new,excellent fine honestly comment okay channel,False
YT100056,the Algorithm Full Episode | Highlights,Channel_60,Sports,CA,2026-07-13,9,2026-07-11 00:00:00,541953,31804,2060,868,viral|gaming|highlights,worst video terrible review video,False
YT100057,the Stock Market - Official Music Video,Channel_420,Comedy,US,2026-01-11,2,2026-01-08 00:00:00,411293,16428,1746,1297,2026|trending,watched this video,False
YT100058,I Tried the Universe For 24 Hours,Channel_188,People & Blogs,AU,2026-06-04,12,2026-06-02 00:00:00,220260,8569,607,497,funny|music|2026,content upload okay incredible,False
YT100059,New York REACTION,Channel_343,Comedy,AU,2026-02-21,12,2026-02-17 00:00:00,750504,39773,1730,2656,official|highlights|new|review,fine honestly love honestly,False
YT100060,Budget Travel Breaking News Update,Channel_350,Comedy,IN,2026-07-19,9,2026-07-18 00:00:00,722491,44358,1414,3513,highlights|new|viral|trending,video like,False
YT100061,the Ocean Breaking News Update,Channel_124,People & Blogs,CA,2026-04-14,9,2026-04-13 00:00:00,257994,11155,950,1404,new|gaming,underrated,False
YT100062,I Tried the Stock Market For 24 Hours,Channel_499,Music,CA,2026-04-23,8,2026-04-20 00:00:00,517067,13864,1330,2948,music|viral,channel channel unwatchable perfect like,False
YT100063,I Tried Robots For 24 Hours,Channel_75,Education,AU,2026-04-28,3,2026-04-26 00:00:00,453284,21791,2304,1953,2026|new|official,perfect fire review fire review fine,False
YT100064,Robots REACTION,Channel_319,Film & Animation,GB,2026-05-05,4,2026-05-03 00:00:00,118224,5718,201,638,gaming|viral|review,video perfect waste watched thoughts,False
YT100065,the Ocean REACTION,Channel_320,Education,US,2026-01-19,13,2026-01-15 00:00:00,168422,5340,391,652,highlights|official,brilliant best like excellent awesome worst watched flop brilliant,False
YT100066,the World Cup Full Episode | Highlights,Channel_220,Education,AU,2026-05-06,7,2026-05-04 00:00:00,214857,9990,547,906,highlights|2026|music|trending,review,False
YT100067,Robots vs Everyone | Full Match,Channel_396,Gaming,US,2026-04-16,9,2026-04-16 00:00:00,289273,12956,602,105,highlights|trending|official|gaming,terrible overrated goated incredible honestly,True
YT100068,the Algorithm Full Episode | Highlights,Channel_167,Gaming,AU,2026-03-12,6,2026-03-09 00:00:00,784776,23357,831,3211,official|gaming,hate fantastic amazing,False
YT100069,I Tried the Ocean For 24 Hours,Channel_485,Entertainment,CA,2026-03-04,1,2026-02-28 00:00:00,241033,7957,462,1384,gaming|highlights|viral,cringe comment brilliant okay honestly boring cringe,False
YT100070,Season 5 REACTION,Channel_223,Gaming,US,2026-01-12,2,2026-01-10 00:00:00,234322,9367,417,795,viral|2026,unwatchable like overrated upload,True
YT100071,the Algorithm REACTION,Channel_75,Music,IN,2026-05-28,2,2026-05-28 00:00:00,356651,9323,645,753,music|funny,fantastic unwatchable boring unwatchable honestly,False
YT100072,The Truth About the Stock Market,Channel_302,People & Blogs,IN,2026-01-15,11,2026-01-12 00:00:00,129519,6551,749,364,trending|review|official,upload incredible upload,False
YT100073,AI - Official Music Video,Channel_206,Science & Technology,IN,2026-08-13,6,2026-08-13 00:00:00,397522,29217,1677,573,funny|gaming|music,upload awful incredible excellent,False
YT100074,the Stock Market REACTION,Channel_86,News & Politics,CA,2026-04-30,6,2026-04-30 00:00:00,23602,1019,121,86,funny|new|music,overrated like,False
YT100075,AI Live Performance 2026,Channel_348,People & Blogs,AU,2026-01-11,14,2026-01-08 00:00:00,318171,19862,1014,1438,trending|gaming,review comment thoughts comment channel,False
YT100076,TikTok - Official Music Video,Channel_432,News & Politics,GB,2026-06-11,11,2026-06-07 00:00:00,568839,45144,3281,2366,gaming|music|trending,thoughts watched,False
YT100077,OFFICIAL Trailer: the Stock Market,Channel_109,Music,AU,2026-05-16,11,2026-05-13 00:00:00,368461,20866,1892,672,trending|music|highlights|new,review upload fire upload,False
YT100078,my Life Full Episode | Highlights,Channel_331,Film & Animation,US,2026-01-08,9,2026-01-04 00:00:00,263966,12452,384,812,review|music|official,thoughts video goated,False
YT100079,AI Live Performance 2026,Channel_73,News & Politics,IN,2026-03-25,6,2026-03-21 00:00:00,280444,9486,1020,1107,funny|highlights,overrated love,False
YT100080,I Tried AI For 24 Hours,Channel_495,Science & Technology,CA,2026-06-05,12,2026-06-03 00:00:00,215529,3817,255,638,funny|viral|highlights|music,waste video best content,False
YT100081,TikTok REACTION,Channel_124,Sports,AU,2026-07-23,6,2026-07-19 00:00:00,1048799,39926,2901,3449,2026|funny|official,excellent fire,False
YT100082,OFFICIAL Trailer: Budget Travel,Channel_354,People & Blogs,US,2026-03-18,11,2026-03-16 00:00:00,299212,6554,318,529,trending|music,excellent honestly watched fine okay,False
YT100083,Season 5 Breaking News Update,Channel_183,People & Blogs,GB,2026-06-01,10,2026-05-31 00:00:00,864681,35186,2611,4048,highlights|funny,upload trash comment fantastic,False
YT100084,Learn AI in 10 Minutes,Channel_54,Sports,GB,2026-07-28,3,2026-07-27 00:00:00,559969,6722,282,801,official|viral|2026|highlights,love love cringe love,False
YT100085,AI Breaking News Update,Channel_322,Science & Technology,CA,2026-07-03,14,2026-07-02 00:00:00,165556,9577,899,842,highlights|review|official,watched worst like brilliant channel disappointing,False
YT100086,I Tried TikTok For 24 Hours,Channel_148,People & Blogs,CA,2026-08-03,14,2026-08-02 00:00:00,431639,26871,1391,1907,viral|2026,channel brilliant,False
YT100087,the Stock Market vs Everyone | Full Match,Channel_157,Entertainment,CA,2026-07-10,4,2026-07-07 00:00:00,530447,19820,776,663,2026|highlights,flop fine honestly,False
YT100088,the Final Boss - Official Music Video,Channel_417,Sports,GB,2026-07-15,4,2026-07-12 00:00:00,329140,14256,593,1633,review|official|viral|2026,underrated love,False
YT100089,Top 10 the World Cup Moments,Channel_173,Entertainment,IN,2026-07-30,3,2026-07-26 00:00:00,287235,13527,765,1149,review|gaming|new|official,content fine brilliant,False
YT100090,Season 5 Live Performance 2026,Channel_163,Education,CA,2026-08-24,12,2026-08-24 00:00:00,354620,11167,1074,1758,highlights|2026|gaming|official,excellent best,False
YT100091,Budget Travel Breaking News Update,Channel_225,Sports,CA,2026-06-20,9,2026-06-20 00:00:00,341555,18173,1021,1906,music|trending|funny|viral,review okay fantastic best perfect,False
YT100092,I Tried Budget Travel For 24 Hours,Channel_175,Entertainment,GB,2026-08-21,13,2026-08-18 00:00:00,225164,15777,952,864,trending|music|viral|highlights,trash flop unwatchable upload brilliant hate,False
YT100093,Learn the Stock Market in 10 Minutes,Channel_139,People & Blogs,IN,2026-01-26,1,2026-01-22 00:00:00,301333,17054,1182,1159,music|gaming|viral,comment okay comment channel like thoughts great,False
YT100094,the Final Boss REACTION,Channel_171,Film & Animation,US,2026-04-25,13,2026-04-21 00:00:00,219210,11264,563,883,2026|viral,perfect like okay,False
YT100095,The Truth About Season 5,Channel_237,Sports,US,2026-04-11,11,2026-04-11 00:00:00,331166,12485,1442,1146,funny|2026|official|gaming,video like awesome disappointing content fine okay amazing underrated,False
YT100096,Top 10 AI Moments,Channel_323,Sports,GB,2026-03-17,10,2026-03-16 00:00:00,200585,8370,910,468,music|2026|highlights|viral,video trash overrated great goated perfect,False
YT100097,Top 10 Robots Moments,Channel_420,Comedy,CA,2026-06-30,14,2026-06-30 00:00:00,1488496,86134,9161,9005,new|viral|review|trending,watched this video,False
YT100098,Top 10 the Algorithm Moments,Channel_405,People & Blogs,US,2026-04-22,11,2026-04-18 00:00:00,151380,5997,235,418,trending|new,perfect like flop excellent,False
YT100099,OFFICIAL Trailer: the Algorithm,Channel_49,Gaming,IN,2026-05-07,8,2026-05-04 00:00:00,332902,13091,1183,1194,trending|funny,overrated,False
YT100100,Robots Full Episode | Highlights,Channel_428,Entertainment,IN,2026-04-10,4,2026-04-09 00:00:00,471796,20804,2255,2209,funny|new,hate like terrible,False
YT100101,the Universe Breaking News Update,Channel_452,Music,AU,2026-07-14,2,2026-07-14 00:00:00,565513,20021,1756,1388,official|viral|funny,fire hate,False
YT100102,the World Cup Breaking News Update,Channel_266,Science & Technology,GB,2026-01-29,8,2026-01-28 00:00:00,75786,3801,279,297,trending|music|new,overrated content,False
YT100103,Season 5 vs Everyone | Full Match,Channel_248,Sports,CA,2026-06-03,11,2026-05-31 00:00:00,120597,6050,563,461,trending|review|viral,comment trash fantastic video like brilliant,False
YT100104,the Universe REACTION,Channel_348,News & Politics,CA,2026-02-18,9,2026-02-18 00:00:00,150159,6509,515,712,music|review|funny|trending,worst fantastic boring,False
YT100105,the Universe Breaking News Update,Channel_73,Education,US,2026-04-23,5,2026-04-19 00:00:00,302609,16195,1337,854,new|funny|official,honestly perfect watched fine channel,False
YT100106,OFFICIAL Trailer: Season 5,Channel_497,People & Blogs,IN,2026-02-06,9,2026-02-05 00:00:00,173863,6727,772,1050,highlights|2026|gaming|official,brilliant channel excellent underrated like disappointing upload,False
YT100107,AI REACTION,Channel_471,Science & Technology,GB,2026-02-04,4,2026-02-02 00:00:00,108073,3052,205,910,official|review|funny|2026,okay content waste flop excellent okay,True
YT100108,Top 10 the Universe Moments,Channel_449,Gaming,IN,2026-05-21,14,2026-05-17 00:00:00,967801,4839,362,3266,gaming|official|new|trending,goated amazing overrated great awesome like comment honestly,False
YT100109,OFFICIAL Trailer: my Life,Channel_312,News & Politics,IN,2026-03-05,13,2026-03-05 00:00:00,128325,4989,358,422,funny|music|highlights|gaming,trash love,False
YT100110,I Tried Season 5 For 24 Hours,Channel_234,Comedy,IN,2026-08-21,7,2026-08-17 00:00:00,119647,5983,419,425,highlights|2026,fantastic thoughts fantastic comment review,False
YT100111,Street Food REACTION,Channel_485,Education,GB,2026-03-01,4,2026-02-27 00:00:00,213448,8339,715,1209,gaming|2026,brilliant awesome,False
YT100112,Season 5 Live Performance 2026,Channel_146,Gaming,CA,2026-06-06,10,2026-06-06 00:00:00,319794,16987,925,1970,new|highlights|music,incredible review incredible fire thoughts,False
YT100113,OFFICIAL Trailer: the Stock Market,Channel_264,Film & Animation,GB,2026-06-22,12,2026-06-20 00:00:00,62029,2517,259,305,viral|gaming|official,fantastic underrated fantastic best watched,False
YT100114,The Truth About Budget Travel,Channel_197,Film & Animation,GB,2026-01-31,11,2026-01-27 00:00:00,483417,14381,952,1756,review|new|highlights,watched channel channel,False
YT100115,I Tried Street Food For 24 Hours,Channel_406,Film & Animation,CA,2026-07-13,10,2026-07-11 00:00:00,396825,11476,1116,1400,official|music|trending|highlights,fantastic like overrated fine like,False
YT100116,Season 5 Live Performance 2026,Channel_239,Gaming,IN,2026-08-02,2,2026-07-31 00:00:00,820380,32792,3160,3702,trending|music,worst fine channel okay content video,False
YT100117,my Life REACTION,Channel_395,Film & Animation,IN,2026-08-22,1,2026-08-18 00:00:00,412104,19006,967,1329,music|trending|gaming,goated amazing excellent fire,False
YT100118,my Life REACTION,Channel_184,Entertainment,CA,2026-01-26,6,2026-01-25 00:00:00,347955,20099,1432,2175,official|new|music|2026,comment comment,False
YT100119,the Championship Breaking News Update,Channel_132,News & Politics,US,2026-05-23,10,2026-05-20 00:00:00,353958,5693,453,787,gaming|review,perfect video like perfect review,False
YT100120,TikTok vs Everyone | Full Match,Channel_114,Music,GB,2026-08-08,5,2026-08-08 00:00:00,364069,13063,1129,1161,funny|trending|2026,trash content unwatchable hate video fire,False
YT100121,OFFICIAL Trailer: TikTok,Channel_367,Comedy,CA,2026-02-27,8,2026-02-27 00:00:00,169733,5937,603,661,2026|trending|highlights,underrated upload content content like amazing,False
YT100122,the Championship Live Performance 2026,Channel_200,Entertainment,IN,2026-08-25,14,2026-08-25 00:00:00,727003,42323,2346,4604,official|gaming|2026|viral,content honestly,False
YT100123,Robots - Official Music Video,Channel_411,Entertainment,IN,2026-04-14,3,2026-04-14 00:00:00,875307,61746,3186,2701,gaming|2026|new|music,love upload comment brilliant video,False
YT100124,AI - Official Music Video,Channel_340,Comedy,AU,2026-06-01,14,2026-05-29 00:00:00,172923,8467,946,879,viral|funny,fire,False
YT100125,the Stock Market - Official Music Video,Channel_203,Comedy,IN,2026-05-11,10,2026-05-07 00:00:00,719290,35509,3557,2816,highlights|new|official|viral,upload awful hate like comment,False
YT100126,Street Food Breaking News Update,Channel_247,Comedy,AU,2026-08-25,6,2026-08-22 00:00:00,117390,5544,179,349,viral|review|2026|official,excellent trash,False
YT100127,OFFICIAL Trailer: the Algorithm,Channel_163,News & Politics,AU,2026-07-10,10,2026-07-07 00:00:00,543031,20598,837,409,official|trending|highlights|gaming,love underrated,False
YT100128,Gaming Setup - Official Music Video,Channel_65,Comedy,IN,2026-02-16,5,2026-02-14 00:00:00,287643,16243,1006,615,music|trending|official|2026,fire unwatchable okay boring,False
YT100129,Top 10 the Ocean Moments,Channel_483,Sports,US,2026-07-26,14,2026-07-25 00:00:00,251542,10000,583,970,music|new,review trash,False
YT100130,New York Live Performance 2026,Channel_150,Comedy,AU,2026-06-20,14,2026-06-18 00:00:00,244101,11540,818,1435,funny|official,like fantastic watched awesome honestly cringe,False
YT100131,How the Stock Market Changed Everything,Channel_209,News & Politics,IN,2026-08-13,2,2026-08-12 00:00:00,365837,10141,1149,1710,official|gaming|viral,excellent review review upload,False
YT100132,OFFICIAL Trailer: AI,Channel_208,Music,GB,2026-01-18,3,2026-01-15 00:00:00,86457,3653,257,349,2026|trending|review|music,like fire thoughts like,False
YT100133,How the Ocean Changed Everything,Channel_329,Entertainment,CA,2026-01-14,10,2026-01-12 00:00:00,706012,35684,2391,2695,viral|review|2026|funny,content channel awesome amazing fine,False
YT100134,New York REACTION,Channel_375,Music,IN,2026-03-23,5,2026-03-19 00:00:00,1576365,52488,5257,9451,trending|gaming|highlights,great watched content content review,True
YT100135,OFFICIAL Trailer: the Championship,Channel_182,Gaming,US,2026-07-22,12,2026-07-19 00:00:00,638344,18115,993,2994,official|gaming,fire,False
YT100136,TikTok Full Episode | Highlights,Channel_176,Comedy,AU,2026-08-13,13,2026-08-10 00:00:00,848906,22256,1634,4370,2026|new|music,honestly amazing,False
YT100137,Season 5 Breaking News Update,Channel_452,Sports,GB,2026-06-04,2,2026-05-31 00:00:00,392817,18131,1578,1680,funny|viral,video fantastic incredible video channel,False
YT100138,How the Stock Market Changed Everything,Channel_95,Entertainment,CA,2026-03-02,7,2026-03-01 00:00:00,748158,32731,2770,149,highlights|music|review|trending,great comment watched love,False
YT100139,OFFICIAL Trailer: the World Cup,Channel_397,Entertainment,IN,2026-06-21,7,2026-06-18 00:00:00,384173,19177,1899,405,trending|highlights,content watched goated like,False
YT100140,The Truth About AI,Channel_374,Science & Technology,AU,2026-07-19,4,2026-07-17 00:00:00,185995,3329,371,798,new|gaming|highlights,fire like like flop flop,False
YT100141,Street Food Live Performance 2026,Channel_110,Education,CA,2026-02-20,5,2026-02-20 00:00:00,675466,32633,2197,3336,trending|funny|new,honestly channel review brilliant,False
YT100142,Gaming Setup REACTION,Channel_1,Comedy,AU,2026-06-15,7,2026-06-14 00:00:00,422378,14891,1615,1949,gaming|review,video like,False
YT100143,New York REACTION,Channel_18,Gaming,AU,2026-05-03,11,2026-05-02 00:00:00,774235,36455,2002,2201,viral|new|review|trending,honestly,False
YT100144,the Universe Full Episode | Highlights,Channel_487,Entertainment,IN,2026-03-31,13,2026-03-27 00:00:00,286721,18359,743,1333,highlights|official|trending,awful goated like,False
YT100145,my Life vs Everyone | Full Match,Channel_251,Comedy,GB,2026-07-05,1,2026-07-04 00:00:00,265967,13847,515,808,official|highlights,upload fire comment comment,False
YT100146,Budget Travel Live Performance 2026,Channel_113,Gaming,GB,2026-07-26,3,2026-07-22 00:00:00,224145,11048,780,56,official|2026,cringe upload underrated,False
YT100147,the Algorithm Live Performance 2026,Channel_302,Music,IN,2026-07-28,12,2026-07-28 00:00:00,558426,16245,631,2501,gaming|trending|music|new,comment,False
YT100148,Learn the World Cup in 10 Minutes,Channel_403,Gaming,AU,2026-04-28,2,2026-04-25 00:00:00,480041,25284,2588,3313,highlights|viral|new,underrated review thoughts comment fantastic,False
YT100149,I Tried New York For 24 Hours,Channel_301,Film & Animation,IN,2026-05-07,3,2026-05-04 00:00:00,1089814,41653,2037,3268,review|music|official,brilliant love waste watched fantastic,False
YT100150,the Ocean - Official Music Video,Channel_168,Entertainment,GB,2026-03-25,11,2026-03-23 00:00:00,434606,23565,1076,2897,viral|official,fine brilliant goated love,False
YT100151,OFFICIAL Trailer: the World Cup,Channel_244,News & Politics,GB,2026-05-05,8,2026-05-04 00:00:00,504878,23110,1282,2728,highlights|gaming,waste incredible worst fine goated,False
YT100152,Robots REACTION,Channel_199,News & Politics,IN,2026-06-17,9,2026-06-16 00:00:00,306823,9068,827,809,2026|music|viral|trending,thoughts review watched flop underrated,False
YT100153,AI Full Episode | Highlights,Channel_270,Film & Animation,AU,2026-07-16,7,2026-07-16 00:00:00,295514,12535,1118,1148,trending|music|new|2026,best great channel,False
YT100154,TikTok vs Everyone | Full Match,Channel_327,Science & Technology,GB,2026-06-28,8,2026-06-28 00:00:00,352585,13965,1658,2734,new|viral,incredible great watched fire worst comment excellent,False
YT100155,I Tried Season 5 For 24 Hours,Channel_488,News & Politics,CA,2026-08-25,8,2026-08-21 00:00:00,256870,11396,484,1235,highlights|music|review|viral,underrated thoughts comment okay video upload underrated,True
YT100156,the Stock Market - Official Music Video,Channel_22,Gaming,IN,2026-03-20,12,2026-03-18 00:00:00,830192,32754,3621,2866,trending|2026,fire channel,False
YT100157,the Universe Full Episode | Highlights,Channel_327,Music,IN,2026-05-10,4,2026-05-10 00:00:00,70285,3315,168,280,funny|official|viral,brilliant video fire,False
YT100158,Street Food - Official Music Video,Channel_426,Sports,CA,2026-06-20,11,2026-06-20 00:00:00,341205,12355,1328,1533,highlights|review,flop,False
YT100159,Gaming Setup - Official Music Video,Channel_126,Music,GB,2026-07-15,3,2026-07-11 00:00:00,338637,20346,1960,1816,viral|funny|review|trending,awesome trash incredible channel thoughts fantastic,False
YT100160,the Universe - Official Music Video,Channel_492,Film & Animation,IN,2026-05-02,1,2026-04-30 00:00:00,189860,11132,1189,890,highlights|trending,underrated amazing,True
YT100161,the Ocean Full Episode | Highlights,Channel_44,Science & Technology,CA,2026-06-20,1,2026-06-18 00:00:00,151528,4793,295,290,gaming|official|review,channel disappointing brilliant okay,False
YT100162,The Truth About the Algorithm,Channel_115,People & Blogs,AU,2026-03-10,13,2026-03-09 00:00:00,68495,3115,251,406,2026|highlights|funny,trash excellent amazing okay upload review,False
YT100163,The Truth About the Final Boss,Channel_97,Sports,IN,2026-07-28,14,2026-07-28 00:00:00,33316,350,17,6,official|gaming|trending,watched this video,False
YT100164,the Algorithm Breaking News Update,Channel_404,Gaming,IN,2026-03-09,1,2026-03-07 00:00:00,622414,45519,1588,4001,official|gaming,love fine,False
YT100165,Top 10 the Universe Moments,Channel_118,Comedy,GB,2026-01-19,10,2026-01-18 00:00:00,332220,18871,1557,1296,2026|trending|review,boring video flop perfect thoughts,False
YT100166,Learn the Stock Market in 10 Minutes,Channel_134,Gaming,CA,2026-02-12,10,2026-02-08 00:00:00,631666,37989,4207,1726,new|music|viral|highlights,video flop terrible fine thoughts comment amazing unwatchable,False
YT100167,the Stock Market vs Everyone | Full Match,Channel_106,People & Blogs,CA,2026-04-27,3,2026-04-23 00:00:00,359273,8912,616,1683,review|official,content content review,False
YT100168,the Universe Live Performance 2026,Channel_441,Film & Animation,US,2026-08-26,2,2026-08-23 00:00:00,250626,8991,666,1139,gaming|highlights|official|2026,video fantastic overrated,False
YT100169,Gaming Setup REACTION,Channel_70,Music,GB,2026-08-01,4,2026-07-28 00:00:00,938333,31823,1760,5393,new|official|funny,channel channel fantastic excellent,False
YT100170,the Final Boss Breaking News Update,Channel_291,Comedy,IN,2026-02-26,4,2026-02-24 00:00:00,375550,12871,1055,1158,official|2026|music|review,incredible waste awesome,False
YT100171,Top 10 Gaming Setup Moments,Channel_339,People & Blogs,AU,2026-03-28,4,2026-03-24 00:00:00,487440,42031,2094,2826,2026|gaming,goated thoughts,False
YT100172,New York Live Performance 2026,Channel_178,Sports,US,2026-07-22,12,2026-07-21 00:00:00,350794,22994,1675,543,funny|gaming|music|viral,unwatchable cringe,False
YT100173,my Life REACTION,Channel_181,Education,CA,2026-07-17,1,2026-07-17 00:00:00,369246,11142,550,1469,viral|highlights|official,comment goated honestly unwatchable review okay content,False
YT100174,Street Food Full Episode | Highlights,Channel_429,Film & Animation,AU,2026-05-01,6,2026-04-30 00:00:00,367949,8652,837,1162,funny|2026|new,content terrible review boring,False
YT100175,Gaming Setup - Official Music Video,Channel_216,Gaming,CA,2026-01-01,7,2026-01-01 00:00:00,229497,11495,1086,994,official|funny|highlights|new,fire review,False
YT100176,the Ocean REACTION,Channel_428,People & Blogs,AU,2026-07-11,14,2026-07-07 00:00:00,601582,20160,1208,2375,review|music|new|viral,okay content goated terrible,False
YT100177,the Algorithm Full Episode | Highlights,Channel_141,Music,AU,2026-07-24,7,2026-07-24 00:00:00,499619,29794,2418,2207,funny|viral|trending,best,False
YT100178,Robots Full Episode | Highlights,Channel_468,Comedy,CA,2026-01-06,9,2026-01-03 00:00:00,248252,15257,616,409,official|gaming,watched brilliant underrated okay fantastic,False
YT100179,OFFICIAL Trailer: the Universe,Channel_268,Gaming,GB,2026-07-20,1,2026-07-19 00:00:00,653514,31060,1968,4529,review|funny,video waste love thoughts perfect video,False
YT100180,OFFICIAL Trailer: Robots,Channel_38,Music,GB,2026-02-01,12,2026-01-30 00:00:00,1191122,52486,3437,4447,viral|official,like perfect awful goated fine,False
YT100181,Top 10 the Stock Market Moments,Channel_327,Film & Animation,GB,2026-08-08,14,2026-08-08 00:00:00,52757,1902,179,122,2026|new|viral,goated content honestly,False
YT100182,Budget Travel vs Everyone | Full Match,Channel_134,Music,US,2026-02-27,3,2026-02-25 00:00:00,992499,42592,2853,5764,music|funny,comment,False
YT100183,Top 10 TikTok Moments,Channel_77,Sports,GB,2026-08-18,4,2026-08-15 00:00:00,283784,17116,861,1596,review|funny|trending|new,underrated,False
YT100184,The Truth About the Universe,Channel_237,Science & Technology,GB,2026-03-08,3,2026-03-04 00:00:00,110566,5242,303,289,review|viral|music|2026,incredible content honestly,False
YT100185,the Ocean - Official Music Video,Channel_464,Entertainment,CA,2026-06-02,12,2026-05-31 00:00:00,534638,29799,3336,2659,highlights|funny,watched fantastic honestly content terrible awful,False
YT100186,The Truth About the Stock Market,Channel_223,Education,AU,2026-02-27,13,2026-02-26 00:00:00,350240,12569,450,1188,gaming|new,watched brilliant awful flop,False
YT100187,I Tried AI For 24 Hours,Channel_271,People & Blogs,US,2026-06-08,12,2026-06-06 00:00:00,197682,8683,340,951,2026|funny|viral,content okay fantastic channel,True
YT100188,the Ocean Breaking News Update,Channel_265,People & Blogs,GB,2026-02-24,11,2026-02-23 00:00:00,540734,32409,3168,2592,2026|review|highlights|viral,channel content thoughts,False
YT100189,my Life vs Everyone | Full Match,Channel_25,Gaming,CA,2026-03-27,7,2026-03-27 00:00:00,917091,45348,4864,3800,music|new,love great trash,False
YT100190,Learn Season 5 in 10 Minutes,Channel_243,Sports,US,2026-05-05,3,2026-05-05 00:00:00,210188,12891,793,620,music|highlights|new,video trash review hate content,False
YT100191,The Truth About my Life,Channel_80,Entertainment,US,2026-08-15,13,2026-08-14 00:00:00,181278,4479,341,810,trending|new,fine video awesome,False
YT100192,The Truth About Budget Travel,Channel_359,Music,GB,2026-04-26,5,2026-04-25 00:00:00,467168,17604,914,2621,funny|highlights,watched love unwatchable best,False
YT100193,The Truth About my Life,Channel_387,Gaming,GB,2026-03-23,4,2026-03-21 00:00:00,181501,13463,1456,1017,music|funny|new,brilliant overrated brilliant worst,False
YT100194,Robots Full Episode | Highlights,Channel_231,Sports,AU,2026-01-20,10,2026-01-17 00:00:00,179425,12732,539,492,review|new,comment watched fine okay,False
YT100195,Learn the Final Boss in 10 Minutes,Channel_204,Music,US,2026-03-05,12,2026-03-05 00:00:00,310956,17557,1656,902,gaming|review|viral,perfect boring fantastic,False
YT100196,Top 10 the World Cup Moments,Channel_190,Comedy,US,2026-04-14,4,2026-04-12 00:00:00,362001,14415,1104,1713,highlights|viral,overrated watched,True
YT100197,I Tried my Life For 24 Hours,Channel_425,Education,CA,2026-07-30,1,2026-07-27 00:00:00,370816,13501,638,1112,2026|highlights|new,okay honestly amazing upload best,False
YT100198,Season 5 vs Everyone | Full Match,Channel_269,Gaming,AU,2026-01-06,10,2026-01-05 00:00:00,241873,13436,1262,1749,official|gaming,watched this video,False
YT100199,Street Food Breaking News Update,Channel_166,Music,GB,2026-03-11,7,2026-03-09 00:00:00,837286,17189,1146,1769,music|official|new,disappointing fantastic incredible like great,False
YT100200,Learn the Ocean in 10 Minutes,Channel_343,Science & Technology,US,2026-03-06,5,2026-03-06 00:00:00,412459,12417,388,755,funny|music,great goated upload awesome comment thoughts fine,False
YT100201,Top 10 my Life Moments,Channel_380,Music,GB,2026-02-27,5,2026-02-23 00:00:00,949715,50929,5810,4280,official|funny|highlights,review review watched,False
YT100202,the World Cup - Official Music Video,Channel_270,Music,IN,2026-01-16,2,2026-01-16 00:00:00,370891,15979,592,1528,review|official|highlights,review honestly thoughts best channel,False
YT100203,the Stock Market Full Episode | Highlights,Channel_228,Entertainment,IN,2026-04-03,4,2026-04-03 00:00:00,940082,47660,2220,2959,highlights|gaming|trending|new,like honestly thoughts content flop honestly like,False
YT100204,the Algorithm - Official Music Video,Channel_224,Science & Technology,GB,2026-04-02,5,2026-04-02 00:00:00,506880,33661,2582,1708,official|funny|viral,excellent review,False
YT100205,Street Food vs Everyone | Full Match,Channel_101,Gaming,US,2026-01-25,11,2026-01-21 00:00:00,464377,26455,2594,2558,trending|review|new|highlights,fire great,False
YT100206,Robots REACTION,Channel_394,Entertainment,US,2026-05-12,6,2026-05-10 00:00:00,912273,57013,6819,4375,trending|funny|viral|highlights,channel amazing honestly,False
YT100207,the Ocean Live Performance 2026,Channel_258,Gaming,AU,2026-02-19,7,2026-02-15 00:00:00,129581,4450,217,555,new|music|highlights|official,watched this video,False
YT100208,OFFICIAL Trailer: the Ocean,Channel_456,Entertainment,CA,2026-08-26,6,2026-08-23 00:00:00,392573,23517,1447,2379,funny|2026,fine goated content perfect perfect,False
YT100209,the Universe Breaking News Update,Channel_281,Gaming,IN,2026-03-04,10,2026-03-01 00:00:00,570262,21855,835,1856,gaming|music|new,flop watched honestly like comment video,False
YT100210,AI REACTION,Channel_127,Music,GB,2026-05-27,12,2026-05-23 00:00:00,199470,7600,612,960,highlights|review|trending,like review fine cringe comment,False
YT100211,the Ocean Breaking News Update,Channel_79,Entertainment,GB,2026-07-16,1,2026-07-13 00:00:00,561884,24696,2627,1978,highlights|official|trending|review,incredible amazing fantastic,False
YT100212,Learn the Championship in 10 Minutes,Channel_39,Education,CA,2026-07-07,1,2026-07-03 00:00:00,98730,7194,373,538,music|new|official|trending,review okay flop,False
YT100213,Budget Travel REACTION,Channel_292,Gaming,IN,2026-01-30,12,2026-01-30 00:00:00,715474,18521,1331,2527,music|official|2026,upload comment like,False
YT100214,the Final Boss - Official Music Video,Channel_337,News & Politics,AU,2026-07-07,11,2026-07-06 00:00:00,589945,20214,1412,2364,new|highlights,like review fantastic best unwatchable watched watched,False
YT100215,How the Final Boss Changed Everything,Channel_144,Entertainment,GB,2026-04-16,13,2026-04-16 00:00:00,658895,33120,1793,2313,funny|highlights|new,waste honestly brilliant comment,False
YT100216,Learn the Final Boss in 10 Minutes,Channel_428,Gaming,GB,2026-04-02,6,2026-04-01 00:00:00,718907,21636,745,3022,highlights|review|official|music,trash,False
YT100217,The Truth About Season 5,Channel_396,Education,IN,2026-07-31,2,2026-07-27 00:00:00,735870,31743,1806,1495,gaming|review|viral|new,content thoughts watched incredible fantastic comment,False
YT100218,Top 10 my Life Moments,Channel_423,Entertainment,IN,2026-04-26,8,2026-04-22 00:00:00,212420,9813,1096,478,music|funny|viral|review,love best perfect upload fine unwatchable incredible,False
YT100219,TikTok vs Everyone | Full Match,Channel_93,People & Blogs,CA,2026-03-18,5,2026-03-15 00:00:00,551167,25823,2994,2864,review|funny,great comment worst flop love fantastic,False
YT100220,How Season 5 Changed Everything,Channel_79,Gaming,AU,2026-05-13,4,2026-05-10 00:00:00,158273,8427,633,1060,gaming|trending|review,hate awesome,False
YT100221,OFFICIAL Trailer: my Life,Channel_216,Comedy,IN,2026-08-06,13,2026-08-03 00:00:00,311282,20725,1196,1725,viral|new|music|official,love content review,False
YT100222,Top 10 Season 5 Moments,Channel_271,News & Politics,US,2026-03-06,6,2026-03-04 00:00:00,207817,12355,1040,1373,music|2026,like fantastic upload fine honestly comment,False
YT100223,the Final Boss REACTION,Channel_148,Comedy,GB,2026-05-18,6,2026-05-14 00:00:00,638519,32793,3620,2170,official|highlights|music,channel,False
YT100224,the Championship - Official Music Video,Channel_138,Science & Technology,CA,2026-01-30,14,2026-01-28 00:00:00,434396,15605,1595,2215,gaming|review|2026|highlights,okay channel okay,False
YT100225,the Ocean Full Episode | Highlights,Channel_37,Science & Technology,US,2026-01-26,3,2026-01-24 00:00:00,558932,11748,1140,3150,review|highlights|funny,brilliant review,False
YT100226,Budget Travel Breaking News Update,Channel_487,Science & Technology,US,2026-05-05,1,2026-05-01 00:00:00,202088,8591,827,805,music|official,review,False
YT100227,I Tried the Algorithm For 24 Hours,Channel_464,Music,IN,2026-03-10,9,2026-03-08 00:00:00,556786,16578,925,1875,viral|2026,amazing flop brilliant,False
YT100228,Gaming Setup Full Episode | Highlights,Channel_315,Entertainment,AU,2026-06-16,2,2026-06-15 00:00:00,290737,22516,2243,1662,official|gaming,upload hate hate underrated terrible comment,False
YT100229,Learn New York in 10 Minutes,Channel_313,News & Politics,IN,2026-02-06,1,2026-02-05 00:00:00,362976,20361,832,1694,highlights|trending|viral,comment amazing thoughts terrible,False
YT100230,the Universe Full Episode | Highlights,Channel_112,Entertainment,IN,2026-03-09,13,2026-03-08 00:00:00,408857,25096,1160,729,music|viral,brilliant upload review awesome,False
YT100231,Learn the Championship in 10 Minutes,Channel_139,Gaming,US,2026-08-21,10,2026-08-18 00:00:00,325582,5001,246,823,gaming|trending,amazing overrated comment thoughts thoughts boring,False
YT100232,Street Food REACTION,Channel_142,Science & Technology,GB,2026-06-21,8,2026-06-17 00:00:00,185757,9192,279,814,official|2026|review|gaming,honestly flop awful upload,False
YT100233,The Truth About Robots,Channel_281,Science & Technology,IN,2026-04-22,2,2026-04-22 00:00:00,315570,13249,1402,1735,funny|review|gaming|new,upload video okay perfect goated honestly,False
YT100234,the Ocean vs Everyone | Full Match,Channel_122,Comedy,AU,2026-08-25,4,2026-08-25 00:00:00,347816,22582,1245,850,trending|review,like okay like overrated,False
YT100235,Learn Budget Travel in 10 Minutes,Channel_320,People & Blogs,GB,2026-06-05,11,2026-06-05 00:00:00,687998,23228,1011,3228,review|2026,video excellent disappointing,False
YT100236,OFFICIAL Trailer: the Stock Market,Channel_225,Education,IN,2026-01-01,1,2026-01-01 00:00:00,537758,24808,2019,2997,music|funny|2026|gaming,watched goated upload thoughts fine thoughts underrated,True
YT100237,New York Live Performance 2026,Channel_67,Comedy,CA,2026-05-04,3,2026-05-03 00:00:00,92018,5449,501,264,music|2026|viral|gaming,honestly best upload unwatchable,False
YT100238,Robots REACTION,Channel_265,Film & Animation,AU,2026-05-17,7,2026-05-17 00:00:00,439163,25407,1050,1856,new|official|viral|2026,hate review fine,False
YT100239,New York REACTION,Channel_299,Comedy,IN,2026-08-12,9,2026-08-09 00:00:00,692155,39725,2429,4933,review|highlights|viral|trending,disappointing best fine worst honestly channel,False
YT100240,Budget Travel Full Episode | Highlights,Channel_196,Music,US,2026-06-05,14,2026-06-05 00:00:00,230535,10399,522,410,music|official|review,review review fine,False
YT100241,the Universe Full Episode | Highlights,Channel_395,Education,US,2026-05-18,6,2026-05-15 00:00:00,149247,5064,289,877,funny|new,like awesome,False
YT100242,the Championship REACTION,Channel_366,People & Blogs,AU,2026-02-15,8,2026-02-13 00:00:00,205081,9150,538,753,review|trending|2026|music,fine thoughts upload cringe video,False
YT100243,the Ocean Full Episode | Highlights,Channel_476,Film & Animation,CA,2026-01-21,13,2026-01-21 00:00:00,198425,12150,941,283,official|2026,honestly honestly amazing upload,False
YT100244,the Championship Breaking News Update,Channel_332,Sports,IN,2026-06-24,8,2026-06-21 00:00:00,159370,6253,701,685,review|2026|new,like comment,False
YT100245,OFFICIAL Trailer: New York,Channel_458,Comedy,IN,2026-02-06,14,2026-02-03 00:00:00,943672,37893,2052,3885,music|official|trending,watched comment,False
YT100246,Season 5 REACTION,Channel_356,Film & Animation,GB,2026-02-23,7,2026-02-21 00:00:00,428366,8049,856,1774,official|funny|highlights|2026,flop terrible awesome,False
YT100247,The Truth About Budget Travel,Channel_254,Comedy,AU,2026-07-27,11,2026-07-23 00:00:00,755576,50343,2340,1950,official|new|music,awful thoughts,False
YT100248,I Tried the Championship For 24 Hours,Channel_113,Education,CA,2026-05-03,10,2026-04-30 00:00:00,282849,15581,630,1882,music|viral,upload love honestly,False
YT100249,my Life Live Performance 2026,Channel_171,Gaming,AU,2026-04-26,3,2026-04-22 00:00:00,997450,83749,9240,2530,trending|official|highlights|gaming,video honestly honestly video,False
YT100250,How the Final Boss Changed Everything,Channel_69,People & Blogs,GB,2026-07-14,1,2026-07-12 00:00:00,484569,24321,2664,2721,highlights|official|music,honestly hate honestly video thoughts overrated,False
YT100251,New York Live Performance 2026,Channel_381,Entertainment,AU,2026-04-06,8,2026-04-04 00:00:00,429615,35490,3375,1644,gaming|new,terrible thoughts incredible honestly upload awesome,False
YT100252,How the Ocean Changed Everything,Channel_338,News & Politics,IN,2026-05-07,5,2026-05-06 00:00:00,391169,17609,1321,658,trending|review|new,awesome honestly great amazing,False
YT100253,Learn the Championship in 10 Minutes,Channel_97,News & Politics,IN,2026-06-04,13,2026-06-02 00:00:00,357504,8140,533,1472,review|trending|music,goated channel fine,True
YT100254,the Algorithm Live Performance 2026,Channel_64,Education,IN,2026-02-14,8,2026-02-12 00:00:00,189606,9641,669,1090,trending|gaming,terrible hate amazing worst great worst review upload,False
YT100255,I Tried AI For 24 Hours,Channel_258,Music,AU,2026-02-02,9,2026-02-01 00:00:00,223907,15040,650,584,2026|trending|review|gaming,like waste channel honestly underrated,False
YT100256,OFFICIAL Trailer: the Championship,Channel_261,Science & Technology,AU,2026-01-12,4,2026-01-08 00:00:00,212838,7166,387,1006,new|gaming,amazing content best excellent,False
YT100257,I Tried Robots For 24 Hours,Channel_53,Sports,GB,2026-08-20,3,2026-08-16 00:00:00,382258,15636,985,883,trending|viral|funny|new,awesome okay hate content video content,False
YT100258,Top 10 the Universe Moments,Channel_403,Music,US,2026-01-27,6,2026-01-24 00:00:00,211902,10375,852,834,2026|official|gaming|viral,fire boring love waste,False
YT100259,Robots Full Episode | Highlights,Channel_199,Gaming,CA,2026-04-30,3,2026-04-30 00:00:00,1691569,54280,4206,4561,review|music|viral,review awful underrated,False
YT100260,How the Stock Market Changed Everything,Channel_347,Music,GB,2026-07-01,13,2026-06-28 00:00:00,1074210,55679,2689,3947,gaming|music,upload unwatchable upload comment thoughts,False
YT100261,OFFICIAL Trailer: the Ocean,Channel_191,Gaming,IN,2026-01-24,5,2026-01-24 00:00:00,711821,36820,1792,1264,2026|funny|new|music,channel waste flop perfect,False
YT100262,Learn the Stock Market in 10 Minutes,Channel_378,Comedy,IN,2026-02-04,10,2026-02-03 00:00:00,276944,14089,434,775,funny|music|official|2026,excellent overrated upload,False
YT100263,New York Full Episode | Highlights,Channel_284,Film & Animation,CA,2026-05-26,4,2026-05-22 00:00:00,1273558,92984,11013,8112,music|new,like channel watched,False
YT100264,the Championship Full Episode | Highlights,Channel_36,People & Blogs,AU,2026-02-20,3,2026-02-18 00:00:00,105641,4030,430,626,trending|funny|new|2026,underrated brilliant flop,False
YT100265,my Life REACTION,Channel_158,Music,IN,2026-08-03,13,2026-07-30 00:00:00,236094,10130,687,974,trending|music,channel excellent watched thoughts channel fine comment,False
YT100266,Top 10 the Stock Market Moments,Channel_212,Music,GB,2026-01-03,11,2026-01-03 00:00:00,334227,13840,1312,1673,new|funny|viral,excellent watched channel thoughts review,False
YT100267,the Algorithm Breaking News Update,Channel_456,Film & Animation,AU,2026-01-23,8,2026-01-21 00:00:00,407584,14437,892,2191,new|gaming|funny|viral,honestly goated content,False
YT100268,Learn Robots in 10 Minutes,Channel_1,Science & Technology,US,2026-01-21,14,2026-01-19 00:00:00,347203,19837,1195,1076,new|trending|review|funny,watched content love,False
YT100269,How the Universe Changed Everything,Channel_17,Entertainment,IN,2026-03-09,4,2026-03-06 00:00:00,130676,4877,240,633,new|2026,upload,False
YT100270,OFFICIAL Trailer: the Universe,Channel_278,News & Politics,CA,2026-04-05,6,2026-04-02 00:00:00,236419,14534,802,956,highlights|official|viral,comment upload incredible video like,False
YT100271,the Algorithm vs Everyone | Full Match,Channel_443,People & Blogs,CA,2026-04-22,2,2026-04-19 00:00:00,408271,18132,1548,1563,2026|viral,fine,False
YT100272,Budget Travel Full Episode | Highlights,Channel_443,Entertainment,GB,2026-08-22,13,2026-08-22 00:00:00,130530,8763,906,476,official|review,like content awesome awful like,False
YT100273,the Algorithm Live Performance 2026,Channel_366,Entertainment,GB,2026-05-14,1,2026-05-14 00:00:00,587554,22564,934,1825,highlights|official|funny|gaming,cringe fantastic thoughts love,False
YT100274,the Universe REACTION,Channel_446,People & Blogs,US,2026-02-25,5,2026-02-22 00:00:00,370768,19439,669,1659,official|viral,brilliant fire channel excellent fire,True
YT100275,New York Breaking News Update,Channel_418,Education,US,2026-05-21,14,2026-05-17 00:00:00,138467,3936,198,690,gaming|music,unwatchable watched fire honestly incredible upload best goated excellent,True
YT100276,AI - Official Music Video,Channel_82,Entertainment,GB,2026-05-19,13,2026-05-18 00:00:00,311125,13807,450,1478,official|viral|trending,honestly upload brilliant review channel,False
YT100277,I Tried the Universe For 24 Hours,Channel_373,Film & Animation,US,2026-03-30,11,2026-03-30 00:00:00,338736,12546,1226,819,viral|funny|music,best fantastic honestly terrible fine,False
YT100278,the Final Boss - Official Music Video,Channel_479,People & Blogs,CA,2026-02-22,14,2026-02-22 00:00:00,814008,35862,3475,4203,new|trending|official,best awesome best,False
YT100279,The Truth About TikTok,Channel_375,Gaming,US,2026-08-15,7,2026-08-11 00:00:00,347575,8918,946,1420,review|gaming|trending|viral,underrated perfect watched thoughts channel,False
YT100280,How my Life Changed Everything,Channel_255,Gaming,AU,2026-02-22,2,2026-02-20 00:00:00,32297,1546,52,76,trending|review|highlights,terrible video,False
YT100281,I Tried the World Cup For 24 Hours,Channel_8,Gaming,CA,2026-05-08,11,2026-05-04 00:00:00,392882,18300,2133,1463,official|new|music|2026,fine thoughts upload hate,False
YT100282,The Truth About my Life,Channel_257,Sports,IN,2026-08-10,5,2026-08-07 00:00:00,596507,2982,178,1985,2026|funny,like overrated thoughts unwatchable video,False
YT100283,Learn AI in 10 Minutes,Channel_62,Gaming,IN,2026-08-24,3,2026-08-20 00:00:00,84408,4397,393,248,music|funny,waste cringe honestly,False
YT100284,Learn Street Food in 10 Minutes,Channel_63,Music,US,2026-01-04,5,2026-01-01 00:00:00,1079692,71725,7135,4384,review|funny,incredible fire upload video upload channel video,False
YT100285,Learn my Life in 10 Minutes,Channel_83,Comedy,AU,2026-02-26,8,2026-02-24 00:00:00,284425,10865,1191,1042,music|2026|highlights|gaming,fine watched amazing,False
YT100286,How the Universe Changed Everything,Channel_437,Science & Technology,IN,2026-02-03,9,2026-02-03 00:00:00,286828,19008,1548,1337,gaming|new|music|2026,waste thoughts excellent best honestly,False
YT100287,Top 10 Budget Travel Moments,Channel_98,Science & Technology,CA,2026-05-09,12,2026-05-05 00:00:00,148504,9360,1061,595,trending|2026|music,okay awful watched channel,False
YT100288,The Truth About the Final Boss,Channel_175,Gaming,US,2026-04-25,10,2026-04-22 00:00:00,593763,13949,1103,3882,viral|new|funny|official,video thoughts watched,False
YT100289,OFFICIAL Trailer: the Final Boss,Channel_86,Sports,US,2026-05-27,5,2026-05-27 00:00:00,276671,16315,1441,1857,music|trending|new|review,channel flop goated,False
YT100290,the Stock Market vs Everyone | Full Match,Channel_8,Science & Technology,AU,2026-04-17,8,2026-04-13 00:00:00,107197,7758,645,437,new|2026|music|trending,comment comment goated comment amazing love,False
YT100291,the Ocean Live Performance 2026,Channel_479,Education,US,2026-02-21,4,2026-02-19 00:00:00,277191,8985,719,814,trending|official|2026,review best goated,False
YT100292,Top 10 the Algorithm Moments,Channel_111,Entertainment,AU,2026-06-23,8,2026-06-22 00:00:00,264181,16235,671,849,gaming|review,watched excellent,False
YT100293,the Final Boss vs Everyone | Full Match,Channel_214,Comedy,GB,2026-04-13,2,2026-04-12 00:00:00,989520,49405,3334,4132,music|trending,unwatchable,False
YT100294,OFFICIAL Trailer: my Life,Channel_32,Entertainment,AU,2026-05-08,3,2026-05-04 00:00:00,101743,4722,167,682,music|viral,video awesome worst,False
YT100295,Learn TikTok in 10 Minutes,Channel_16,Music,AU,2026-06-21,14,2026-06-18 00:00:00,431096,16926,1558,2960,2026|official|gaming|funny,fine perfect comment content amazing great,False
YT100296,TikTok REACTION,Channel_337,Comedy,CA,2026-03-05,4,2026-03-05 00:00:00,782399,38934,4583,2781,2026|viral,watched fire fine disappointing video,False
YT100297,Learn Robots in 10 Minutes,Channel_188,Sports,AU,2026-02-28,5,2026-02-28 00:00:00,344020,26710,2877,1165,music|gaming|2026,channel,False
YT100298,my Life vs Everyone | Full Match,Channel_221,People & Blogs,AU,2026-04-05,13,2026-04-05 00:00:00,578208,11884,777,2795,official|trending,like review perfect awful comment,False
YT100299,the Final Boss REACTION,Channel_34,Sports,IN,2026-08-02,13,2026-08-02 00:00:00,98920,6202,483,587,funny|2026,disappointing upload comment great comment,False
YT100300,How the Championship Changed Everything,Channel_317,Comedy,IN,2026-04-12,8,2026-04-09 00:00:00,890638,37139,2854,3392,highlights|viral|2026,like honestly watched disappointing,False
YT100301,Gaming Setup Live Performance 2026,Channel_320,Education,IN,2026-03-06,14,2026-03-05 00:00:00,187519,3790,381,1127,official|funny|review|gaming,perfect content perfect thoughts great comment thoughts,False
YT100302,How Season 5 Changed Everything,Channel_452,Gaming,IN,2026-04-06,13,2026-04-05 00:00:00,64343,2145,175,369,music|trending|review|gaming,fine channel content,False
YT100303,How Season 5 Changed Everything,Channel_443,Music,GB,2026-07-27,2,2026-07-26 00:00:00,431375,2156,202,2326,highlights|official|trending,fine comment upload,False
YT100304,the Universe Live Performance 2026,Channel_276,Sports,IN,2026-06-23,4,2026-06-23 00:00:00,514964,33480,2935,2361,music|2026,best incredible awful boring,False
YT100305,Top 10 the Algorithm Moments,Channel_118,Film & Animation,AU,2026-02-18,12,2026-02-17 00:00:00,576688,24271,2205,1763,trending|official|music|gaming,goated incredible like best,False
YT100306,Learn Budget Travel in 10 Minutes,Channel_10,Gaming,GB,2026-01-01,9,2026-01-01 00:00:00,990638,82094,8345,1887,official|viral,disappointing excellent perfect thoughts,True
YT100307,TikTok vs Everyone | Full Match,Channel_395,Music,GB,2026-02-04,3,2026-02-01 00:00:00,901682,31471,1302,444,viral|new|music|review,review fire review,False
YT100308,I Tried Robots For 24 Hours,Channel_215,Education,US,2026-08-02,12,2026-07-29 00:00:00,380197,16980,1284,2012,new|funny|trending|highlights,goated,False
YT100309,The Truth About the Ocean,Channel_228,Music,IN,2026-05-13,5,2026-05-12 00:00:00,379182,12763,971,2703,2026|viral|trending,video fantastic underrated,False
YT100310,the Algorithm vs Everyone | Full Match,Channel_180,Sports,US,2026-03-10,13,2026-03-06 00:00:00,409365,13097,974,1690,music|trending|highlights,flop fine,False
YT100311,New York REACTION,Channel_176,Entertainment,GB,2026-04-01,6,2026-03-30 00:00:00,496920,22356,1886,1737,highlights|trending|gaming|review,underrated terrible channel goated,False
YT100312,I Tried the Ocean For 24 Hours,Channel_8,News & Politics,IN,2026-07-22,10,2026-07-21 00:00:00,345710,12668,1023,1838,music|highlights|viral|2026,brilliant fantastic content thoughts,False
YT100313,Robots REACTION,Channel_412,People & Blogs,GB,2026-02-18,3,2026-02-18 00:00:00,476777,9189,533,2659,new|review|highlights,channel upload thoughts fire,True
YT100314,Top 10 the Universe Moments,Channel_414,Sports,IN,2026-08-18,12,2026-08-18 00:00:00,360535,22508,2249,1865,funny|official|viral|2026,watched this video,False
YT100315,New York REACTION,Channel_16,Sports,CA,2026-05-13,2,2026-05-11 00:00:00,286291,15548,963,1889,funny|2026|review|gaming,video upload,False
YT100316,Top 10 Street Food Moments,Channel_356,Entertainment,US,2026-03-22,1,2026-03-19 00:00:00,635629,27694,938,4192,review|trending|funny,fantastic okay perfect best review great fire,False
YT100317,Top 10 the Championship Moments,Channel_304,News & Politics,CA,2026-02-08,6,2026-02-07 00:00:00,394079,17211,1336,2596,official|music|highlights|2026,amazing love,False
YT100318,How the Ocean Changed Everything,Channel_65,Comedy,US,2026-04-01,6,2026-03-30 00:00:00,403550,24077,1454,1554,funny|viral|2026|music,review trash upload boring review,False
YT100319,OFFICIAL Trailer: Gaming Setup,Channel_134,Gaming,US,2026-07-31,14,2026-07-29 00:00:00,1108834,50516,2172,4906,funny|official|highlights,love upload trash okay fine,False
YT100320,TikTok Live Performance 2026,Channel_51,Comedy,US,2026-01-27,6,2026-01-24 00:00:00,783987,43589,2113,4525,review|official,comment cringe trash excellent,False
YT100321,Top 10 the Final Boss Moments,Channel_280,Comedy,IN,2026-04-29,11,2026-04-29 00:00:00,153901,9285,836,583,official|viral|gaming,fine content awesome watched cringe,False
YT100322,AI Breaking News Update,Channel_73,News & Politics,US,2026-04-23,13,2026-04-22 00:00:00,451504,15959,1728,1192,highlights|viral|funny|music,honestly,False
YT100323,Street Food Live Performance 2026,Channel_14,Science & Technology,IN,2026-06-10,12,2026-06-08 00:00:00,592730,10078,659,3330,official|gaming|new,review video underrated okay,False
YT100324,I Tried TikTok For 24 Hours,Channel_262,Gaming,AU,2026-07-15,4,2026-07-12 00:00:00,1020830,25848,1839,3404,2026|official,awful review channel okay fine honestly thoughts,False
YT100325,Top 10 Season 5 Moments,Channel_437,Entertainment,CA,2026-01-19,2,2026-01-19 00:00:00,426927,30587,922,2594,highlights|gaming|funny|new,brilliant fine comment waste content,False
YT100326,The Truth About Street Food,Channel_137,Education,IN,2026-01-08,7,2026-01-05 00:00:00,153935,5036,385,823,review|music,comment best like video goated,True
YT100327,Season 5 REACTION,Channel_153,Comedy,AU,2026-03-01,1,2026-02-27 00:00:00,319851,16720,1256,1640,viral|music|official,awesome underrated fine,False
YT100328,the Ocean vs Everyone | Full Match,Channel_76,Science & Technology,AU,2026-08-27,3,2026-08-24 00:00:00,141445,6772,451,773,new|review,video fantastic content,False
YT100329,the Universe Live Performance 2026,Channel_281,Music,GB,2026-07-20,6,2026-07-17 00:00:00,1533311,73604,4674,1313,new|gaming|review|official,content upload review,False
YT100330,New York Breaking News Update,Channel_462,Sports,US,2026-04-12,6,2026-04-10 00:00:00,286243,13547,907,973,funny|2026,amazing comment fire,False
YT100331,the World Cup vs Everyone | Full Match,Channel_463,People & Blogs,GB,2026-05-24,14,2026-05-23 00:00:00,130687,10181,738,468,new|music,watched honestly like,False
YT100332,Budget Travel Live Performance 2026,Channel_370,Education,AU,2026-02-01,8,2026-01-31 00:00:00,178263,5173,504,656,gaming|2026|review,excellent content flop upload fire,False
YT100333,The Truth About New York,Channel_352,Sports,GB,2026-01-15,7,2026-01-12 00:00:00,523871,27322,1262,905,review|gaming|2026,okay watched perfect overrated honestly,False
YT100334,Learn Season 5 in 10 Minutes,Channel_87,Comedy,GB,2026-03-22,3,2026-03-19 00:00:00,88243,4561,405,392,music|highlights|viral,fantastic terrible best,False
YT100335,The Truth About the Ocean,Channel_109,Sports,IN,2026-01-02,13,2026-01-01 00:00:00,199309,5942,667,814,viral|highlights,underrated watched upload,False
YT100336,Top 10 New York Moments,Channel_97,Music,US,2026-03-13,11,2026-03-12 00:00:00,1102920,71382,3847,6258,new|music,amazing review great perfect fire honestly love,False
YT100337,the Universe REACTION,Channel_476,Gaming,CA,2026-04-08,8,2026-04-06 00:00:00,190977,10665,1270,187,new|music|funny|official,watched this video,False
YT100338,New York Breaking News Update,Channel_276,Music,GB,2026-07-25,8,2026-07-22 00:00:00,591573,32038,3522,1196,highlights|2026|viral,awesome,False
YT100339,the Universe - Official Music Video,Channel_207,Entertainment,CA,2026-01-15,5,2026-01-13 00:00:00,370606,16366,586,681,official|gaming|review,video cringe trash okay,False
YT100340,TikTok vs Everyone | Full Match,Channel_85,Comedy,US,2026-07-13,3,2026-07-11 00:00:00,262599,5382,259,1149,gaming|music|highlights,brilliant brilliant,False
YT100341,the World Cup Breaking News Update,Channel_123,Sports,GB,2026-02-20,10,2026-02-18 00:00:00,477990,20933,2134,2862,review|music,waste flop worst underrated content thoughts watched,False
YT100342,the Championship Breaking News Update,Channel_356,Entertainment,GB,2026-01-25,11,2026-01-21 00:00:00,704975,32225,2939,937,music|gaming,worst fine brilliant,False
YT100343,AI REACTION,Channel_333,Film & Animation,IN,2026-08-24,5,2026-08-21 00:00:00,74679,2387,147,169,review|viral,flop upload honestly excellent okay,False
YT100344,Season 5 Live Performance 2026,Channel_108,Sports,CA,2026-04-12,7,2026-04-08 00:00:00,46357,1654,154,245,gaming|music|trending,underrated flop,False
YT100345,OFFICIAL Trailer: Season 5,Channel_379,Gaming,AU,2026-05-02,12,2026-05-02 00:00:00,297086,6764,468,1671,new|highlights|2026,awful honestly review perfect awesome,False
YT100346,the World Cup vs Everyone | Full Match,Channel_258,Science & Technology,US,2026-01-07,14,2026-01-07 00:00:00,247382,5378,575,592,viral|funny|highlights|gaming,channel love,False
YT100347,I Tried the Ocean For 24 Hours,Channel_324,Entertainment,IN,2026-05-06,5,2026-05-03 00:00:00,1393127,75172,7841,10183,2026|review|music,amazing fire fine,False
YT100348,Street Food REACTION,Channel_400,Gaming,US,2026-05-14,3,2026-05-13 00:00:00,462762,32457,3192,1755,funny|viral,like video video,False
YT100349,The Truth About the Universe,Channel_81,Music,US,2026-06-04,9,2026-06-01 00:00:00,437291,32864,2461,1635,highlights|official|new,watched thoughts upload thoughts fantastic,False
YT100350,I Tried the Universe For 24 Hours,Channel_57,Gaming,IN,2026-06-06,7,2026-06-06 00:00:00,1019731,23300,1365,5696,funny|highlights|gaming|official,like,False
YT100351,How my Life Changed Everything,Channel_143,Comedy,AU,2026-07-27,8,2026-07-26 00:00:00,615302,22072,769,3384,viral|review|trending|official,like video awful fire,False
YT100352,Learn AI in 10 Minutes,Channel_219,Entertainment,CA,2026-05-26,9,2026-05-24 00:00:00,650488,33498,3266,3017,gaming|viral|trending|funny,content,False
YT100353,OFFICIAL Trailer: the Final Boss,Channel_390,Education,GB,2026-08-11,2,2026-08-07 00:00:00,208705,8629,802,1081,funny|highlights|viral|trending,review fine unwatchable okay video awesome waste love thoughts,False
YT100354,the World Cup Full Episode | Highlights,Channel_374,Education,CA,2026-03-13,13,2026-03-10 00:00:00,323898,13866,1070,1489,new|2026|music|highlights,terrible video best comment like brilliant,False
YT100355,the Ocean - Official Music Video,Channel_300,Entertainment,AU,2026-04-02,9,2026-04-02 00:00:00,1069001,42558,1333,5069,highlights|trending,honestly okay awesome honestly awesome honestly honestly honestly honestly goated thoughts,False
YT100356,New York vs Everyone | Full Match,Channel_345,Comedy,IN,2026-03-03,8,2026-03-02 00:00:00,82344,2918,151,420,new|music|official,excellent disappointing watched fine okay upload okay,False
YT100357,the Stock Market - Official Music Video,Channel_470,Gaming,IN,2026-07-12,10,2026-07-11 00:00:00,844467,38297,3238,1323,highlights|trending,content trash incredible watched video okay,False
YT100358,OFFICIAL Trailer: the Stock Market,Channel_9,Entertainment,AU,2026-01-26,5,2026-01-24 00:00:00,122977,4400,274,491,funny|2026|viral|gaming,like flop worst awful review,False
YT100359,Street Food REACTION,Channel_194,Gaming,US,2026-01-21,10,2026-01-18 00:00:00,916753,32679,2875,3345,new|viral,okay channel,False
YT100360,Top 10 Season 5 Moments,Channel_405,Gaming,GB,2026-07-02,11,2026-06-30 00:00:00,504615,26374,3073,1450,review|music,brilliant excellent,False
YT100361,my Life vs Everyone | Full Match,Channel_210,Sports,IN,2026-01-15,4,2026-01-13 00:00:00,311967,11838,573,2514,gaming|new|2026,like content content thoughts like,False
YT100362,OFFICIAL Trailer: the Universe,Channel_189,Music,US,2026-03-17,2,2026-03-13 00:00:00,1179825,44720,1711,1457,gaming|highlights|new|music,awesome awful,False
YT100363,OFFICIAL Trailer: Gaming Setup,Channel_16,Music,CA,2026-03-23,3,2026-03-22 00:00:00,738586,55539,4639,834,review|viral|new,unwatchable cringe review,False
YT100364,the Championship REACTION,Channel_419,Comedy,CA,2026-04-24,3,2026-04-23 00:00:00,356199,12821,641,1787,music|new,honestly comment fantastic video,False
YT100365,Learn the World Cup in 10 Minutes,Channel_420,Gaming,CA,2026-04-02,9,2026-03-30 00:00:00,1184555,39615,3699,3952,highlights|gaming|review|new,channel goated perfect flop,False
YT100366,Budget Travel Live Performance 2026,Channel_337,Sports,IN,2026-08-10,8,2026-08-09 00:00:00,589225,28304,2137,1430,official|trending|viral|highlights,review brilliant,False
YT100367,The Truth About the Universe,Channel_12,Film & Animation,GB,2026-03-08,14,2026-03-04 00:00:00,128823,8463,973,559,highlights|new,content content unwatchable awesome boring hate,False
YT100368,The Truth About Season 5,Channel_71,Film & Animation,CA,2026-07-06,10,2026-07-06 00:00:00,357783,17199,936,1650,music|2026|funny|highlights,okay underrated amazing,False
YT100369,the Algorithm - Official Music Video,Channel_143,News & Politics,AU,2026-02-22,5,2026-02-20 00:00:00,115416,3933,307,514,review|2026|trending|music,upload underrated incredible great overrated,False
YT100370,the Stock Market REACTION,Channel_342,Education,AU,2026-05-24,4,2026-05-23 00:00:00,219424,10682,597,852,2026|gaming|highlights|review,cringe thoughts video goated comment review content,False
YT100371,Robots Full Episode | Highlights,Channel_301,Comedy,CA,2026-03-31,8,2026-03-28 00:00:00,808603,29368,2657,2969,official|review|viral|music,review waste,False
YT100372,TikTok Full Episode | Highlights,Channel_432,Music,CA,2026-04-12,6,2026-04-11 00:00:00,433590,11666,647,2922,funny|viral|2026|review,fire channel review,False
YT100373,my Life REACTION,Channel_378,People & Blogs,US,2026-05-16,1,2026-05-15 00:00:00,371337,9416,700,1098,review|music,fantastic underrated comment goated terrible,False
YT100374,I Tried Season 5 For 24 Hours,Channel_245,Education,US,2026-01-29,7,2026-01-29 00:00:00,451378,23503,2612,2666,trending|funny|official|gaming,content channel watched boring,False
YT100375,The Truth About the Algorithm,Channel_52,Music,AU,2026-05-16,5,2026-05-14 00:00:00,71321,3818,316,142,2026|viral|funny,watched fire comment watched waste,False
YT100376,How Budget Travel Changed Everything,Channel_35,Education,AU,2026-03-05,9,2026-03-05 00:00:00,316789,10504,943,468,highlights|music,brilliant honestly okay,False
YT100377,the Championship - Official Music Video,Channel_445,Film & Animation,GB,2026-01-31,13,2026-01-27 00:00:00,616788,40737,2662,1963,new|music|funny|trending,fire flop fire honestly,True
YT100378,the Final Boss Live Performance 2026,Channel_274,News & Politics,GB,2026-08-03,11,2026-08-01 00:00:00,443928,23530,2240,2769,gaming|new|viral,amazing honestly excellent channel incredible honestly,False
YT100379,the Stock Market REACTION,Channel_268,Music,AU,2026-06-08,2,2026-06-04 00:00:00,1140085,78468,4236,5989,gaming|trending|official,best review review upload video waste,False
YT100380,Season 5 REACTION,Channel_64,Film & Animation,IN,2026-05-10,13,2026-05-08 00:00:00,178354,8815,357,531,2026|gaming,upload,False
YT100381,TikTok Breaking News Update,Channel_203,News & Politics,GB,2026-05-11,13,2026-05-10 00:00:00,681825,25805,2701,2168,review|2026,goated fine okay,False
YT100382,the World Cup Full Episode | Highlights,Channel_233,Comedy,IN,2026-04-19,1,2026-04-16 00:00:00,617827,36355,4248,1988,official|funny,honestly awesome trash,False
YT100383,Top 10 the Championship Moments,Channel_70,Gaming,US,2026-04-17,4,2026-04-13 00:00:00,161564,10375,428,535,new|2026|trending,hate honestly perfect upload terrible video,False
YT100384,the Universe - Official Music Video,Channel_314,Film & Animation,US,2026-07-31,8,2026-07-28 00:00:00,149841,6555,262,908,trending|highlights|2026,overrated upload video perfect,False
YT100385,Top 10 the Stock Market Moments,Channel_298,Comedy,IN,2026-02-27,7,2026-02-27 00:00:00,188209,12379,1152,780,highlights|trending,disappointing like awesome thoughts,False
YT100386,the Algorithm Breaking News Update,Channel_423,Entertainment,AU,2026-04-17,11,2026-04-13 00:00:00,613597,39186,2792,1963,new|highlights|2026|official,best watched review,False
YT100387,TikTok - Official Music Video,Channel_266,Entertainment,IN,2026-08-22,7,2026-08-20 00:00:00,548966,18187,1154,2555,music|gaming|review,review perfect flop perfect video,False
YT100388,Street Food Live Performance 2026,Channel_25,Sports,CA,2026-02-27,9,2026-02-27 00:00:00,574077,25240,1504,2157,gaming|music|review|trending,fine like okay perfect watched fantastic,False
YT100389,Top 10 the Final Boss Moments,Channel_293,Gaming,IN,2026-06-01,10,2026-05-29 00:00:00,1798954,46916,2101,10475,official|2026|music,great okay,False
YT100390,the World Cup Full Episode | Highlights,Channel_388,Comedy,CA,2026-01-18,5,2026-01-14 00:00:00,119983,4727,233,311,2026|funny,okay comment fire okay watched,False
YT100391,Robots vs Everyone | Full Match,Channel_315,People & Blogs,IN,2026-06-24,6,2026-06-22 00:00:00,477296,15750,1109,1932,funny|music,incredible excellent comment terrible channel great video content honestly,False
YT100392,Budget Travel Full Episode | Highlights,Channel_205,Comedy,GB,2026-07-15,1,2026-07-15 00:00:00,257783,7353,367,1162,viral|trending|2026|new,watched this video,False
YT100393,Season 5 REACTION,Channel_153,Music,CA,2026-08-07,4,2026-08-06 00:00:00,340221,17942,1496,1092,2026|funny|official,fine honestly,False
YT100394,AI Breaking News Update,Channel_135,Film & Animation,IN,2026-03-25,3,2026-03-23 00:00:00,293558,15771,1679,985,2026|music|new|gaming,content video watched terrible okay underrated flop amazing,False
YT100395,Gaming Setup vs Everyone | Full Match,Channel_204,Entertainment,CA,2026-02-03,11,2026-01-30 00:00:00,942507,12481,1052,3755,viral|highlights|trending|gaming,unwatchable excellent terrible,False
YT100396,The Truth About Street Food,Channel_332,Music,US,2026-08-17,12,2026-08-15 00:00:00,924246,29251,1508,2376,viral|2026|highlights|music,thoughts okay overrated thoughts,False
YT100397,Learn TikTok in 10 Minutes,Channel_330,Entertainment,CA,2026-07-06,13,2026-07-06 00:00:00,264769,10111,389,1423,trending|music,terrible,False
YT100398,The Truth About the Championship,Channel_156,News & Politics,IN,2026-04-18,2,2026-04-15 00:00:00,466495,20264,753,1381,2026|viral|official|new,review terrible upload,False
YT100399,Learn the Algorithm in 10 Minutes,Channel_351,Sports,US,2026-08-27,10,2026-08-25 00:00:00,239945,12169,1127,945,viral|funny|gaming|review,fire excellent fine underrated,False
YT100400,OFFICIAL Trailer: the Final Boss,Channel_311,Entertainment,IN,2026-01-15,5,2026-01-13 00:00:00,439858,26681,1771,1883,review|new|viral|official,review watched disappointing okay,False
YT100401,Season 5 Full Episode | Highlights,Channel_92,Sports,GB,2026-07-16,3,2026-07-14 00:00:00,706301,37949,1376,3035,2026|highlights,great boring overrated comment upload,False
YT100402,Learn Season 5 in 10 Minutes,Channel_466,Sports,AU,2026-01-06,3,2026-01-04 00:00:00,120221,6206,312,547,gaming|trending|review,channel disappointing awful upload upload awesome love,False
YT100403,the Stock Market Breaking News Update,Channel_250,News & Politics,GB,2026-06-11,6,2026-06-11 00:00:00,397760,14470,1448,1390,funny|official|music,review watched,False
YT100404,How the Universe Changed Everything,Channel_437,Comedy,IN,2026-04-21,7,2026-04-20 00:00:00,232435,12639,876,1454,2026|funny|music|trending,channel fine awful brilliant awesome channel,False
YT100405,OFFICIAL Trailer: the Universe,Channel_307,Education,IN,2026-06-29,9,2026-06-26 00:00:00,253447,5981,566,1203,music|official,excellent like underrated,False
YT100406,I Tried TikTok For 24 Hours,Channel_115,Film & Animation,US,2026-03-14,10,2026-03-11 00:00:00,237008,1185,69,842,trending|2026,watched,False
YT100407,Budget Travel vs Everyone | Full Match,Channel_71,Film & Animation,GB,2026-01-17,2,2026-01-17 00:00:00,192922,11932,1079,967,funny|viral|review,video okay video perfect comment great excellent,False
YT100408,I Tried the World Cup For 24 Hours,Channel_354,Gaming,GB,2026-04-28,12,2026-04-26 00:00:00,834791,27853,2101,2755,viral|official|highlights|trending,like honestly okay,False
YT100409,TikTok Full Episode | Highlights,Channel_231,News & Politics,CA,2026-01-22,10,2026-01-21 00:00:00,225817,8981,910,1240,new|review|highlights|gaming,thoughts watched video perfect upload fine,False
YT100410,How AI Changed Everything,Channel_336,Entertainment,IN,2026-07-12,1,2026-07-12 00:00:00,203428,10163,991,770,music|trending|viral|official,comment awesome review thoughts awesome goated,False
YT100411,Top 10 the Ocean Moments,Channel_403,Education,GB,2026-08-27,7,2026-08-25 00:00:00,273532,11345,929,930,funny|official,thoughts waste goated overrated comment excellent,False
YT100412,I Tried Robots For 24 Hours,Channel_279,Music,AU,2026-07-23,4,2026-07-19 00:00:00,136567,2807,142,748,viral|2026|official|highlights,content incredible fire incredible fine upload,False
YT100413,my Life Live Performance 2026,Channel_263,Sports,US,2026-04-29,8,2026-04-26 00:00:00,691260,34167,3351,3174,official|highlights|viral|review,watched worst,False
YT100414,the Algorithm - Official Music Video,Channel_398,Gaming,GB,2026-05-27,6,2026-05-24 00:00:00,160150,5740,436,537,new|2026|funny,great content review excellent,False
YT100415,Season 5 - Official Music Video,Channel_111,Gaming,CA,2026-01-16,7,2026-01-14 00:00:00,364871,7418,820,1344,2026|music,like,False
YT100416,How the Stock Market Changed Everything,Channel_247,Sports,AU,2026-05-29,14,2026-05-26 00:00:00,224936,8374,352,852,official|trending|2026,waste content like,False
YT100417,Season 5 Full Episode | Highlights,Channel_96,Film & Animation,AU,2026-06-19,11,2026-06-15 00:00:00,260057,8992,438,1415,highlights|gaming,brilliant fire cringe review watched thoughts hate,False
YT100418,AI Breaking News Update,Channel_413,Education,AU,2026-06-19,13,2026-06-19 00:00:00,276847,9351,394,1021,review|new|trending,great incredible hate brilliant,False
YT100419,Gaming Setup vs Everyone | Full Match,Channel_216,Education,IN,2026-01-09,4,2026-01-05 00:00:00,43229,1383,134,161,music|gaming|viral,watched,False
YT100420,OFFICIAL Trailer: Budget Travel,Channel_181,Gaming,US,2026-01-21,8,2026-01-20 00:00:00,384662,15715,604,1127,review|gaming|highlights,watched fine watched upload thoughts,False
YT100421,the Final Boss - Official Music Video,Channel_136,People & Blogs,AU,2026-02-04,6,2026-02-04 00:00:00,333800,12822,1217,1171,gaming|highlights,channel great honestly goated comment,False
YT100422,Street Food Breaking News Update,Channel_31,Gaming,GB,2026-02-28,12,2026-02-26 00:00:00,202785,7711,740,999,trending|2026,watched this video,False
YT100423,TikTok - Official Music Video,Channel_308,Sports,IN,2026-07-22,8,2026-07-21 00:00:00,1099109,31251,2814,5111,trending|funny,okay thoughts okay excellent honestly thoughts,False
YT100424,I Tried my Life For 24 Hours,Channel_405,Music,IN,2026-08-09,5,2026-08-05 00:00:00,1280757,69073,4493,6273,viral|highlights,fire fine worst,False
YT100425,New York Live Performance 2026,Channel_195,Comedy,GB,2026-01-06,13,2026-01-03 00:00:00,419189,22402,1032,1609,review|2026|gaming|viral,incredible trash perfect fantastic thoughts,False
YT100426,The Truth About Gaming Setup,Channel_304,Comedy,CA,2026-04-28,7,2026-04-28 00:00:00,212484,6537,668,971,music|official|trending|review,trash honestly comment watched amazing,False
YT100427,Robots vs Everyone | Full Match,Channel_217,Sports,IN,2026-04-12,7,2026-04-09 00:00:00,235498,5322,620,882,music|2026|gaming|review,like perfect like review great,False
YT100428,TikTok - Official Music Video,Channel_345,Music,US,2026-03-03,3,2026-02-28 00:00:00,594587,18656,1050,2279,music|2026|review|official,thoughts flop perfect,False
YT100429,I Tried Street Food For 24 Hours,Channel_220,People & Blogs,IN,2026-03-01,3,2026-03-01 00:00:00,915903,43443,3936,4206,gaming|highlights|viral|review,hate incredible awesome fire,True
YT100430,Learn AI in 10 Minutes,Channel_390,Gaming,CA,2026-02-22,2,2026-02-22 00:00:00,555120,22882,1989,3187,2026|trending|gaming|funny,video fine incredible content fine upload,False
YT100431,AI - Official Music Video,Channel_164,Education,IN,2026-01-20,7,2026-01-16 00:00:00,204787,8514,624,1008,gaming|new|music,excellent fire,False
YT100432,Gaming Setup REACTION,Channel_497,Science & Technology,US,2026-04-30,10,2026-04-30 00:00:00,350146,14013,473,954,2026|official|music|funny,best upload fine excellent like,False
YT100433,OFFICIAL Trailer: the World Cup,Channel_134,Comedy,AU,2026-03-28,11,2026-03-26 00:00:00,594367,43575,2803,1516,review|gaming,comment video upload unwatchable unwatchable like,False
YT100434,Learn the Championship in 10 Minutes,Channel_365,Comedy,AU,2026-03-29,10,2026-03-26 00:00:00,566612,26021,1784,2705,music|highlights|review|gaming,fine fire comment great,False
YT100435,the Championship Full Episode | Highlights,Channel_47,Science & Technology,AU,2026-07-10,6,2026-07-10 00:00:00,504019,23747,1485,863,official|viral|new|music,video honestly,False
YT100436,the Universe Live Performance 2026,Channel_310,Entertainment,US,2026-01-21,14,2026-01-20 00:00:00,845494,13758,994,4520,music|gaming,honestly disappointing fine fire,False
YT100437,Learn the Ocean in 10 Minutes,Channel_163,News & Politics,CA,2026-07-03,8,2026-07-01 00:00:00,114959,4665,372,347,highlights|review|trending,fine,False
YT100438,Budget Travel Full Episode | Highlights,Channel_242,Music,IN,2026-05-05,5,2026-05-04 00:00:00,382527,20544,1004,1288,highlights|review|funny,okay waste channel video okay,False
YT100439,my Life Live Performance 2026,Channel_168,Science & Technology,US,2026-07-19,10,2026-07-19 00:00:00,498078,21349,1162,2682,review|official|gaming,upload,False
YT100440,Learn Budget Travel in 10 Minutes,Channel_307,Film & Animation,CA,2026-07-30,14,2026-07-29 00:00:00,460974,15259,1442,1030,2026|new|highlights|review,worst channel channel,False
YT100441,The Truth About Budget Travel,Channel_51,Education,GB,2026-01-10,12,2026-01-08 00:00:00,522889,38763,3079,1365,gaming|music,like channel content underrated,True
YT100442,the Championship Breaking News Update,Channel_137,News & Politics,US,2026-02-24,7,2026-02-24 00:00:00,183269,10691,1174,1103,gaming|highlights,underrated like,False
YT100443,The Truth About the Algorithm,Channel_19,Entertainment,IN,2026-08-06,13,2026-08-05 00:00:00,833776,47134,2252,1035,new|review|2026,thoughts hate review flop,False
YT100444,Budget Travel - Official Music Video,Channel_489,News & Politics,US,2026-04-01,11,2026-04-01 00:00:00,352607,11575,534,1633,2026|highlights,thoughts channel,False
YT100445,New York - Official Music Video,Channel_249,Science & Technology,GB,2026-03-05,10,2026-03-01 00:00:00,589229,6563,498,2272,2026|highlights,awesome comment okay goated goated video brilliant upload excellent honestly,False
YT100446,my Life Live Performance 2026,Channel_136,Science & Technology,IN,2026-03-07,11,2026-03-03 00:00:00,420899,21419,2219,2434,gaming|music,love thoughts fine like,False
YT100447,How the Final Boss Changed Everything,Channel_153,Gaming,US,2026-06-16,11,2026-06-15 00:00:00,256814,16172,1171,917,gaming|funny|new,thoughts content watched,True
YT100448,Season 5 - Official Music Video,Channel_413,People & Blogs,IN,2026-03-07,3,2026-03-06 00:00:00,138129,6615,526,356,highlights|music|review|new,goated awful love fine,False
YT100449,AI REACTION,Channel_208,Gaming,CA,2026-04-01,13,2026-03-31 00:00:00,226710,10351,1171,410,official|2026,review disappointing review unwatchable comment boring video watched,False
YT100450,Top 10 the Ocean Moments,Channel_179,Education,US,2026-03-28,1,2026-03-26 00:00:00,336820,4626,257,1665,funny|new|highlights|music,best content awful,False
YT100451,The Truth About TikTok,Channel_193,Science & Technology,CA,2026-03-08,2,2026-03-08 00:00:00,158060,4960,195,739,new|viral|review|trending,review fine,False
YT100452,The Truth About Gaming Setup,Channel_233,Gaming,GB,2026-02-20,13,2026-02-20 00:00:00,291207,10753,611,995,2026|gaming|trending,watched thoughts,False
YT100453,the Stock Market Breaking News Update,Channel_73,Comedy,US,2026-08-06,8,2026-08-03 00:00:00,367780,15749,1261,1403,2026|funny|gaming|highlights,awful video comment like fine,False
YT100454,The Truth About Robots,Channel_295,Gaming,US,2026-08-23,7,2026-08-22 00:00:00,666813,15736,898,3724,new|official|music,great worst hate,False
YT100455,Gaming Setup Breaking News Update,Channel_315,Sports,US,2026-07-26,9,2026-07-23 00:00:00,316514,9569,554,2481,new|official|highlights|2026,goated love like,False
YT100456,Street Food Breaking News Update,Channel_224,Gaming,GB,2026-05-03,4,2026-05-02 00:00:00,280861,11582,727,782,gaming|review|official,boring boring channel hate flop,False
YT100457,The Truth About New York,Channel_13,Education,AU,2026-04-08,2,2026-04-08 00:00:00,382395,13247,1368,1187,trending|viral,review perfect terrible,False
YT100458,The Truth About New York,Channel_400,Gaming,CA,2026-07-24,1,2026-07-22 00:00:00,548299,19389,886,1485,viral|review|gaming|official,fine channel fine unwatchable goated disappointing amazing underrated,False
YT100459,AI Full Episode | Highlights,Channel_283,Gaming,US,2026-08-25,2,2026-08-25 00:00:00,182221,6715,657,538,new|official,upload fantastic goated,False
YT100460,I Tried Robots For 24 Hours,Channel_10,Music,GB,2026-05-25,2,2026-05-23 00:00:00,442608,12068,1148,1500,highlights|review|viral|music,okay review fire,False
YT100461,The Truth About the Final Boss,Channel_154,Music,AU,2026-05-08,11,2026-05-04 00:00:00,1644183,91171,9626,13239,new|2026,comment great watched goated,False
YT100462,OFFICIAL Trailer: AI,Channel_370,Sports,CA,2026-08-03,11,2026-07-30 00:00:00,256123,9429,756,1442,official|highlights,okay watched perfect disappointing review,False
YT100463,the Stock Market vs Everyone | Full Match,Channel_469,Music,AU,2026-05-02,7,2026-05-02 00:00:00,702370,19193,1692,3265,official|review,worst underrated best upload,False
YT100464,Learn Gaming Setup in 10 Minutes,Channel_422,Sports,GB,2026-04-14,4,2026-04-12 00:00:00,560788,32995,1784,1029,official|trending|review|2026,cringe best excellent incredible great,False
YT100465,Top 10 New York Moments,Channel_133,Comedy,GB,2026-03-31,9,2026-03-27 00:00:00,397191,16827,1401,1650,review|viral|official|new,content honestly boring fine okay,False
YT100466,How the Stock Market Changed Everything,Channel_20,Entertainment,US,2026-04-23,14,2026-04-23 00:00:00,906637,36350,4071,4231,official|trending|gaming,honestly brilliant,True
YT100467,OFFICIAL Trailer: the Championship,Channel_77,Entertainment,IN,2026-05-15,6,2026-05-12 00:00:00,99683,6464,257,393,highlights|viral,okay content thoughts best fine video goated incredible amazing,False
YT100468,the Championship Breaking News Update,Channel_330,Film & Animation,AU,2026-02-19,7,2026-02-15 00:00:00,470720,33214,2393,2347,highlights|review|2026|trending,like watched great excellent,False
YT100469,I Tried my Life For 24 Hours,Channel_466,News & Politics,IN,2026-06-24,4,2026-06-23 00:00:00,335491,19724,990,1898,review|music|gaming,hate,False
YT100470,TikTok Full Episode | Highlights,Channel_243,Music,GB,2026-04-15,8,2026-04-15 00:00:00,971946,48612,5537,4642,viral|trending,love amazing great amazing,False
YT100471,Top 10 TikTok Moments,Channel_17,Sports,AU,2026-01-07,9,2026-01-04 00:00:00,197249,9709,961,806,trending|highlights|2026|gaming,honestly perfect video hate flop,False
YT100472,the World Cup - Official Music Video,Channel_167,Entertainment,US,2026-04-20,3,2026-04-17 00:00:00,623839,24487,2692,2050,new|viral|music|gaming,cringe like fantastic content fantastic brilliant,False
YT100473,the Universe Breaking News Update,Channel_124,Gaming,CA,2026-07-15,10,2026-07-11 00:00:00,259692,11894,540,527,music|highlights|trending|official,upload thoughts incredible waste underrated overrated,False
YT100474,The Truth About Robots,Channel_342,Education,IN,2026-03-05,11,2026-03-04 00:00:00,293955,19252,891,1800,official|highlights,okay fantastic perfect honestly upload,False
YT100475,The Truth About TikTok,Channel_383,People & Blogs,AU,2026-02-23,10,2026-02-23 00:00:00,589340,35160,3865,2840,new|official|review,underrated underrated video content fine,False
YT100476,Gaming Setup Breaking News Update,Channel_115,Music,IN,2026-07-26,14,2026-07-24 00:00:00,815934,47692,4758,5230,music|gaming|funny,terrible great incredible love,False
YT100477,my Life Breaking News Update,Channel_291,Education,AU,2026-04-13,6,2026-04-10 00:00:00,362002,18142,2057,1623,trending|new,upload review like incredible,False
YT100478,OFFICIAL Trailer: the Championship,Channel_89,News & Politics,CA,2026-03-03,1,2026-02-27 00:00:00,82858,4257,316,205,official|viral,waste content,False
YT100479,I Tried Season 5 For 24 Hours,Channel_268,Music,AU,2026-01-12,8,2026-01-08 00:00:00,469565,19533,1308,2335,trending|gaming|official|funny,excellent content underrated channel,False
YT100480,TikTok vs Everyone | Full Match,Channel_354,Education,CA,2026-04-08,9,2026-04-06 00:00:00,355509,14503,1240,1584,funny|2026,hate fine video best fine,False
YT100481,the Ocean REACTION,Channel_181,Science & Technology,IN,2026-04-22,7,2026-04-18 00:00:00,212919,12686,777,494,gaming|viral,comment amazing fine disappointing awesome,False
YT100482,The Truth About Street Food,Channel_432,Comedy,AU,2026-03-26,4,2026-03-26 00:00:00,142036,5993,427,702,viral|2026,fantastic content video worst watched,False
YT100483,New York Breaking News Update,Channel_313,People & Blogs,US,2026-07-29,12,2026-07-25 00:00:00,672353,25275,1064,1075,funny|review|highlights,fire fine love underrated,False
YT100484,the Universe Full Episode | Highlights,Channel_177,Film & Animation,GB,2026-04-02,11,2026-04-02 00:00:00,751968,33189,3622,2609,official|gaming|highlights,video comment amazing unwatchable unwatchable video,False
YT100485,the Ocean Live Performance 2026,Channel_454,Entertainment,AU,2026-01-13,7,2026-01-12 00:00:00,343829,9822,770,962,gaming|highlights|new,content review underrated upload channel,False
YT100486,New York - Official Music Video,Channel_386,News & Politics,CA,2026-08-22,12,2026-08-20 00:00:00,389253,10291,454,2415,review|official|new,watched this video,False
YT100487,Top 10 TikTok Moments,Channel_472,News & Politics,CA,2026-03-19,13,2026-03-15 00:00:00,329754,16200,1380,708,gaming|highlights|2026,fire honestly comment,False
YT100488,Learn my Life in 10 Minutes,Channel_158,Entertainment,US,2026-03-13,13,2026-03-13 00:00:00,206316,10736,1165,1572,trending|viral,worst channel fine awful,False
YT100489,the Algorithm Full Episode | Highlights,Channel_105,Science & Technology,CA,2026-04-11,7,2026-04-09 00:00:00,648152,27268,1764,2665,music|funny|review,honestly upload comment overrated best,False
YT100490,The Truth About my Life,Channel_467,Sports,AU,2026-05-01,11,2026-04-30 00:00:00,989622,38938,4658,4220,2026|review,boring like okay,False
YT100491,AI - Official Music Video,Channel_133,Comedy,CA,2026-06-05,4,2026-06-04 00:00:00,111546,3796,347,192,new|gaming|music|official,video waste video upload,False
YT100492,The Truth About Robots,Channel_28,Gaming,AU,2026-02-17,11,2026-02-15 00:00:00,839555,51045,5591,3365,highlights|funny|trending,honestly underrated content,False
YT100493,the Stock Market Full Episode | Highlights,Channel_400,Music,AU,2026-05-20,8,2026-05-17 00:00:00,1024602,26365,2066,2690,gaming|trending|2026|viral,waste,False
YT100494,the Final Boss Live Performance 2026,Channel_442,Film & Animation,AU,2026-03-01,13,2026-02-28 00:00:00,132525,4897,555,184,gaming|new,love disappointing comment review thoughts,False
YT100495,Top 10 my Life Moments,Channel_453,Science & Technology,US,2026-03-24,12,2026-03-22 00:00:00,322913,25743,1542,1392,review|music|viral,thoughts fantastic content,False
YT100496,How Robots Changed Everything,Channel_46,Gaming,AU,2026-05-25,13,2026-05-25 00:00:00,215600,13848,1360,1180,trending|review|official|2026,comment okay awesome,False
YT100497,Season 5 Full Episode | Highlights,Channel_325,Music,GB,2026-08-14,8,2026-08-14 00:00:00,704385,28441,1892,3208,2026|gaming|highlights,thoughts incredible okay love like okay awesome like,False
YT100498,How the Championship Changed Everything,Channel_264,Film & Animation,GB,2026-05-03,6,2026-05-02 00:00:00,215535,2180,71,1179,viral|review|music,upload okay video,False
YT100499,OFFICIAL Trailer: Season 5,Channel_176,Comedy,US,2026-04-25,7,2026-04-22 00:00:00,25821,1021,43,94,viral|2026,fine upload perfect video flop,False
YT100500,I Tried Season 5 For 24 Hours,Channel_113,Gaming,US,2026-04-28,10,2026-04-26 00:00:00,1144846,22847,2259,5512,viral|official|music|highlights,brilliant,False
YT100501,Season 5 - Official Music Video,Channel_71,Comedy,GB,2026-01-29,12,2026-01-25 00:00:00,64558,1981,177,206,music|new|2026|official,awesome fine,False
YT100502,The Truth About New York,Channel_324,Gaming,GB,2026-08-14,13,2026-08-13 00:00:00,249441,12508,1179,755,review|funny|new|gaming,underrated fine fine fantastic cringe,False
YT100503,the Ocean REACTION,Channel_285,Sports,AU,2026-03-29,9,2026-03-27 00:00:00,481315,17215,760,2203,new|viral,overrated watched overrated,False
YT100504,Learn the Algorithm in 10 Minutes,Channel_233,Gaming,AU,2026-03-17,13,2026-03-13 00:00:00,688193,27158,2995,2167,music|viral|highlights|review,comment goated video thoughts channel,False
YT100505,How Robots Changed Everything,Channel_336,Film & Animation,GB,2026-01-05,4,2026-01-05 00:00:00,505261,21702,1233,2361,gaming|music|viral|funny,fine fine,False
YT100506,I Tried Season 5 For 24 Hours,Channel_362,Gaming,GB,2026-06-19,4,2026-06-19 00:00:00,97797,6256,350,352,official|music|funny,disappointing fantastic video flop video review content boring fantastic like video hate,False
YT100507,Street Food Breaking News Update,Channel_193,Gaming,IN,2026-01-25,12,2026-01-24 00:00:00,364000,18277,1352,885,official|viral|music,brilliant incredible waste thoughts unwatchable honestly,False
YT100508,Season 5 vs Everyone | Full Match,Channel_466,News & Politics,CA,2026-04-07,12,2026-04-03 00:00:00,368592,7545,253,966,highlights|funny|official|review,incredible,False
YT100509,AI - Official Music Video,Channel_247,Comedy,US,2026-06-13,4,2026-06-10 00:00:00,754922,45608,2396,3756,new|highlights|official|review,like amazing incredible video excellent,False
YT100510,Street Food vs Everyone | Full Match,Channel_209,Gaming,US,2026-08-19,7,2026-08-17 00:00:00,1199970,47652,1579,6061,funny|trending|official,fine great love upload,False
YT100511,Season 5 Live Performance 2026,Channel_218,Comedy,IN,2026-03-25,13,2026-03-24 00:00:00,47118,1736,147,146,music|trending|new,review thoughts amazing,False
YT100512,Gaming Setup Full Episode | Highlights,Channel_402,Music,AU,2026-02-07,12,2026-02-04 00:00:00,91582,2955,189,368,funny|new|official|review,great great overrated incredible review review upload video comment,False
YT100513,the Algorithm Breaking News Update,Channel_28,People & Blogs,IN,2026-02-24,9,2026-02-22 00:00:00,235950,10963,695,296,viral|2026,great comment review unwatchable awful upload awful,False
YT100514,Season 5 Full Episode | Highlights,Channel_264,Gaming,US,2026-07-02,13,2026-06-30 00:00:00,519057,22487,2010,2601,gaming|music|viral|official,video flop watched fantastic unwatchable brilliant,False
YT100515,Learn Season 5 in 10 Minutes,Channel_27,Gaming,GB,2026-06-10,5,2026-06-09 00:00:00,821954,41392,2964,164,music|gaming|review|new,review,False
YT100516,TikTok - Official Music Video,Channel_351,Sports,GB,2026-07-19,8,2026-07-16 00:00:00,406217,16034,846,2978,gaming|trending|highlights,watched best goated awesome excellent great amazing content,False
YT100517,How the Universe Changed Everything,Channel_389,People & Blogs,GB,2026-07-11,12,2026-07-08 00:00:00,552262,23506,2412,2614,official|review,watched this video,False
YT100518,TikTok vs Everyone | Full Match,Channel_39,Entertainment,AU,2026-02-25,2,2026-02-21 00:00:00,559101,25571,2907,3139,viral|highlights,overrated review thoughts content,False
YT100519,the Algorithm vs Everyone | Full Match,Channel_73,News & Politics,IN,2026-03-22,3,2026-03-18 00:00:00,473378,12220,1238,3142,new|trending,flop channel fine,False
YT100520,the World Cup - Official Music Video,Channel_330,Music,CA,2026-07-27,10,2026-07-24 00:00:00,1335491,46158,4313,5022,viral|official|highlights|2026,upload thoughts excellent flop fine,False
YT100521,Learn the World Cup in 10 Minutes,Channel_14,Music,AU,2026-08-15,10,2026-08-11 00:00:00,505644,22330,868,3194,review|music,comment awesome content awful awful upload like,False
YT100522,The Truth About Robots,Channel_91,Education,US,2026-04-06,12,2026-04-03 00:00:00,480565,17146,1644,2736,new|highlights|viral,okay content boring amazing video,False
YT100523,OFFICIAL Trailer: Season 5,Channel_233,People & Blogs,CA,2026-07-10,2,2026-07-08 00:00:00,503083,20997,708,1597,trending|funny,excellent awesome hate thoughts disappointing content,False
YT100524,Budget Travel Full Episode | Highlights,Channel_224,Music,IN,2026-03-19,1,2026-03-17 00:00:00,191272,6431,381,484,funny|new,excellent goated,False
YT100525,Gaming Setup vs Everyone | Full Match,Channel_376,Gaming,CA,2026-01-12,8,2026-01-12 00:00:00,1270343,42358,1796,6729,viral|official|gaming,love upload underrated content,False
YT100526,the World Cup - Official Music Video,Channel_4,Gaming,US,2026-02-27,13,2026-02-26 00:00:00,535777,18879,809,1533,funny|trending,fantastic terrible love incredible watched video,False
YT100527,Learn my Life in 10 Minutes,Channel_121,Music,AU,2026-03-25,9,2026-03-23 00:00:00,775944,30844,3174,3829,music|trending|viral,channel,False
YT100528,the Final Boss Live Performance 2026,Channel_32,Music,US,2026-08-05,10,2026-08-05 00:00:00,124879,3172,282,441,viral|2026|funny,like channel,False
YT100529,Robots vs Everyone | Full Match,Channel_167,Film & Animation,IN,2026-01-07,6,2026-01-06 00:00:00,383228,27700,2567,1546,official|trending|2026,like channel video okay best best honestly worst,False
YT100530,Season 5 - Official Music Video,Channel_439,News & Politics,IN,2026-02-07,11,2026-02-04 00:00:00,140463,6083,727,783,funny|trending,upload awful comment fine,False
YT100531,OFFICIAL Trailer: TikTok,Channel_498,News & Politics,IN,2026-03-06,1,2026-03-05 00:00:00,153708,9797,1071,522,viral|trending|new,fine brilliant,False
YT100532,Learn Street Food in 10 Minutes,Channel_240,News & Politics,GB,2026-01-21,10,2026-01-18 00:00:00,258104,8724,909,861,viral|new|music,fire disappointing boring waste comment fire thoughts,False
YT100533,OFFICIAL Trailer: the Universe,Channel_121,Film & Animation,CA,2026-06-02,12,2026-05-31 00:00:00,297618,14470,1589,1918,gaming|highlights|funny|official,honestly upload fire like,False
YT100534,Top 10 New York Moments,Channel_186,Gaming,GB,2026-01-12,4,2026-01-08 00:00:00,1701965,61579,7374,6447,2026|trending|viral,fine brilliant trash fire,False
YT100535,OFFICIAL Trailer: the Algorithm,Channel_391,Film & Animation,CA,2026-01-12,6,2026-01-11 00:00:00,222699,9878,497,1007,funny|trending,review best like,False
YT100536,Budget Travel Breaking News Update,Channel_24,Gaming,IN,2026-02-11,3,2026-02-07 00:00:00,708787,48304,5558,1059,2026|trending|official,perfect disappointing,False
YT100537,I Tried New York For 24 Hours,Channel_170,Comedy,GB,2026-04-02,2,2026-04-02 00:00:00,396924,20379,1044,1264,gaming|review|music|highlights,hate content thoughts content,False
YT100538,Street Food Breaking News Update,Channel_462,Entertainment,IN,2026-03-14,3,2026-03-10 00:00:00,710043,47238,4037,3921,viral|funny,best honestly excellent,False
YT100539,Top 10 Season 5 Moments,Channel_156,Science & Technology,GB,2026-01-02,8,2025-12-31 00:00:00,186798,8693,451,462,funny|official,perfect fine watched amazing,False
YT100540,AI Full Episode | Highlights,Channel_413,Entertainment,AU,2026-05-01,2,2026-04-29 00:00:00,250937,8990,1045,670,highlights|2026,thoughts cringe amazing like awesome terrible channel fantastic,False
YT100541,the Universe Full Episode | Highlights,Channel_210,Film & Animation,CA,2026-04-16,2,2026-04-15 00:00:00,355136,15422,1295,1371,official|funny|music,great honestly incredible awesome,False
YT100542,New York REACTION,Channel_232,Sports,GB,2026-03-09,12,2026-03-05 00:00:00,266889,17261,827,513,trending|viral|highlights,incredible disappointing content,False
YT100543,Gaming Setup Full Episode | Highlights,Channel_406,Entertainment,IN,2026-06-27,11,2026-06-24 00:00:00,435533,4313,394,2712,viral|gaming|review|2026,fire okay comment underrated,False
YT100544,Gaming Setup Full Episode | Highlights,Channel_456,Music,CA,2026-03-31,9,2026-03-27 00:00:00,343960,9148,753,1276,gaming|viral|highlights|trending,disappointing love thoughts amazing,False
YT100545,How the Stock Market Changed Everything,Channel_323,Comedy,CA,2026-03-23,8,2026-03-19 00:00:00,445474,27762,1139,2313,2026|official|new|trending,like goated fire video,False
YT100546,the World Cup vs Everyone | Full Match,Channel_438,Comedy,US,2026-04-27,14,2026-04-24 00:00:00,361878,16822,1342,1934,trending|viral|review,awful great perfect channel,False
YT100547,my Life REACTION,Channel_207,People & Blogs,GB,2026-06-18,8,2026-06-16 00:00:00,413190,21151,776,176,new|official|review,honestly underrated review,False
YT100548,New York vs Everyone | Full Match,Channel_27,Science & Technology,GB,2026-04-09,13,2026-04-09 00:00:00,153776,7072,754,1002,funny|official|highlights|2026,upload best brilliant fire amazing review perfect,False
YT100549,my Life REACTION,Channel_422,Entertainment,AU,2026-06-04,9,2026-06-04 00:00:00,1614850,84571,5687,5810,review|music|funny|trending,honestly,False
YT100550,the Ocean Live Performance 2026,Channel_150,Sports,GB,2026-02-14,12,2026-02-13 00:00:00,305797,19590,1681,1373,new|review,honestly brilliant amazing hate watched,False
YT100551,Top 10 Budget Travel Moments,Channel_130,Gaming,CA,2026-01-16,1,2026-01-15 00:00:00,662245,28365,2872,5431,new|viral|funny|official,watched this video,False
YT100552,OFFICIAL Trailer: New York,Channel_347,Sports,CA,2026-01-14,1,2026-01-14 00:00:00,471905,12279,432,3222,review|music|2026,video amazing like okay,False
YT100553,Learn the World Cup in 10 Minutes,Channel_252,Entertainment,IN,2026-04-10,9,2026-04-07 00:00:00,107012,4930,171,298,2026|gaming,fine great trash awful video love upload,False
YT100554,OFFICIAL Trailer: my Life,Channel_330,Comedy,GB,2026-02-21,13,2026-02-17 00:00:00,903838,48646,4234,2801,trending|viral|official,brilliant fire,False
YT100555,TikTok vs Everyone | Full Match,Channel_145,Education,AU,2026-07-03,14,2026-07-02 00:00:00,32473,1059,79,181,trending|new|gaming,amazing goated upload,False
YT100556,I Tried the Championship For 24 Hours,Channel_393,News & Politics,AU,2026-03-01,12,2026-02-25 00:00:00,159313,4783,501,936,music|funny|review,review,False
YT100557,Season 5 - Official Music Video,Channel_41,Education,GB,2026-07-06,4,2026-07-06 00:00:00,356549,17544,1466,1322,viral|music|funny,fine cringe goated,False
YT100558,I Tried Gaming Setup For 24 Hours,Channel_358,Entertainment,CA,2026-04-27,12,2026-04-23 00:00:00,413278,17445,944,1252,official|gaming|music|new,okay review flop thoughts,False
YT100559,Street Food Full Episode | Highlights,Channel_173,Sports,IN,2026-02-24,7,2026-02-23 00:00:00,183563,8534,1007,1100,trending|review,honestly amazing honestly content perfect comment honestly goated upload,False
YT100560,Top 10 TikTok Moments,Channel_3,Entertainment,AU,2026-07-18,13,2026-07-16 00:00:00,494846,25646,915,2105,music|official|2026|new,channel like,False
YT100561,Learn the World Cup in 10 Minutes,Channel_290,Gaming,US,2026-03-27,7,2026-03-24 00:00:00,383291,10082,738,1859,music|viral|highlights|2026,perfect review great,False
YT100562,Robots REACTION,Channel_121,Comedy,GB,2026-05-23,7,2026-05-19 00:00:00,279562,9579,293,682,viral|funny|new|official,worst thoughts fantastic,False
YT100563,OFFICIAL Trailer: Budget Travel,Channel_264,People & Blogs,AU,2026-07-18,1,2026-07-17 00:00:00,1286163,28749,3071,2241,2026|funny|gaming|highlights,brilliant okay awesome overrated upload excellent watched review trash,False
YT100564,Gaming Setup Breaking News Update,Channel_476,Gaming,AU,2026-05-15,12,2026-05-15 00:00:00,187300,9759,723,904,funny|2026,like channel content channel,False
YT100565,Learn Gaming Setup in 10 Minutes,Channel_3,Comedy,AU,2026-06-17,7,2026-06-13 00:00:00,594723,29526,2700,2611,trending|2026,underrated great disappointing goated comment content best,False
YT100566,Learn the Universe in 10 Minutes,Channel_280,Sports,IN,2026-02-09,2,2026-02-07 00:00:00,775333,61788,3859,3099,highlights|viral|new|funny,video,False
YT100567,the Stock Market Full Episode | Highlights,Channel_37,Comedy,GB,2026-03-04,10,2026-03-02 00:00:00,70735,3542,395,147,funny|2026|review|trending,upload incredible best,False
YT100568,the Ocean Live Performance 2026,Channel_352,News & Politics,CA,2026-06-04,5,2026-06-02 00:00:00,290215,13457,1411,1414,gaming|official|new,okay goated waste,False
YT100569,The Truth About the Universe,Channel_314,Comedy,GB,2026-07-18,6,2026-07-14 00:00:00,1031659,30909,2053,6394,trending|music|gaming,like watched goated,False
YT100570,New York - Official Music Video,Channel_44,Music,CA,2026-07-24,12,2026-07-24 00:00:00,993588,76422,3630,5121,viral|new|music|review,goated love waste,False
YT100571,How the Stock Market Changed Everything,Channel_214,Music,AU,2026-03-16,2,2026-03-15 00:00:00,606874,19719,1891,3254,music|highlights|funny|review,underrated honestly brilliant upload,False
YT100572,The Truth About New York,Channel_126,Film & Animation,IN,2026-07-10,1,2026-07-07 00:00:00,572125,44448,3341,2277,gaming|new,love awesome upload fine excellent,False
YT100573,the Stock Market Breaking News Update,Channel_316,Comedy,GB,2026-03-13,2,2026-03-13 00:00:00,108840,5888,560,479,funny|trending|2026|gaming,comment honestly unwatchable excellent,False
YT100574,AI vs Everyone | Full Match,Channel_73,Music,CA,2026-04-03,10,2026-03-31 00:00:00,157262,4992,346,696,funny|official,goated best incredible perfect channel,False
YT100575,Gaming Setup REACTION,Channel_480,Science & Technology,US,2026-02-06,4,2026-02-06 00:00:00,173466,5950,304,452,funny|music|review,fine upload love trash excellent fine video honestly goated,False
YT100576,AI Live Performance 2026,Channel_376,People & Blogs,US,2026-08-01,6,2026-07-28 00:00:00,164788,5038,310,620,trending|new|funny,overrated comment boring honestly comment,False
YT100577,the Final Boss - Official Music Video,Channel_189,Gaming,US,2026-04-25,8,2026-04-22 00:00:00,375083,16570,1303,1712,review|2026,thoughts thoughts incredible great,False
YT100578,Learn the Ocean in 10 Minutes,Channel_449,Film & Animation,US,2026-02-22,13,2026-02-19 00:00:00,289779,13166,988,2133,gaming|viral|2026|review,like thoughts honestly fantastic,False
YT100579,the Ocean REACTION,Channel_244,Entertainment,IN,2026-07-01,1,2026-06-27 00:00:00,436873,8284,950,1433,music|2026|gaming,perfect upload,False
YT100580,Learn New York in 10 Minutes,Channel_71,Music,AU,2026-01-14,12,2026-01-13 00:00:00,2181679,93783,7278,7526,trending|review|gaming,boring brilliant awesome review cringe review waste hate,False
YT100581,Street Food REACTION,Channel_233,Film & Animation,AU,2026-01-26,5,2026-01-23 00:00:00,464862,14992,759,2752,funny|highlights|review,honestly fine honestly fine great okay comment flop thoughts,False
YT100582,the World Cup Full Episode | Highlights,Channel_67,Education,IN,2026-01-16,5,2026-01-12 00:00:00,612866,21212,1444,3470,official|review|music|trending,unwatchable like perfect,False
YT100583,the Ocean - Official Music Video,Channel_44,News & Politics,US,2026-03-18,10,2026-03-18 00:00:00,160896,5268,195,656,official|funny|review,amazing comment watched,False
YT100584,Learn the Ocean in 10 Minutes,Channel_480,Entertainment,GB,2026-08-18,2,2026-08-14 00:00:00,437045,21088,1593,1769,official|new|highlights,watched this video,False
YT100585,Learn Gaming Setup in 10 Minutes,Channel_231,Science & Technology,AU,2026-06-22,1,2026-06-20 00:00:00,152760,7671,682,1027,viral|2026,video video worst video,False
YT100586,Gaming Setup REACTION,Channel_469,Sports,CA,2026-05-14,7,2026-05-11 00:00:00,532921,16412,1750,1787,music|funny|viral,content awesome watched video awesome,False
YT100587,OFFICIAL Trailer: my Life,Channel_462,News & Politics,GB,2026-06-24,1,2026-06-20 00:00:00,252427,6315,377,1704,trending|2026,like fantastic,False
YT100588,New York REACTION,Channel_305,Music,AU,2026-08-25,13,2026-08-24 00:00:00,309868,15012,1793,1789,gaming|official|funny|viral,great excellent disappointing underrated,False
YT100589,TikTok Breaking News Update,Channel_249,Entertainment,CA,2026-02-16,11,2026-02-16 00:00:00,208161,6435,666,103,official|highlights|trending,okay honestly amazing okay thoughts honestly excellent,False
YT100590,I Tried the Championship For 24 Hours,Channel_210,Comedy,CA,2026-04-07,3,2026-04-06 00:00:00,208593,7905,946,496,2026|highlights|trending,excellent,False
YT100591,the Algorithm REACTION,Channel_300,Comedy,GB,2026-03-29,1,2026-03-27 00:00:00,515941,28399,2330,1493,funny|review,watched comment boring trash watched,False
YT100592,I Tried my Life For 24 Hours,Channel_86,Music,IN,2026-08-20,8,2026-08-16 00:00:00,2024119,109901,9328,7342,official|2026|funny|gaming,comment excellent watched awesome flop comment channel,False
YT100593,Learn New York in 10 Minutes,Channel_431,Gaming,CA,2026-01-28,11,2026-01-25 00:00:00,648423,25790,3012,2684,gaming|highlights|new,love flop,False
YT100594,Top 10 Street Food Moments,Channel_300,Entertainment,IN,2026-06-15,4,2026-06-15 00:00:00,637231,21052,1311,964,viral|music|review|gaming,review review awesome,False
YT100595,Robots Live Performance 2026,Channel_363,Gaming,IN,2026-04-02,5,2026-04-02 00:00:00,599644,19752,2140,1319,trending|highlights,perfect great,True
YT100596,Top 10 the Universe Moments,Channel_55,Education,US,2026-07-02,9,2026-06-30 00:00:00,207498,10677,1215,450,new|music|official,terrible okay incredible boring fire video,False
YT100597,the World Cup Live Performance 2026,Channel_394,Education,GB,2026-08-20,9,2026-08-16 00:00:00,647520,13280,496,3701,trending|gaming|highlights|viral,awesome unwatchable video awesome upload channel,False
YT100598,the Final Boss Breaking News Update,Channel_289,Gaming,GB,2026-03-26,14,2026-03-22 00:00:00,419574,26723,1969,1257,music|trending,amazing comment review love channel best unwatchable,False
YT100599,The Truth About TikTok,Channel_438,Music,GB,2026-02-20,2,2026-02-16 00:00:00,1352231,31505,3109,3860,new|highlights|trending,worst,False
YT100600,How New York Changed Everything,Channel_23,Sports,CA,2026-05-28,5,2026-05-24 00:00:00,64608,323,22,238,gaming|new,thoughts fine fantastic watched,False
YT100601,Season 5 Live Performance 2026,Channel_399,People & Blogs,IN,2026-05-30,5,2026-05-28 00:00:00,518280,27981,1123,1594,funny|highlights|new|gaming,comment channel incredible fantastic,False
YT100602,the Universe Live Performance 2026,Channel_435,Sports,GB,2026-06-14,12,2026-06-11 00:00:00,1031281,35161,2269,2935,gaming|viral,okay brilliant watched video content underrated great unwatchable,False
YT100603,The Truth About Budget Travel,Channel_179,Gaming,AU,2026-02-19,13,2026-02-16 00:00:00,700661,38602,1574,3196,funny|official,underrated fine comment,False
YT100604,How the Championship Changed Everything,Channel_235,Film & Animation,IN,2026-05-19,11,2026-05-17 00:00:00,109213,6244,564,504,2026|viral|official,like best awful thoughts,False
YT100605,the Universe - Official Music Video,Channel_52,Gaming,GB,2026-01-10,10,2026-01-08 00:00:00,447878,12557,775,2606,highlights|new|trending,thoughts incredible,False
YT100606,Gaming Setup Full Episode | Highlights,Channel_294,Sports,IN,2026-05-13,6,2026-05-13 00:00:00,254410,9667,627,325,highlights|gaming|2026|new,channel watched content underrated comment,False
YT100607,Budget Travel vs Everyone | Full Match,Channel_426,Entertainment,US,2026-02-14,8,2026-02-13 00:00:00,956351,41023,1730,5507,official|funny,goated great thoughts fantastic review okay,False
YT100608,Robots Full Episode | Highlights,Channel_232,Film & Animation,GB,2026-03-31,1,2026-03-28 00:00:00,340215,12743,1037,1447,gaming|highlights,channel like terrible waste,False
YT100609,the World Cup Breaking News Update,Channel_351,People & Blogs,CA,2026-06-09,3,2026-06-07 00:00:00,134333,3098,259,593,funny|gaming|2026,terrible channel,False
YT100610,Top 10 New York Moments,Channel_75,Education,CA,2026-03-01,2,2026-02-27 00:00:00,471208,25694,1939,4082,2026|new,watched this video,False
YT100611,Season 5 vs Everyone | Full Match,Channel_271,Comedy,CA,2026-04-18,4,2026-04-18 00:00:00,252677,12062,976,799,gaming|music|funny,fire content fine best,False
YT100612,I Tried the Universe For 24 Hours,Channel_452,Sports,CA,2026-04-17,13,2026-04-17 00:00:00,202127,9837,485,1304,highlights|music|viral,channel underrated upload video,False
YT100613,Learn Budget Travel in 10 Minutes,Channel_384,Sports,CA,2026-08-16,13,2026-08-16 00:00:00,823325,37058,2774,2898,viral|new,okay thoughts okay honestly great watched best,False
YT100614,Top 10 the Universe Moments,Channel_354,Gaming,US,2026-05-14,6,2026-05-12 00:00:00,1012126,41359,1799,3555,gaming|trending,like comment thoughts overrated,False
YT100615,the Final Boss vs Everyone | Full Match,Channel_69,Sports,CA,2026-06-30,9,2026-06-30 00:00:00,246868,18110,557,567,highlights|music,unwatchable comment boring upload watched goated,False
YT100616,I Tried Street Food For 24 Hours,Channel_415,Sports,IN,2026-04-08,5,2026-04-07 00:00:00,123058,6506,693,743,gaming|funny|viral,review brilliant okay watched goated,False
YT100617,the World Cup REACTION,Channel_397,Entertainment,GB,2026-07-23,2,2026-07-21 00:00:00,417433,8474,775,996,gaming|review|funny|music,review fine worst like okay awesome excellent,False
YT100618,I Tried AI For 24 Hours,Channel_163,Entertainment,AU,2026-04-29,14,2026-04-27 00:00:00,899305,44763,2725,2847,2026|gaming|new|funny,upload channel okay,False
YT100619,I Tried the Championship For 24 Hours,Channel_404,Music,IN,2026-02-20,10,2026-02-20 00:00:00,477098,17754,2122,1620,highlights|official|2026,overrated video best waste like brilliant,True
YT100620,Top 10 Gaming Setup Moments,Channel_181,Film & Animation,GB,2026-07-17,3,2026-07-17 00:00:00,150547,6943,646,460,gaming|highlights,channel overrated great,False
YT100621,The Truth About the Stock Market,Channel_18,Film & Animation,AU,2026-03-18,11,2026-03-17 00:00:00,517014,18114,854,1982,2026|highlights|gaming,okay watched comment,False
YT100622,Street Food Full Episode | Highlights,Channel_398,Sports,US,2026-05-22,10,2026-05-22 00:00:00,774711,43411,2750,2436,new|highlights,overrated fantastic fire disappointing like,False
YT100623,the Final Boss REACTION,Channel_280,News & Politics,US,2026-04-20,3,2026-04-18 00:00:00,125873,7966,723,669,viral|review,like upload,False
YT100624,The Truth About the Stock Market,Channel_77,Entertainment,CA,2026-02-06,3,2026-02-06 00:00:00,185635,6431,253,242,new|official|highlights|gaming,fine incredible,False
YT100625,The Truth About the Ocean,Channel_343,News & Politics,US,2026-01-07,7,2026-01-04 00:00:00,220465,12314,913,674,highlights|new|funny|2026,fantastic review,False
YT100626,Learn Gaming Setup in 10 Minutes,Channel_157,Comedy,AU,2026-06-12,9,2026-06-08 00:00:00,531937,24516,744,3340,new|review,watched underrated cringe watched waste,False
YT100627,OFFICIAL Trailer: the Universe,Channel_59,Entertainment,CA,2026-07-26,6,2026-07-24 00:00:00,605471,31338,2919,3157,funny|gaming,thoughts awful,False
YT100628,The Truth About the World Cup,Channel_226,Music,AU,2026-03-26,12,2026-03-22 00:00:00,542471,10952,1012,2177,funny|music,fire fine waste goated unwatchable,False
YT100629,Street Food Breaking News Update,Channel_252,News & Politics,CA,2026-03-19,8,2026-03-17 00:00:00,681388,33569,1625,2605,gaming|2026,content awesome fine perfect,False
YT100630,Robots Full Episode | Highlights,Channel_52,Gaming,GB,2026-07-22,11,2026-07-22 00:00:00,477383,18608,1686,3460,music|viral|official,content okay upload unwatchable comment,False
YT100631,the Final Boss Live Performance 2026,Channel_453,Gaming,US,2026-07-01,7,2026-06-28 00:00:00,296188,13352,527,1279,gaming|review|official,love like honestly,False
YT100632,OFFICIAL Trailer: Budget Travel,Channel_31,Gaming,CA,2026-04-17,3,2026-04-13 00:00:00,1542687,54855,4393,3900,highlights|official,trash awesome awful fine channel video,False
YT100633,Budget Travel - Official Music Video,Channel_362,Science & Technology,GB,2026-07-28,2,2026-07-24 00:00:00,321019,20133,917,1443,funny|new|highlights,review honestly terrible fire,False
YT100634,OFFICIAL Trailer: the Universe,Channel_135,Music,US,2026-06-20,2,2026-06-17 00:00:00,523013,16216,1550,1599,music|new|2026|gaming,watched thoughts upload,False
YT100635,Budget Travel Live Performance 2026,Channel_108,Sports,AU,2026-04-06,14,2026-04-04 00:00:00,755017,35868,2438,3366,funny|viral|2026|trending,watched like honestly waste,False
YT100636,Street Food Full Episode | Highlights,Channel_151,Comedy,AU,2026-08-15,12,2026-08-12 00:00:00,842730,46859,1991,2993,2026|new|highlights|music,amazing okay watched video,False
YT100637,OFFICIAL Trailer: the Stock Market,Channel_165,Science & Technology,GB,2026-03-29,10,2026-03-27 00:00:00,278541,14151,1054,731,gaming|new|2026|trending,review brilliant watched video love,False
YT100638,Season 5 Breaking News Update,Channel_145,Gaming,GB,2026-08-17,5,2026-08-15 00:00:00,938030,25327,2715,2381,review|new|official|viral,goated like upload,False
YT100639,OFFICIAL Trailer: the Universe,Channel_465,Comedy,AU,2026-06-11,7,2026-06-11 00:00:00,96410,6253,671,626,review|official|2026,fantastic incredible disappointing excellent,False
YT100640,Top 10 the Championship Moments,Channel_380,Film & Animation,IN,2026-04-14,10,2026-04-12 00:00:00,237307,14988,1742,929,music|2026,love underrated upload fine awesome okay terrible,False
YT100641,The Truth About the Final Boss,Channel_216,Science & Technology,AU,2026-03-08,12,2026-03-08 00:00:00,231027,6398,534,89,new|funny|trending,comment channel okay worst,False
YT100642,The Truth About the Stock Market,Channel_476,Entertainment,IN,2026-05-15,13,2026-05-14 00:00:00,477414,33655,1405,2313,highlights|review|gaming,like like underrated,False
YT100643,AI Full Episode | Highlights,Channel_87,Comedy,CA,2026-08-21,1,2026-08-21 00:00:00,45838,1450,171,140,official|new,incredible goated upload thoughts video video,False
YT100644,Gaming Setup Breaking News Update,Channel_197,Music,GB,2026-08-06,3,2026-08-02 00:00:00,81208,5091,214,326,funny|viral|gaming,review thoughts brilliant content best,False
YT100645,OFFICIAL Trailer: TikTok,Channel_489,Film & Animation,US,2026-05-04,5,2026-05-01 00:00:00,207399,5812,536,938,funny|music|trending,okay channel excellent fine brilliant thoughts,False
YT100646,Top 10 Budget Travel Moments,Channel_83,Education,CA,2026-02-16,11,2026-02-14 00:00:00,94333,6268,252,413,music|viral|review,watched,False
YT100647,New York Full Episode | Highlights,Channel_340,News & Politics,US,2026-03-17,7,2026-03-14 00:00:00,392846,26249,2360,1484,2026|review|viral,fine excellent brilliant best boring,False
YT100648,Learn the Final Boss in 10 Minutes,Channel_257,Music,US,2026-07-21,8,2026-07-17 00:00:00,1045764,44347,5250,3756,highlights|music|review,best great cringe like review,False
YT100649,I Tried Budget Travel For 24 Hours,Channel_107,Music,GB,2026-08-01,2,2026-07-28 00:00:00,492743,24102,1141,2591,trending|official|highlights,like comment great,False
YT100650,New York Breaking News Update,Channel_446,People & Blogs,IN,2026-05-22,13,2026-05-21 00:00:00,294115,11879,1284,1574,2026|review,channel excellent perfect channel unwatchable,False
YT100651,TikTok vs Everyone | Full Match,Channel_282,Sports,AU,2026-05-17,5,2026-05-14 00:00:00,432023,31648,2487,2178,viral|official|2026|new,okay video underrated waste,False
YT100652,How the Universe Changed Everything,Channel_326,Entertainment,IN,2026-04-26,14,2026-04-24 00:00:00,111592,3709,399,386,2026|official,perfect,False
YT100653,the Final Boss Breaking News Update,Channel_368,Music,US,2026-04-13,11,2026-04-09 00:00:00,287453,15303,1813,412,music|trending|gaming,thoughts goated terrible,False
YT100654,I Tried the Stock Market For 24 Hours,Channel_414,Entertainment,CA,2026-01-21,5,2026-01-21 00:00:00,618403,18546,1637,1357,official|new|trending|gaming,fine underrated fine thoughts review,False
YT100655,the Championship Live Performance 2026,Channel_152,News & Politics,GB,2026-07-05,12,2026-07-01 00:00:00,150898,6780,750,740,funny|gaming,hate like,False
YT100656,How AI Changed Everything,Channel_439,Education,US,2026-03-04,6,2026-03-02 00:00:00,389392,25430,1563,731,viral|trending|official,upload video review channel watched,False
YT100657,The Truth About New York,Channel_426,People & Blogs,AU,2026-06-26,14,2026-06-25 00:00:00,270799,14074,567,832,gaming|review|music,content,False
YT100658,How Robots Changed Everything,Channel_319,News & Politics,GB,2026-08-09,9,2026-08-07 00:00:00,292085,10893,1003,918,new|review|official|music,worst review fine,False
YT100659,How the Final Boss Changed Everything,Channel_196,People & Blogs,IN,2026-04-14,13,2026-04-11 00:00:00,55453,2518,152,124,highlights|gaming|review|music,great like incredible fantastic,False
YT100660,AI - Official Music Video,Channel_491,Music,US,2026-04-03,8,2026-04-03 00:00:00,555580,23038,971,2995,funny|viral,video excellent fantastic channel watched like worst,False
YT100661,the Algorithm Live Performance 2026,Channel_334,Film & Animation,GB,2026-06-22,8,2026-06-19 00:00:00,223850,10868,1253,330,new|2026,video watched honestly hate,False
YT100662,OFFICIAL Trailer: Budget Travel,Channel_394,Film & Animation,AU,2026-05-28,1,2026-05-27 00:00:00,438134,25885,853,1741,trending|official,fantastic fine,False
YT100663,Learn the Universe in 10 Minutes,Channel_16,Entertainment,AU,2026-04-14,11,2026-04-11 00:00:00,426536,21560,1038,934,gaming|music|new,brilliant trash like,False
YT100664,OFFICIAL Trailer: Robots,Channel_203,Music,US,2026-02-19,9,2026-02-18 00:00:00,199517,9200,1005,377,gaming|trending|2026,content brilliant terrible thoughts video,False
YT100665,the Universe Full Episode | Highlights,Channel_247,Education,AU,2026-04-04,8,2026-04-02 00:00:00,370141,10486,712,1721,viral|2026|music|new,underrated perfect,False
YT100666,New York Breaking News Update,Channel_475,People & Blogs,IN,2026-06-12,7,2026-06-12 00:00:00,323467,18734,1042,593,trending|highlights|viral,upload thoughts disappointing watched disappointing thoughts,False
YT100667,Learn Gaming Setup in 10 Minutes,Channel_63,People & Blogs,AU,2026-04-11,10,2026-04-09 00:00:00,553233,24667,2168,3012,viral|funny|highlights|official,brilliant amazing cringe great underrated,False
YT100668,Budget Travel - Official Music Video,Channel_333,Gaming,AU,2026-07-13,9,2026-07-13 00:00:00,522311,20797,2168,1269,funny|review,worst channel,False
YT100669,Top 10 TikTok Moments,Channel_339,Music,IN,2026-07-18,11,2026-07-18 00:00:00,712867,37793,4502,5295,gaming|music|viral|highlights,amazing upload honestly comment perfect great,False
YT100670,I Tried Gaming Setup For 24 Hours,Channel_228,People & Blogs,IN,2026-08-06,11,2026-08-06 00:00:00,1083544,59413,4135,4643,gaming|review|2026,thoughts perfect content,False
YT100671,my Life Live Performance 2026,Channel_270,People & Blogs,AU,2026-04-11,14,2026-04-08 00:00:00,317379,14576,1532,1379,trending|funny|music,watched content like best thoughts watched,False
YT100672,TikTok REACTION,Channel_15,Sports,GB,2026-04-29,9,2026-04-29 00:00:00,156265,7835,728,1051,gaming|review|2026|music,great terrible thoughts,False
YT100673,Learn the World Cup in 10 Minutes,Channel_338,News & Politics,GB,2026-07-27,14,2026-07-25 00:00:00,212068,15537,1207,148,review|highlights|new,comment like watched upload best,False
YT100674,OFFICIAL Trailer: the Stock Market,Channel_65,Music,CA,2026-08-25,8,2026-08-22 00:00:00,671170,14431,1459,4305,gaming|viral|trending,like upload,False
YT100675,How the Ocean Changed Everything,Channel_111,Comedy,US,2026-02-05,6,2026-02-04 00:00:00,680136,24990,2005,1627,highlights|viral|gaming|trending,great video thoughts channel,False
YT100676,I Tried the Universe For 24 Hours,Channel_371,Education,IN,2026-08-02,9,2026-07-30 00:00:00,97465,4431,334,751,review|new|gaming,channel awful okay watched incredible cringe trash,False
YT100677,TikTok REACTION,Channel_322,News & Politics,US,2026-05-09,1,2026-05-05 00:00:00,465560,21070,2161,1915,new|2026,terrible thoughts best underrated video best,False
YT100678,The Truth About Gaming Setup,Channel_221,Entertainment,GB,2026-07-19,5,2026-07-16 00:00:00,477265,14258,460,1816,funny|official,goated,False
YT100679,Learn the Final Boss in 10 Minutes,Channel_306,Education,CA,2026-08-13,2,2026-08-09 00:00:00,157233,5831,330,495,new|funny|trending|official,goated overrated boring watched like,False
YT100680,my Life - Official Music Video,Channel_74,Gaming,CA,2026-02-07,11,2026-02-07 00:00:00,373554,13804,1301,1905,music|review|viral,trash honestly thoughts okay,False
YT100681,I Tried AI For 24 Hours,Channel_25,Sports,CA,2026-04-18,7,2026-04-18 00:00:00,767957,42633,1548,1180,funny|highlights,channel fine overrated video,False
YT100682,AI - Official Music Video,Channel_319,Sports,IN,2026-01-20,2,2026-01-19 00:00:00,212686,10380,398,806,gaming|review,great best terrible fantastic channel fantastic,False
YT100683,Budget Travel Full Episode | Highlights,Channel_162,Education,CA,2026-03-18,1,2026-03-18 00:00:00,420241,21865,1560,1493,highlights|trending|official|viral,watched brilliant excellent incredible,True
YT100684,OFFICIAL Trailer: the Algorithm,Channel_395,Comedy,AU,2026-01-19,7,2026-01-15 00:00:00,160155,3651,281,688,2026|highlights,awesome like love fire honestly,False
YT100685,the World Cup - Official Music Video,Channel_199,News & Politics,AU,2026-08-16,8,2026-08-12 00:00:00,490285,28608,3312,2549,funny|trending|official,trash content worst,False
YT100686,How the World Cup Changed Everything,Channel_334,Comedy,GB,2026-08-22,14,2026-08-18 00:00:00,442733,25883,2171,823,gaming|trending|funny,waste upload honestly,False
YT100687,How the Algorithm Changed Everything,Channel_437,News & Politics,GB,2026-08-11,14,2026-08-11 00:00:00,200421,5292,333,844,viral|highlights|music|funny,watched goated video honestly thoughts flop,False
YT100688,TikTok REACTION,Channel_400,Sports,AU,2026-03-15,7,2026-03-13 00:00:00,622278,35511,3326,3501,new|review,content disappointing review,False
YT100689,the Championship REACTION,Channel_273,Comedy,AU,2026-03-23,1,2026-03-22 00:00:00,316359,20533,1607,1464,gaming|funny|highlights,channel like love,False
YT100690,OFFICIAL Trailer: Street Food,Channel_270,Entertainment,AU,2026-05-18,14,2026-05-15 00:00:00,210475,10979,417,1308,2026|new|review|music,video okay watched hate video video,False
YT100691,Learn Street Food in 10 Minutes,Channel_365,Gaming,IN,2026-06-26,5,2026-06-22 00:00:00,240952,11234,890,895,2026|highlights|new|trending,best review video watched thoughts,False
YT100692,Learn the Stock Market in 10 Minutes,Channel_322,Film & Animation,IN,2026-01-30,8,2026-01-30 00:00:00,448939,22472,712,1375,2026|highlights|review|trending,upload fantastic comment like awesome video,False
YT100693,I Tried the Universe For 24 Hours,Channel_223,Gaming,GB,2026-02-24,5,2026-02-24 00:00:00,461443,24504,2778,1915,2026|review,fine trash excellent hate thoughts,False
YT100694,the Universe Breaking News Update,Channel_485,Comedy,US,2026-04-28,12,2026-04-27 00:00:00,973389,27993,2914,3539,2026|gaming,brilliant fantastic underrated channel,False
YT100695,How the Stock Market Changed Everything,Channel_132,People & Blogs,AU,2026-01-10,7,2026-01-06 00:00:00,196488,10591,1077,647,official|trending,channel incredible awful overrated comment goated,False
YT100696,Learn my Life in 10 Minutes,Channel_212,News & Politics,CA,2026-03-12,6,2026-03-10 00:00:00,119410,6952,351,535,official|new|gaming|funny,upload cringe,False
YT100697,the World Cup REACTION,Channel_198,Comedy,IN,2026-04-16,9,2026-04-14 00:00:00,1129571,69247,7045,6130,trending|2026|official,watched this video,False
YT100698,The Truth About AI,Channel_469,Gaming,IN,2026-06-06,8,2026-06-05 00:00:00,102604,4858,401,541,review|music|new|trending,trash,False
YT100699,the Final Boss Live Performance 2026,Channel_470,Comedy,AU,2026-04-15,10,2026-04-13 00:00:00,656322,30261,1485,2016,funny|new,channel upload,False
YT100700,I Tried the Championship For 24 Hours,Channel_71,Film & Animation,AU,2026-08-15,3,2026-08-11 00:00:00,389489,24658,836,1517,trending|review|viral|new,great hate love,False
YT100701,AI REACTION,Channel_482,Gaming,CA,2026-03-07,2,2026-03-05 00:00:00,490662,20008,1515,850,funny|music|new,disappointing unwatchable goated fine,True
YT100702,Robots Breaking News Update,Channel_215,People & Blogs,US,2026-01-21,9,2026-01-21 00:00:00,601291,33604,3191,2568,gaming|official|review,like,False
YT100703,Robots REACTION,Channel_464,Sports,US,2026-03-23,14,2026-03-19 00:00:00,423973,14600,452,2364,viral|2026|music|new,best overrated brilliant,False
YT100704,How the Algorithm Changed Everything,Channel_333,People & Blogs,US,2026-08-20,9,2026-08-17 00:00:00,153500,8417,362,613,new|official,like fantastic,False
YT100705,AI Full Episode | Highlights,Channel_216,Film & Animation,GB,2026-03-10,9,2026-03-09 00:00:00,220702,10787,1045,894,gaming|official|viral|highlights,honestly best awful,False
YT100706,I Tried the Championship For 24 Hours,Channel_355,Music,GB,2026-05-21,11,2026-05-17 00:00:00,738512,39938,3909,5793,gaming|funny|highlights|2026,hate incredible video,False
YT100707,Learn the Stock Market in 10 Minutes,Channel_10,Science & Technology,US,2026-05-12,3,2026-05-09 00:00:00,102601,2478,226,455,highlights|review|2026,love amazing thoughts underrated channel brilliant,False
YT100708,How the Ocean Changed Everything,Channel_356,News & Politics,IN,2026-05-07,5,2026-05-06 00:00:00,838378,13568,613,4178,funny|official,goated review review review,False
YT100709,Top 10 Budget Travel Moments,Channel_41,Sports,CA,2026-08-09,14,2026-08-06 00:00:00,85405,3980,194,382,funny|review,disappointing watched content okay content,False
YT100710,OFFICIAL Trailer: my Life,Channel_335,Science & Technology,AU,2026-05-11,10,2026-05-11 00:00:00,317119,10860,710,1741,funny|official|highlights,video trash like upload comment,False
YT100711,my Life REACTION,Channel_367,Gaming,GB,2026-07-25,11,2026-07-25 00:00:00,449674,9961,1100,1653,2026|trending|review|gaming,thoughts underrated awesome review goated,False
YT100712,the Algorithm Breaking News Update,Channel_119,Gaming,CA,2026-04-01,14,2026-04-01 00:00:00,594084,33176,1281,3173,highlights|review|trending|new,love thoughts love honestly worst underrated,False
YT100713,OFFICIAL Trailer: Season 5,Channel_284,Music,AU,2026-06-14,8,2026-06-13 00:00:00,614129,18964,1403,3447,funny|gaming,trash thoughts,False
YT100714,Learn AI in 10 Minutes,Channel_334,Science & Technology,CA,2026-02-17,6,2026-02-16 00:00:00,314527,10751,374,1661,highlights|official|2026|trending,disappointing goated review love flop,False
YT100715,TikTok Live Performance 2026,Channel_314,Comedy,AU,2026-06-17,1,2026-06-13 00:00:00,741570,31897,3429,2328,funny|gaming|2026,honestly upload worst fantastic awesome trash,False
YT100716,Robots REACTION,Channel_498,Music,CA,2026-06-27,12,2026-06-24 00:00:00,775034,20912,981,3187,review|highlights,thoughts excellent excellent honestly,False
YT100717,OFFICIAL Trailer: Robots,Channel_329,Film & Animation,US,2026-02-25,5,2026-02-25 00:00:00,151136,3190,232,922,gaming|2026|new,like upload great video hate,False
YT100718,OFFICIAL Trailer: the World Cup,Channel_385,Entertainment,CA,2026-05-05,13,2026-05-01 00:00:00,1131916,72331,3052,4757,viral|music|2026,video review brilliant,False
YT100719,the Algorithm REACTION,Channel_310,News & Politics,GB,2026-04-10,4,2026-04-08 00:00:00,146679,8118,966,965,2026|trending,review watched best video,False
YT100720,Robots REACTION,Channel_297,Sports,IN,2026-04-03,7,2026-04-01 00:00:00,253112,10079,620,922,funny|highlights|new,video review,False
YT100721,Top 10 the Championship Moments,Channel_257,Gaming,IN,2026-05-29,5,2026-05-26 00:00:00,805800,37489,4061,3314,new|trending,comment content fine terrible fantastic review,False
YT100722,I Tried the Stock Market For 24 Hours,Channel_320,Music,IN,2026-05-09,3,2026-05-05 00:00:00,470695,33755,3398,2783,music|2026|new|viral,upload video comment love flop unwatchable,False
YT100723,OFFICIAL Trailer: the Final Boss,Channel_174,Sports,GB,2026-07-28,4,2026-07-25 00:00:00,176266,4942,210,492,funny|trending|viral,incredible content video,False
YT100724,Top 10 Street Food Moments,Channel_299,Gaming,US,2026-01-24,12,2026-01-22 00:00:00,1208003,50097,1685,5984,funny|trending|new|review,content like video great,False
YT100725,How Budget Travel Changed Everything,Channel_160,Education,IN,2026-03-26,3,2026-03-26 00:00:00,238320,8842,614,1404,trending|funny|review|2026,like thoughts trash thoughts flop,False
YT100726,How my Life Changed Everything,Channel_13,People & Blogs,IN,2026-05-06,7,2026-05-05 00:00:00,174853,5785,575,680,review|trending|gaming|viral,okay watched fire,False
YT100727,OFFICIAL Trailer: the World Cup,Channel_121,Entertainment,AU,2026-07-25,2,2026-07-25 00:00:00,632877,26582,2475,2414,highlights|trending|new|viral,video excellent amazing disappointing,False
YT100728,the Stock Market Full Episode | Highlights,Channel_282,Film & Animation,GB,2026-05-06,14,2026-05-02 00:00:00,198686,7691,772,301,funny|viral|highlights,perfect watched love great upload honestly,False
YT100729,I Tried the World Cup For 24 Hours,Channel_271,Comedy,AU,2026-08-08,4,2026-08-08 00:00:00,447015,2235,145,1743,review|official|gaming,boring perfect channel watched fantastic review,False
YT100730,How the Ocean Changed Everything,Channel_401,News & Politics,AU,2026-03-07,5,2026-03-04 00:00:00,187254,7896,356,693,gaming|2026,trash comment upload,False
YT100731,Street Food REACTION,Channel_492,Science & Technology,AU,2026-06-25,14,2026-06-25 00:00:00,212646,11085,494,887,new|music|viral|funny,watched this video,False
YT100732,OFFICIAL Trailer: the Stock Market,Channel_386,Film & Animation,AU,2026-08-01,7,2026-08-01 00:00:00,395740,14477,699,663,review|new|music,great incredible brilliant fire okay cringe,True
YT100733,Robots REACTION,Channel_338,Gaming,GB,2026-04-10,3,2026-04-07 00:00:00,902223,36041,3083,1136,highlights|official|music,thoughts great,False
YT100734,OFFICIAL Trailer: the World Cup,Channel_106,Film & Animation,AU,2026-05-13,8,2026-05-10 00:00:00,116297,6169,454,753,review|gaming|official|highlights,great content honestly fire,False
YT100735,Budget Travel REACTION,Channel_58,Entertainment,IN,2026-01-26,6,2026-01-26 00:00:00,887529,29101,1042,1890,viral|funny,excellent brilliant review brilliant,False
YT100736,Top 10 the Ocean Moments,Channel_248,Sports,AU,2026-08-16,5,2026-08-13 00:00:00,64058,3405,164,289,trending|official|viral|highlights,comment awful overrated underrated trash,False
YT100737,Gaming Setup - Official Music Video,Channel_466,Gaming,IN,2026-05-31,2,2026-05-27 00:00:00,509439,26254,2968,2159,new|trending|2026|official,fine unwatchable upload perfect best,False
YT100738,Learn the Algorithm in 10 Minutes,Channel_127,Film & Animation,US,2026-02-15,1,2026-02-13 00:00:00,174954,5619,186,1144,funny|viral|trending,like review honestly awesome boring watched okay channel,False
YT100739,Learn my Life in 10 Minutes,Channel_294,News & Politics,IN,2026-04-26,8,2026-04-22 00:00:00,288333,14573,1684,506,official|highlights|funny|trending,fantastic awesome content like,False
YT100740,Gaming Setup Breaking News Update,Channel_398,News & Politics,IN,2026-06-17,13,2026-06-16 00:00:00,36219,2749,227,116,official|funny|2026,review best,False
YT100741,How the Algorithm Changed Everything,Channel_70,Gaming,GB,2026-07-01,8,2026-06-29 00:00:00,225200,10846,473,711,official|music|highlights|gaming,upload fire fantastic okay fine honestly perfect incredible best,False
YT100742,Top 10 Robots Moments,Channel_458,Gaming,GB,2026-03-19,5,2026-03-19 00:00:00,454071,15001,901,1885,viral|funny,trash comment boring great fine awesome,False
YT100743,the World Cup - Official Music Video,Channel_40,Gaming,IN,2026-03-22,12,2026-03-22 00:00:00,1273003,68221,5500,6997,new|viral|funny|trending,boring video,False
YT100744,my Life vs Everyone | Full Match,Channel_351,Entertainment,GB,2026-06-17,2,2026-06-13 00:00:00,243680,10674,1153,1058,viral|funny|review,fantastic overrated great great content,False
YT100745,New York Live Performance 2026,Channel_329,Music,CA,2026-01-07,7,2026-01-06 00:00:00,920927,31723,1731,2766,music|viral|trending,like,False
YT100746,OFFICIAL Trailer: Season 5,Channel_99,Gaming,GB,2026-05-28,1,2026-05-27 00:00:00,1095033,38197,4146,5277,highlights|official|review|music,fantastic perfect review overrated perfect okay,False
YT100747,Top 10 the Ocean Moments,Channel_412,Entertainment,CA,2026-04-12,4,2026-04-11 00:00:00,513523,27912,1293,883,gaming|new|viral,underrated video amazing fire comment,False
YT100748,The Truth About New York,Channel_216,Film & Animation,IN,2026-07-05,10,2026-07-03 00:00:00,255293,14968,687,744,trending|review|music,comment cringe goated love excellent great love,False
YT100749,How Gaming Setup Changed Everything,Channel_372,Entertainment,CA,2026-04-04,11,2026-04-02 00:00:00,295693,9793,497,2126,highlights|official,honestly,False
YT100750,Top 10 Gaming Setup Moments,Channel_314,Entertainment,IN,2026-04-27,5,2026-04-27 00:00:00,66995,2371,236,289,review|official,great terrible like content great incredible unwatchable okay,False
YT100751,How Gaming Setup Changed Everything,Channel_236,People & Blogs,AU,2026-03-21,11,2026-03-17 00:00:00,494410,20918,1184,2711,gaming|funny|2026|trending,channel fantastic perfect fire,True
YT100752,the Algorithm - Official Music Video,Channel_329,Entertainment,US,2026-06-22,7,2026-06-19 00:00:00,732958,19680,1295,2805,review|gaming,waste honestly underrated,False
YT100753,my Life REACTION,Channel_445,Film & Animation,GB,2026-06-16,12,2026-06-16 00:00:00,426337,20423,985,1571,2026|viral,video awful channel honestly,False
YT100754,Season 5 Live Performance 2026,Channel_254,Comedy,IN,2026-03-12,8,2026-03-08 00:00:00,373920,11643,881,2682,trending|music|viral|official,thoughts okay thoughts watched,False
YT100755,the Ocean Breaking News Update,Channel_395,Music,CA,2026-05-07,9,2026-05-06 00:00:00,1064208,53718,3609,5595,official|highlights,disappointing best honestly,False
YT100756,the Ocean vs Everyone | Full Match,Channel_190,Music,AU,2026-03-23,5,2026-03-19 00:00:00,870491,39701,3413,2185,trending|review|viral|new,brilliant comment,False
YT100757,the Universe Full Episode | Highlights,Channel_339,Education,GB,2026-07-20,1,2026-07-19 00:00:00,210703,3234,281,836,viral|official,watched this video,False
YT100758,How the Final Boss Changed Everything,Channel_189,Film & Animation,US,2026-05-25,9,2026-05-24 00:00:00,539877,10723,669,4092,2026|trending|music|funny,channel channel underrated video best,False
YT100759,How New York Changed Everything,Channel_210,Comedy,AU,2026-06-04,12,2026-06-04 00:00:00,777020,23199,1927,2457,trending|review|official|viral,amazing excellent content thoughts fire,False
YT100760,Top 10 the Stock Market Moments,Channel_13,Science & Technology,US,2026-04-18,2,2026-04-18 00:00:00,428255,20310,840,1205,official|new|viral|funny,content perfect awesome honestly,False
YT100761,the World Cup Live Performance 2026,Channel_146,Science & Technology,AU,2026-05-21,5,2026-05-21 00:00:00,130900,7457,741,408,music|2026|trending|review,watched love review fire fine review like,False
YT100762,Top 10 TikTok Moments,Channel_72,Music,IN,2026-01-04,5,2026-01-03 00:00:00,269168,14887,1369,1398,highlights|funny|official,comment,False
YT100763,The Truth About Robots,Channel_395,Science & Technology,US,2026-04-18,12,2026-04-15 00:00:00,83098,4539,523,466,trending|highlights|gaming,cringe review like,False
YT100764,Gaming Setup - Official Music Video,Channel_467,Gaming,IN,2026-01-02,6,2025-12-30 00:00:00,467625,25214,2552,2714,highlights|new,fine cringe,False
YT100765,Learn Budget Travel in 10 Minutes,Channel_220,Education,CA,2026-07-17,3,2026-07-14 00:00:00,462075,30368,3208,2280,funny|viral|trending|review,incredible amazing watched,False
YT100766,How Gaming Setup Changed Everything,Channel_486,Gaming,GB,2026-05-31,4,2026-05-27 00:00:00,269433,13466,787,744,gaming|trending|music,goated content,False
YT100767,the World Cup vs Everyone | Full Match,Channel_200,Film & Animation,GB,2026-08-23,13,2026-08-22 00:00:00,765537,41367,2104,4023,music|official,best fire honestly content channel,False
YT100768,Learn Gaming Setup in 10 Minutes,Channel_21,Entertainment,US,2026-02-10,4,2026-02-10 00:00:00,656742,25900,894,4821,review|funny,cringe thoughts fire review goated thoughts,False
YT100769,the Championship Live Performance 2026,Channel_435,Music,US,2026-08-26,2,2026-08-24 00:00:00,535128,13107,1436,1658,gaming|2026,terrible flop content fine incredible review channel best,False
YT100770,I Tried the World Cup For 24 Hours,Channel_72,Education,IN,2026-04-19,2,2026-04-17 00:00:00,457117,23125,2609,756,music|new|funny,incredible perfect watched watched,False
YT100771,Gaming Setup Breaking News Update,Channel_483,Music,US,2026-01-24,14,2026-01-22 00:00:00,161757,8572,766,593,review|viral,fantastic okay underrated fire awesome thoughts,False
YT100772,New York REACTION,Channel_313,Sports,CA,2026-06-11,1,2026-06-09 00:00:00,821077,43273,1669,3959,new|funny,unwatchable goated like review,False
YT100773,the Championship vs Everyone | Full Match,Channel_266,Music,AU,2026-04-15,12,2026-04-12 00:00:00,658560,42726,1746,2376,2026|viral|highlights|music,awful fire honestly,False
YT100774,I Tried the Final Boss For 24 Hours,Channel_363,Gaming,IN,2026-02-09,7,2026-02-05 00:00:00,456625,23673,2085,2197,new|gaming,amazing thoughts,False
YT100775,Gaming Setup Breaking News Update,Channel_204,Education,IN,2026-06-09,2,2026-06-05 00:00:00,156450,9418,975,1025,official|viral,thoughts watched,False
YT100776,Learn the World Cup in 10 Minutes,Channel_190,News & Politics,IN,2026-07-21,13,2026-07-20 00:00:00,228593,10749,845,959,gaming|new|viral,incredible great boring,False
YT100777,the Algorithm Breaking News Update,Channel_100,Gaming,IN,2026-04-23,5,2026-04-20 00:00:00,341298,17927,1725,1813,trending|review|music,goated boring,False
YT100778,OFFICIAL Trailer: Street Food,Channel_483,People & Blogs,AU,2026-04-12,4,2026-04-11 00:00:00,379512,22188,2377,1198,music|highlights,okay channel like fine worst,False
YT100779,the Ocean REACTION,Channel_492,News & Politics,IN,2026-02-11,9,2026-02-10 00:00:00,354518,16983,1290,1617,new|gaming|music|funny,channel thoughts video review,False
YT100780,the Stock Market Full Episode | Highlights,Channel_381,Entertainment,IN,2026-02-05,13,2026-02-02 00:00:00,353086,18765,1606,1705,2026|new|official,goated like review excellent watched,False
YT100781,my Life vs Everyone | Full Match,Channel_419,Film & Animation,IN,2026-02-13,10,2026-02-13 00:00:00,224395,9459,458,882,trending|official,awesome like content,False
YT100782,The Truth About AI,Channel_333,Entertainment,CA,2026-01-12,9,2026-01-10 00:00:00,384807,29598,2109,1109,highlights|new,okay review content fire comment,False
YT100783,Learn my Life in 10 Minutes,Channel_421,Comedy,GB,2026-01-25,5,2026-01-22 00:00:00,1055587,32921,2159,3974,gaming|music|funny|viral,amazing worst love channel video unwatchable,False
YT100784,the World Cup Live Performance 2026,Channel_187,Entertainment,AU,2026-07-16,8,2026-07-12 00:00:00,754367,33019,1961,5209,trending|viral|gaming,channel great best okay great content waste like,False
YT100785,Budget Travel REACTION,Channel_386,Comedy,CA,2026-02-16,3,2026-02-14 00:00:00,292408,16202,573,1474,viral|official|trending,unwatchable goated underrated great incredible content,False
YT100786,TikTok vs Everyone | Full Match,Channel_431,Music,US,2026-06-22,14,2026-06-20 00:00:00,895378,38672,1974,3956,review|gaming|trending,content thoughts,False
YT100787,my Life vs Everyone | Full Match,Channel_272,Education,GB,2026-06-12,4,2026-06-09 00:00:00,35477,808,77,168,viral|official,awesome fine unwatchable,False
YT100788,I Tried the Final Boss For 24 Hours,Channel_53,Gaming,CA,2026-04-19,7,2026-04-18 00:00:00,302941,18138,1511,1484,new|trending|gaming|viral,video channel comment fire upload watched excellent watched fire,False
YT100789,Robots - Official Music Video,Channel_460,Gaming,US,2026-07-11,13,2026-07-07 00:00:00,482760,16267,1782,2669,highlights|trending|funny|2026,incredible goated video like boring content,False
YT100790,Top 10 AI Moments,Channel_214,Entertainment,CA,2026-06-25,10,2026-06-23 00:00:00,595902,23032,1739,2824,2026|gaming|trending|official,boring unwatchable best awesome incredible thoughts,False
YT100791,New York - Official Music Video,Channel_494,Entertainment,AU,2026-06-30,10,2026-06-30 00:00:00,760120,43227,1326,4200,viral|review,comment awful,False
YT100792,The Truth About TikTok,Channel_369,Science & Technology,GB,2026-03-23,6,2026-03-22 00:00:00,193857,15872,1791,788,2026|viral,channel upload awful,False
YT100793,I Tried Gaming Setup For 24 Hours,Channel_338,Film & Animation,CA,2026-02-05,5,2026-02-04 00:00:00,287060,10377,923,676,official|highlights|funny,underrated comment waste,False
YT100794,Gaming Setup Breaking News Update,Channel_49,Film & Animation,CA,2026-04-29,7,2026-04-28 00:00:00,492027,7961,755,1572,new|music,upload,False
YT100795,Learn the Final Boss in 10 Minutes,Channel_187,Sports,GB,2026-01-21,8,2026-01-21 00:00:00,279263,7950,626,861,highlights|review|official,like channel review okay,False
YT100796,OFFICIAL Trailer: the World Cup,Channel_350,Science & Technology,GB,2026-02-07,7,2026-02-03 00:00:00,295502,6372,561,912,review|gaming,excellent excellent,False
YT100797,OFFICIAL Trailer: the Final Boss,Channel_52,Sports,IN,2026-08-20,13,2026-08-18 00:00:00,30783,724,41,153,official|new|funny,watched okay like channel upload,False
YT100798,the Algorithm - Official Music Video,Channel_139,Entertainment,CA,2026-06-06,3,2026-06-05 00:00:00,862677,55852,6534,5644,trending|viral|new,terrible,False
YT100799,AI - Official Music Video,Channel_472,Film & Animation,AU,2026-04-11,11,2026-04-09 00:00:00,629451,26652,1017,3619,official|trending,okay amazing awesome,False
YT100800,The Truth About the Final Boss,Channel_322,News & Politics,GB,2026-05-01,9,2026-04-29 00:00:00,285552,22293,2077,923,official|viral|2026,fire perfect brilliant video like love,False
YT100801,The Truth About New York,Channel_68,People & Blogs,GB,2026-04-02,8,2026-04-01 00:00:00,1180326,42753,4106,3366,funny|new|2026,excellent amazing content comment fantastic watched,False
YT100802,Robots Live Performance 2026,Channel_347,Entertainment,US,2026-06-24,14,2026-06-24 00:00:00,436064,3722,300,1179,funny|music|gaming,review watched thoughts,False
YT100803,the Stock Market - Official Music Video,Channel_141,Entertainment,IN,2026-01-10,7,2026-01-07 00:00:00,775199,30144,2486,3040,review|highlights,like honestly cringe video unwatchable,False
YT100804,How Season 5 Changed Everything,Channel_9,Film & Animation,AU,2026-06-06,13,2026-06-04 00:00:00,336558,14955,1249,1382,viral|highlights|trending|official,comment awesome underrated,False
YT100805,New York Full Episode | Highlights,Channel_411,People & Blogs,IN,2026-05-24,7,2026-05-20 00:00:00,143180,4766,399,337,viral|review,like content disappointing terrible,False
YT100806,Street Food REACTION,Channel_394,Gaming,GB,2026-01-19,9,2026-01-16 00:00:00,329593,12847,1222,839,2026|funny|review,awful fantastic content underrated fire,False
YT100807,the Algorithm vs Everyone | Full Match,Channel_464,Music,GB,2026-03-08,7,2026-03-06 00:00:00,942771,58437,6495,2367,trending|funny,watched this video,False
YT100808,Street Food Breaking News Update,Channel_123,Entertainment,GB,2026-04-15,10,2026-04-15 00:00:00,275249,13902,683,1194,review|gaming,fire upload great cringe,False
YT100809,AI Breaking News Update,Channel_272,Film & Animation,CA,2026-04-04,1,2026-04-03 00:00:00,348892,19149,660,1548,gaming|trending,worst review channel honestly channel,False
YT100810,Learn Robots in 10 Minutes,Channel_216,Sports,US,2026-01-06,8,2026-01-05 00:00:00,178013,8428,738,442,gaming|new|viral,watched video amazing trash okay excellent,False
YT100811,Learn the Universe in 10 Minutes,Channel_121,Science & Technology,IN,2026-05-06,12,2026-05-02 00:00:00,628678,16862,1452,1782,new|music|trending,perfect fine comment perfect thoughts content disappointing comment watched amazing review,False
YT100812,Season 5 - Official Music Video,Channel_140,Entertainment,IN,2026-01-05,11,2026-01-04 00:00:00,380087,19605,923,1118,gaming|viral,goated cringe fire worst comment terrible,False
YT100813,Gaming Setup Live Performance 2026,Channel_90,Sports,AU,2026-06-18,3,2026-06-16 00:00:00,232949,11096,917,939,gaming|funny|new,terrible boring thoughts terrible like review brilliant,False
YT100814,AI Full Episode | Highlights,Channel_25,Sports,GB,2026-08-09,7,2026-08-09 00:00:00,352696,28628,1304,1991,new|official|trending,love review underrated excellent great underrated,False
YT100815,Learn the Algorithm in 10 Minutes,Channel_38,Gaming,US,2026-02-09,13,2026-02-09 00:00:00,361016,17584,1024,2516,music|official,okay waste like fantastic honestly content incredible,False
YT100816,Top 10 the Ocean Moments,Channel_384,Sports,CA,2026-04-21,3,2026-04-20 00:00:00,534388,25283,2665,3571,music|2026|new,fantastic content okay awful thoughts best fine love hate hate thoughts,False
YT100817,Top 10 the Ocean Moments,Channel_121,Sports,CA,2026-05-12,1,2026-05-10 00:00:00,55984,3298,190,164,music|gaming|highlights|2026,channel perfect goated,False
YT100818,the Championship vs Everyone | Full Match,Channel_42,Comedy,AU,2026-08-03,12,2026-08-02 00:00:00,149137,9737,1111,329,music|viral|official,okay watched terrible overrated video video,False
YT100819,The Truth About the Stock Market,Channel_128,Science & Technology,AU,2026-01-16,1,2026-01-12 00:00:00,261999,5449,336,1291,music|2026|gaming|new,awesome fantastic cringe,False
YT100820,Season 5 REACTION,Channel_211,Entertainment,IN,2026-06-27,8,2026-06-24 00:00:00,121322,4013,326,523,music|review|gaming|funny,honestly thoughts comment video underrated,False
YT100821,my Life Breaking News Update,Channel_164,Film & Animation,AU,2026-04-04,4,2026-04-01 00:00:00,6871,525,49,29,gaming|music|trending|new,okay,False
YT100822,I Tried Budget Travel For 24 Hours,Channel_181,Music,CA,2026-01-16,8,2026-01-14 00:00:00,374403,8441,354,1968,new|official,review upload,False
YT100823,the Universe vs Everyone | Full Match,Channel_234,People & Blogs,AU,2026-01-04,10,2026-01-04 00:00:00,797593,31346,3679,3222,new|2026|official|viral,overrated review,False
YT100824,Top 10 the Universe Moments,Channel_249,Music,US,2026-05-04,4,2026-05-02 00:00:00,914840,39617,4225,3065,review|highlights|viral|2026,like watched upload video comment flop comment,False
YT100825,the Stock Market vs Everyone | Full Match,Channel_220,Entertainment,AU,2026-04-24,1,2026-04-20 00:00:00,839003,28919,1934,5247,trending|highlights|new|funny,goated best fire terrible,False
YT100826,Learn Gaming Setup in 10 Minutes,Channel_95,Music,US,2026-07-02,2,2026-07-02 00:00:00,364348,17471,1476,1970,funny|viral|highlights,fire goated comment underrated video,False
YT100827,the World Cup vs Everyone | Full Match,Channel_248,Music,US,2026-02-17,7,2026-02-17 00:00:00,624318,39230,2548,1174,2026|highlights|new|music,thoughts amazing goated,False
YT100828,TikTok Full Episode | Highlights,Channel_426,Music,IN,2026-01-14,13,2026-01-12 00:00:00,623542,30089,3399,1072,highlights|music|funny,honestly waste incredible overrated,False
YT100829,Learn the Universe in 10 Minutes,Channel_348,Comedy,AU,2026-05-17,14,2026-05-16 00:00:00,419732,16350,1092,1734,trending|official|gaming,brilliant best review waste video overrated,False
YT100830,How the Stock Market Changed Everything,Channel_436,News & Politics,CA,2026-08-08,14,2026-08-04 00:00:00,145704,7272,271,720,review|gaming,like brilliant boring underrated,False
YT100831,Top 10 the Championship Moments,Channel_343,Education,IN,2026-06-18,1,2026-06-15 00:00:00,226780,12092,897,1174,music|viral|new,channel trash,False
YT100832,Season 5 vs Everyone | Full Match,Channel_93,Sports,AU,2026-04-01,9,2026-03-29 00:00:00,628461,10266,1006,3065,viral|highlights|gaming|2026,okay watched content okay excellent,False
YT100833,Street Food vs Everyone | Full Match,Channel_466,Entertainment,US,2026-04-15,4,2026-04-13 00:00:00,171338,5200,469,264,highlights|new|review|funny,like terrible,False
YT100834,the Championship Live Performance 2026,Channel_445,Music,AU,2026-05-21,9,2026-05-18 00:00:00,286102,12058,671,1575,music|trending,upload goated content video review,False
YT100835,Season 5 vs Everyone | Full Match,Channel_315,Gaming,CA,2026-01-21,6,2026-01-21 00:00:00,499237,9098,374,1826,new|viral,comment honestly okay,False
YT100836,Top 10 AI Moments,Channel_301,News & Politics,GB,2026-02-22,5,2026-02-21 00:00:00,462303,24745,927,2171,highlights|review,honestly incredible,False
YT100837,the Championship Live Performance 2026,Channel_54,Sports,GB,2026-04-10,7,2026-04-10 00:00:00,395233,21753,1957,1527,official|trending,content watched awful incredible great,False
YT100838,The Truth About the Universe,Channel_146,Education,IN,2026-02-12,12,2026-02-11 00:00:00,441920,10892,899,2680,music|viral,best like content channel comment,False
YT100839,Gaming Setup REACTION,Channel_161,Entertainment,AU,2026-01-22,13,2026-01-22 00:00:00,525480,23907,1235,2868,official|funny|gaming,unwatchable like fantastic,False
YT100840,I Tried AI For 24 Hours,Channel_265,Gaming,AU,2026-08-18,12,2026-08-16 00:00:00,832548,22957,2740,5260,highlights|viral|funny|review,awesome like channel flop best fine thoughts okay,False
YT100841,Top 10 the Algorithm Moments,Channel_155,Comedy,CA,2026-04-07,4,2026-04-07 00:00:00,621462,47959,3424,1982,2026|viral,amazing disappointing review,False
YT100842,Learn TikTok in 10 Minutes,Channel_462,Comedy,IN,2026-06-30,12,2026-06-29 00:00:00,178803,3240,301,765,review|trending,video,False
YT100843,I Tried Season 5 For 24 Hours,Channel_5,Film & Animation,IN,2026-04-13,2,2026-04-10 00:00:00,143724,2992,246,608,music|viral,review,False
YT100844,Top 10 TikTok Moments,Channel_189,Entertainment,GB,2026-01-19,2,2026-01-17 00:00:00,89221,2309,274,119,new|highlights|trending,flop review underrated,False
YT100845,OFFICIAL Trailer: the Algorithm,Channel_219,News & Politics,IN,2026-03-11,12,2026-03-11 00:00:00,230707,5711,545,1394,review|music|trending|funny,channel fine okay content thoughts comment goated,False
YT100846,OFFICIAL Trailer: the Algorithm,Channel_384,Sports,US,2026-08-03,12,2026-08-01 00:00:00,172501,9562,552,670,viral|highlights|2026,worst video goated upload,False
YT100847,TikTok Breaking News Update,Channel_7,Music,GB,2026-07-07,5,2026-07-06 00:00:00,750073,38891,4466,1972,funny|gaming|trending,watched upload comment,False
YT100848,The Truth About Gaming Setup,Channel_317,Comedy,CA,2026-04-26,2,2026-04-24 00:00:00,251319,11451,542,1559,funny|music,amazing upload thoughts honestly,False
YT100849,The Truth About Season 5,Channel_16,Film & Animation,GB,2026-04-14,5,2026-04-12 00:00:00,320348,3200,164,1620,new|review|2026|viral,watched excellent excellent,False
YT100850,I Tried the Championship For 24 Hours,Channel_170,Sports,IN,2026-07-30,5,2026-07-29 00:00:00,330956,22053,1011,1630,funny|gaming|trending|review,incredible okay watched trash,False
YT100851,Budget Travel vs Everyone | Full Match,Channel_423,People & Blogs,US,2026-05-07,14,2026-05-07 00:00:00,44077,2244,73,256,music|highlights|2026,cringe amazing,False
YT100852,The Truth About the Final Boss,Channel_482,Sports,AU,2026-01-30,9,2026-01-29 00:00:00,579007,41544,3785,2051,trending|music,honestly video best video content content perfect,False
YT100853,Gaming Setup Live Performance 2026,Channel_337,Music,AU,2026-04-09,12,2026-04-08 00:00:00,331418,24505,2294,1298,gaming|2026|new|highlights,hate watched thoughts,False
YT100854,Top 10 the World Cup Moments,Channel_193,People & Blogs,US,2026-04-12,14,2026-04-10 00:00:00,453728,22894,1226,1251,official|viral|funny|music,goated comment comment,False
YT100855,the World Cup vs Everyone | Full Match,Channel_18,Film & Animation,GB,2026-07-20,11,2026-07-20 00:00:00,182777,9722,1070,945,funny|new,content disappointing comment channel video,False
YT100856,Top 10 my Life Moments,Channel_224,Music,IN,2026-05-22,14,2026-05-18 00:00:00,334002,6497,401,1746,new|official|gaming,review underrated video awful like,False
YT100857,the Final Boss vs Everyone | Full Match,Channel_242,Entertainment,CA,2026-03-26,9,2026-03-23 00:00:00,272406,5565,538,1042,viral|2026|trending|highlights,goated okay comment watched honestly video brilliant comment content,False
YT100858,the Stock Market REACTION,Channel_22,Film & Animation,GB,2026-01-16,11,2026-01-14 00:00:00,173581,7186,445,751,trending|review|2026|highlights,okay,False
YT100859,New York REACTION,Channel_408,Science & Technology,CA,2026-06-02,10,2026-05-29 00:00:00,472200,20948,2308,866,new|2026|funny,fine amazing waste,False
YT100860,Gaming Setup Live Performance 2026,Channel_456,Sports,US,2026-08-14,8,2026-08-14 00:00:00,263976,5306,594,1155,highlights|gaming,perfect thoughts fire comment,False
YT100861,Learn Season 5 in 10 Minutes,Channel_155,Sports,AU,2026-04-27,10,2026-04-24 00:00:00,600434,25185,879,1883,viral|2026|gaming,okay fine okay awesome like awful love review,False
YT100862,The Truth About TikTok,Channel_188,Music,IN,2026-08-08,2,2026-08-07 00:00:00,808228,36772,1802,3369,music|highlights|viral|gaming,channel excellent fantastic review video,False
YT100863,Budget Travel vs Everyone | Full Match,Channel_319,Gaming,CA,2026-06-10,5,2026-06-08 00:00:00,1462960,82857,8146,6186,funny|review|highlights|trending,brilliant best,False
YT100864,How my Life Changed Everything,Channel_438,Film & Animation,US,2026-06-14,7,2026-06-12 00:00:00,68035,4586,430,319,funny|new,comment thoughts watched incredible fine,False
YT100865,How AI Changed Everything,Channel_416,Music,GB,2026-05-30,1,2026-05-30 00:00:00,224583,10109,1051,897,highlights|viral|review|music,like video okay amazing upload content,False
YT100866,AI Full Episode | Highlights,Channel_473,Film & Animation,AU,2026-05-09,7,2026-05-06 00:00:00,193652,8170,931,911,viral|highlights|trending,flop review great love love,False
YT100867,How the Stock Market Changed Everything,Channel_155,Music,GB,2026-03-21,3,2026-03-20 00:00:00,364165,13123,1002,1441,music|highlights|funny,underrated,False
YT100868,my Life - Official Music Video,Channel_213,Gaming,IN,2026-04-28,8,2026-04-26 00:00:00,355879,12302,1171,120,official|2026|viral,amazing incredible review honestly terrible goated,False
YT100869,the Algorithm REACTION,Channel_237,People & Blogs,GB,2026-06-23,11,2026-06-19 00:00:00,189485,11022,623,407,music|2026,unwatchable thoughts honestly unwatchable upload review,False
YT100870,my Life Full Episode | Highlights,Channel_428,Music,IN,2026-04-27,6,2026-04-26 00:00:00,478021,31848,3006,2723,official|gaming|trending|review,okay goated honestly content boring watched,False
YT100871,The Truth About Robots,Channel_206,Comedy,CA,2026-03-14,10,2026-03-12 00:00:00,483606,24089,1683,1551,highlights|new|official|music,flop watched brilliant channel,False
YT100872,Learn Robots in 10 Minutes,Channel_350,Sports,US,2026-01-16,13,2026-01-12 00:00:00,532974,36424,2490,1809,music|viral|review,amazing,False
YT100873,How the Ocean Changed Everything,Channel_190,Science & Technology,IN,2026-05-22,1,2026-05-20 00:00:00,264508,10123,531,1305,review|2026,overrated thoughts goated video,False
YT100874,Learn my Life in 10 Minutes,Channel_306,Music,AU,2026-05-28,6,2026-05-24 00:00:00,354456,28849,1131,1402,funny|new|music,amazing upload comment,False
YT100875,the Stock Market vs Everyone | Full Match,Channel_429,Science & Technology,US,2026-08-17,8,2026-08-14 00:00:00,268679,11270,1017,1548,funny|2026,perfect incredible okay comment underrated,False
YT100876,New York - Official Music Video,Channel_353,Education,GB,2026-05-09,13,2026-05-09 00:00:00,479114,33465,1967,2076,music|highlights|new|official,amazing excellent,False
YT100877,the Stock Market - Official Music Video,Channel_321,Science & Technology,US,2026-04-26,3,2026-04-25 00:00:00,110043,7911,562,498,trending|official|funny|music,fine like goated,False
YT100878,the Algorithm - Official Music Video,Channel_35,Comedy,AU,2026-03-09,14,2026-03-09 00:00:00,201073,11492,1098,1143,trending|viral|funny,amazing great,True
YT100879,I Tried AI For 24 Hours,Channel_10,Comedy,CA,2026-04-02,13,2026-03-31 00:00:00,201396,10657,788,791,funny|viral|2026|review,like unwatchable best like fantastic,False
YT100880,Top 10 Robots Moments,Channel_135,Music,IN,2026-04-25,2,2026-04-22 00:00:00,242232,8953,798,1217,gaming|trending|2026|viral,like comment fine thoughts love worst,False
YT100881,the Championship - Official Music Video,Channel_416,Film & Animation,GB,2026-01-25,12,2026-01-25 00:00:00,564990,15910,1629,3596,new|2026|funny|gaming,watched okay excellent,False
YT100882,Top 10 Season 5 Moments,Channel_157,People & Blogs,IN,2026-03-06,14,2026-03-04 00:00:00,518617,16119,1733,2733,official|viral|2026|review,watched comment video watched,False
YT100883,Robots Breaking News Update,Channel_334,Gaming,US,2026-05-14,7,2026-05-12 00:00:00,762333,42985,3249,4843,2026|new,awesome boring fantastic honestly watched watched fire comment,False
YT100884,New York REACTION,Channel_195,Film & Animation,CA,2026-08-12,9,2026-08-09 00:00:00,1191496,69436,5604,4112,official|trending|highlights|music,disappointing content honestly,False
YT100885,Learn the World Cup in 10 Minutes,Channel_109,People & Blogs,IN,2026-02-19,10,2026-02-19 00:00:00,388261,13423,1580,1702,viral|new,best honestly,False
YT100886,Gaming Setup vs Everyone | Full Match,Channel_33,Music,IN,2026-07-11,11,2026-07-09 00:00:00,806358,29161,1905,2485,funny|official|trending|review,video fantastic thoughts,False
YT100887,the Stock Market Breaking News Update,Channel_35,Film & Animation,IN,2026-06-24,6,2026-06-23 00:00:00,395180,21261,1096,1716,highlights|trending|official,brilliant excellent goated,True
YT100888,Learn my Life in 10 Minutes,Channel_472,People & Blogs,CA,2026-07-18,2,2026-07-17 00:00:00,666876,33292,1104,3047,music|funny|highlights,fine fine underrated video overrated,False
YT100889,the Ocean - Official Music Video,Channel_169,People & Blogs,AU,2026-04-10,13,2026-04-06 00:00:00,95448,6991,688,304,gaming|music|official|funny,watched like boring,False
YT100890,AI Live Performance 2026,Channel_44,Gaming,GB,2026-08-27,5,2026-08-23 00:00:00,376423,13965,419,1263,new|funny|highlights,hate video upload goated,False
YT100891,the Universe REACTION,Channel_374,Comedy,CA,2026-03-10,10,2026-03-07 00:00:00,830238,31902,3058,5614,funny|music|2026|highlights,worst disappointing okay,False
YT100892,the Universe vs Everyone | Full Match,Channel_186,Sports,AU,2026-06-07,11,2026-06-03 00:00:00,504677,21534,1003,2065,funny|official|gaming|review,review watched fire great best content,False
YT100893,TikTok Breaking News Update,Channel_17,News & Politics,AU,2026-02-22,12,2026-02-20 00:00:00,368906,25432,2976,1174,new|review,fine excellent like,False
YT100894,the Stock Market - Official Music Video,Channel_322,Science & Technology,IN,2026-02-25,9,2026-02-24 00:00:00,595135,22074,2141,1872,official|viral|music,overrated video love,True
YT100895,OFFICIAL Trailer: AI,Channel_174,People & Blogs,AU,2026-02-14,1,2026-02-12 00:00:00,332059,13011,1305,1039,highlights|2026,channel terrible,False
YT100896,I Tried Season 5 For 24 Hours,Channel_334,Music,GB,2026-02-03,14,2026-02-02 00:00:00,1011246,48033,4300,4044,review|gaming|new|2026,goated love fantastic comment,False
YT100897,Learn Season 5 in 10 Minutes,Channel_173,Gaming,IN,2026-01-06,9,2026-01-05 00:00:00,188340,6203,602,537,official|funny,fire review upload upload,False
YT100898,Learn AI in 10 Minutes,Channel_239,News & Politics,AU,2026-02-23,11,2026-02-19 00:00:00,419663,25034,917,881,official|2026,perfect amazing,False
YT100899,I Tried the Algorithm For 24 Hours,Channel_77,Music,IN,2026-03-11,13,2026-03-11 00:00:00,567207,28240,2348,2433,funny|review|viral,upload fire thoughts,False
YT100900,Season 5 Breaking News Update,Channel_416,Gaming,AU,2026-08-26,11,2026-08-23 00:00:00,539595,21841,1429,2316,music|funny|trending|2026,incredible like disappointing,False
YT100901,TikTok Breaking News Update,Channel_15,Comedy,AU,2026-04-27,10,2026-04-25 00:00:00,450990,13600,618,1650,official|funny|new,fire review waste,False
YT100902,How New York Changed Everything,Channel_317,People & Blogs,GB,2026-02-27,14,2026-02-24 00:00:00,121220,5801,660,700,music|trending|funny|2026,thoughts channel comment honestly okay okay goated,False
YT100903,How the World Cup Changed Everything,Channel_438,Film & Animation,AU,2026-07-10,12,2026-07-10 00:00:00,493160,28979,1824,2146,gaming|highlights|2026,best watched goated okay video,False
YT100904,Street Food Breaking News Update,Channel_393,News & Politics,CA,2026-07-12,10,2026-07-08 00:00:00,405248,12442,1185,1095,official|new|2026,video review okay like brilliant,False
YT100905,Season 5 vs Everyone | Full Match,Channel_181,People & Blogs,CA,2026-08-16,11,2026-08-13 00:00:00,369932,19306,2083,1366,new|2026|highlights|review,okay watched fine upload video,False
YT100906,Season 5 - Official Music Video,Channel_377,Sports,US,2026-01-19,12,2026-01-18 00:00:00,146522,8975,894,500,gaming|new|music|funny,excellent thoughts upload waste review goated best best,False
YT100907,Top 10 TikTok Moments,Channel_469,Education,US,2026-01-14,8,2026-01-12 00:00:00,410749,28398,3309,1464,2026|gaming|review|trending,watched this video,False
YT100908,the World Cup vs Everyone | Full Match,Channel_46,Entertainment,GB,2026-07-05,10,2026-07-02 00:00:00,596232,17276,1367,2867,trending|funny|viral,thoughts fine waste thoughts,False
YT100909,How my Life Changed Everything,Channel_64,Sports,GB,2026-08-08,10,2026-08-08 00:00:00,264345,13691,1198,1129,music|review|2026|new,okay overrated worst terrible review great,False
YT100910,the Stock Market Breaking News Update,Channel_31,News & Politics,AU,2026-05-21,2,2026-05-19 00:00:00,229299,1146,40,735,funny|viral|highlights|trending,watched this video,False
YT100911,The Truth About Robots,Channel_277,Sports,US,2026-04-07,3,2026-04-04 00:00:00,556540,8609,660,3078,new|trending|highlights,fine overrated,False
YT100912,TikTok Full Episode | Highlights,Channel_137,Comedy,GB,2026-03-02,5,2026-02-28 00:00:00,706272,32407,3774,2575,review|trending|funny|new,underrated goated excellent like brilliant video,False
YT100913,I Tried AI For 24 Hours,Channel_82,Sports,CA,2026-04-09,9,2026-04-08 00:00:00,306747,21577,739,1362,new|music|trending|2026,excellent upload comment perfect love brilliant,False
YT100914,the Universe Full Episode | Highlights,Channel_367,News & Politics,GB,2026-04-10,1,2026-04-09 00:00:00,349788,13980,891,1121,review|music|funny,fantastic okay fine,False
YT100915,Top 10 the Final Boss Moments,Channel_32,News & Politics,AU,2026-08-25,9,2026-08-25 00:00:00,368671,8162,794,2091,new|gaming|funny,overrated upload fine best,False
YT100916,How Robots Changed Everything,Channel_426,Entertainment,CA,2026-03-06,14,2026-03-04 00:00:00,151927,7851,370,596,viral|gaming|new,perfect flop channel,False
YT100917,the Stock Market - Official Music Video,Channel_278,News & Politics,GB,2026-02-27,1,2026-02-24 00:00:00,646918,33488,3186,3225,official|new|funny|gaming,review fine fantastic honestly,False
YT100918,Learn the World Cup in 10 Minutes,Channel_303,Gaming,CA,2026-01-06,7,2026-01-06 00:00:00,51166,2229,104,143,review|funny|gaming|new,content overrated okay waste okay underrated,False
YT100919,the Final Boss vs Everyone | Full Match,Channel_194,Sports,GB,2026-08-21,2,2026-08-17 00:00:00,192371,8508,723,792,review|official|2026,channel amazing fire great goated,False
YT100920,OFFICIAL Trailer: AI,Channel_230,Gaming,US,2026-06-12,3,2026-06-12 00:00:00,339665,18267,760,1693,viral|review|funny,incredible,False
YT100921,the World Cup - Official Music Video,Channel_93,Comedy,GB,2026-02-16,6,2026-02-14 00:00:00,233273,11447,843,1543,highlights|2026|viral|funny,goated like best,False
YT100922,How Robots Changed Everything,Channel_282,Film & Animation,CA,2026-01-21,1,2026-01-20 00:00:00,110087,5042,287,543,highlights|new|gaming|official,underrated best,False
YT100923,Season 5 - Official Music Video,Channel_167,Comedy,GB,2026-05-02,3,2026-04-30 00:00:00,123414,4884,485,418,gaming|highlights|funny,fine content video upload,False
YT100924,I Tried the World Cup For 24 Hours,Channel_82,Entertainment,IN,2026-01-14,11,2026-01-11 00:00:00,120601,5197,253,403,official|2026,content goated awful excellent,False
YT100925,The Truth About Season 5,Channel_42,News & Politics,IN,2026-04-06,8,2026-04-02 00:00:00,456864,24508,1935,2049,new|official|funny,comment awesome fire channel excellent,False
YT100926,the World Cup - Official Music Video,Channel_432,Science & Technology,IN,2026-02-21,8,2026-02-17 00:00:00,425162,21858,942,2404,funny|viral|review|2026,okay waste content,False
YT100927,I Tried the Championship For 24 Hours,Channel_406,Entertainment,CA,2026-03-03,10,2026-03-03 00:00:00,502365,29517,912,1976,official|new|2026|music,review like channel love upload,False
YT100928,AI Live Performance 2026,Channel_68,Gaming,AU,2026-08-20,2,2026-08-16 00:00:00,374008,16807,1277,1839,review|official|new,watched amazing,False
YT100929,Gaming Setup Full Episode | Highlights,Channel_120,Music,CA,2026-06-07,10,2026-06-05 00:00:00,294723,17697,1226,2304,trending|funny|viral|official,fine boring hate brilliant underrated excellent,False
YT100930,The Truth About New York,Channel_249,Education,CA,2026-08-21,2,2026-08-19 00:00:00,251314,13927,446,805,gaming|2026,watched boring best,False
YT100931,the Championship Breaking News Update,Channel_484,Science & Technology,US,2026-02-27,3,2026-02-23 00:00:00,127197,4799,219,153,highlights|new|official|gaming,incredible,True
YT100932,The Truth About Gaming Setup,Channel_121,Film & Animation,CA,2026-07-03,4,2026-07-03 00:00:00,667623,20108,1891,1585,highlights|music,waste video overrated awful fine watched brilliant great brilliant honestly,False
YT100933,Robots Full Episode | Highlights,Channel_323,Music,US,2026-06-06,1,2026-06-03 00:00:00,284717,12289,450,868,official|gaming|viral|new,worst honestly awesome channel awesome,False
YT100934,Budget Travel Live Performance 2026,Channel_482,People & Blogs,US,2026-04-12,12,2026-04-08 00:00:00,206097,11410,439,491,viral|highlights,best goated flop thoughts excellent like,False
YT100935,the Algorithm Live Performance 2026,Channel_349,Entertainment,US,2026-01-13,2,2026-01-13 00:00:00,333728,14820,1298,1967,viral|2026,like great,False
YT100936,Budget Travel Full Episode | Highlights,Channel_318,Science & Technology,IN,2026-05-05,11,2026-05-01 00:00:00,215064,12632,1454,1184,music|gaming|highlights,upload thoughts cringe,False
YT100937,the Ocean Live Performance 2026,Channel_260,Comedy,IN,2026-05-13,14,2026-05-11 00:00:00,589733,14083,665,2639,new|music,fantastic brilliant thoughts brilliant upload,False
YT100938,Season 5 REACTION,Channel_271,Music,CA,2026-03-17,13,2026-03-14 00:00:00,570186,21879,2474,1361,music|gaming|new|trending,incredible review,False
YT100939,Season 5 - Official Music Video,Channel_247,Education,US,2026-02-21,5,2026-02-20 00:00:00,32585,1289,135,163,official|review|2026,thoughts watched,False
YT100940,my Life Live Performance 2026,Channel_209,News & Politics,US,2026-07-21,13,2026-07-17 00:00:00,187551,6254,661,622,new|gaming|viral,content perfect honestly cringe,False
YT100941,I Tried the World Cup For 24 Hours,Channel_240,Gaming,US,2026-07-07,4,2026-07-06 00:00:00,884535,60959,6364,5791,gaming|2026,watched underrated great channel,False
YT100942,OFFICIAL Trailer: Season 5,Channel_220,Education,IN,2026-01-28,1,2026-01-24 00:00:00,75455,3203,209,435,funny|gaming|music|review,video honestly,False
YT100943,Top 10 Gaming Setup Moments,Channel_378,Science & Technology,CA,2026-03-21,8,2026-03-21 00:00:00,682347,29211,2686,2651,music|new|review|highlights,upload honestly okay underrated thoughts,False
YT100944,I Tried the World Cup For 24 Hours,Channel_125,Entertainment,CA,2026-07-27,6,2026-07-26 00:00:00,407355,14056,1127,1616,viral|music,upload thoughts perfect,False
YT100945,Top 10 Gaming Setup Moments,Channel_37,Music,CA,2026-04-22,11,2026-04-20 00:00:00,1718362,86568,7616,6962,official|review|funny|2026,incredible underrated like comment watched,False
YT100946,the World Cup Breaking News Update,Channel_442,Sports,IN,2026-08-04,13,2026-08-01 00:00:00,552705,14292,903,2658,highlights|viral|new|trending,watched fantastic,False
YT100947,The Truth About Season 5,Channel_493,Comedy,GB,2026-03-03,3,2026-02-28 00:00:00,134051,6567,243,379,music|funny|new,best waste content love,False
YT100948,I Tried the Ocean For 24 Hours,Channel_226,Music,AU,2026-03-09,10,2026-03-05 00:00:00,747967,28648,2575,5128,funny|viral,fine awesome,False
YT100949,the Final Boss Breaking News Update,Channel_7,Gaming,CA,2026-02-03,14,2026-02-01 00:00:00,1812685,89319,10330,1480,funny|trending|highlights,fantastic thoughts comment fine,False
YT100950,The Truth About the Final Boss,Channel_31,Education,AU,2026-06-02,4,2026-05-29 00:00:00,304888,10606,800,1133,2026|review|new,like amazing video,False
YT100951,Season 5 - Official Music Video,Channel_366,Film & Animation,US,2026-06-05,11,2026-06-03 00:00:00,142831,9059,524,174,gaming|viral,terrible best brilliant,False
YT100952,Robots Live Performance 2026,Channel_376,Film & Animation,GB,2026-04-16,9,2026-04-15 00:00:00,831624,56294,4956,4417,2026|music,comment okay fine,False
YT100953,Learn the Ocean in 10 Minutes,Channel_317,Music,CA,2026-06-08,4,2026-06-06 00:00:00,846444,56705,6330,1401,review|2026|funny,okay,False
YT100954,Budget Travel Full Episode | Highlights,Channel_169,News & Politics,IN,2026-02-01,11,2026-01-29 00:00:00,242206,11690,1314,1477,gaming|official|funny,incredible upload great watched,False
YT100955,I Tried the Stock Market For 24 Hours,Channel_31,Music,AU,2026-03-17,9,2026-03-14 00:00:00,191285,7842,548,880,funny|review,hate thoughts fine hate,False
YT100956,Gaming Setup Live Performance 2026,Channel_251,Entertainment,AU,2026-02-10,5,2026-02-10 00:00:00,181762,6861,311,773,review|highlights,like fine upload,False
YT100957,The Truth About the Final Boss,Channel_381,Film & Animation,GB,2026-05-31,1,2026-05-30 00:00:00,260256,9522,902,1022,highlights|new|official|funny,review goated incredible fantastic,False
YT100958,Season 5 REACTION,Channel_80,Comedy,CA,2026-04-12,9,2026-04-12 00:00:00,117103,7480,348,525,official|viral|music|highlights,goated review perfect underrated upload love unwatchable watched,False
YT100959,Learn Season 5 in 10 Minutes,Channel_126,Film & Animation,CA,2026-01-29,13,2026-01-25 00:00:00,114795,7021,292,431,trending|gaming|music,excellent,False
YT100960,I Tried Street Food For 24 Hours,Channel_440,Entertainment,CA,2026-07-17,11,2026-07-16 00:00:00,375460,28050,1714,1356,gaming|new,brilliant honestly incredible,False
YT100961,TikTok Live Performance 2026,Channel_57,Film & Animation,IN,2026-08-16,10,2026-08-12 00:00:00,318114,11408,911,208,trending|gaming|review,trash terrible amazing okay comment goated,False
YT100962,the Final Boss Full Episode | Highlights,Channel_17,Gaming,IN,2026-03-28,1,2026-03-28 00:00:00,954343,55284,2438,2129,music|review|new,great awesome terrible watched comment video review,False
YT100963,I Tried TikTok For 24 Hours,Channel_118,Gaming,CA,2026-07-03,2,2026-07-03 00:00:00,654111,31451,3175,3671,highlights|music|review,great great best,False
YT100964,TikTok Breaking News Update,Channel_473,Gaming,AU,2026-07-13,6,2026-07-10 00:00:00,403676,19416,897,1878,highlights|new|2026|review,channel thoughts comment review love thoughts,False
YT100965,Learn Street Food in 10 Minutes,Channel_189,Sports,CA,2026-06-29,2,2026-06-27 00:00:00,623872,21887,1973,3500,viral|gaming|review|music,thoughts content love,False
YT100966,Learn the Stock Market in 10 Minutes,Channel_108,Sports,AU,2026-01-30,7,2026-01-30 00:00:00,221560,12581,1504,1005,gaming|music|review,underrated okay best amazing,False
YT100967,How AI Changed Everything,Channel_342,Music,AU,2026-04-10,3,2026-04-10 00:00:00,67086,2533,245,299,gaming|review,video upload comment underrated,False
YT100968,New York Full Episode | Highlights,Channel_353,Entertainment,CA,2026-08-18,10,2026-08-16 00:00:00,185526,10365,322,565,new|funny|official,fantastic awesome,False
YT100969,Learn the World Cup in 10 Minutes,Channel_120,Film & Animation,AU,2026-07-18,4,2026-07-16 00:00:00,625579,39154,4283,2929,new|gaming|viral,underrated unwatchable,False
YT100970,the World Cup Breaking News Update,Channel_20,Sports,IN,2026-05-30,13,2026-05-28 00:00:00,814952,20408,1026,3941,new|official|gaming,review cringe,False
YT100971,Budget Travel Live Performance 2026,Channel_277,Entertainment,GB,2026-03-01,5,2026-03-01 00:00:00,319222,19763,700,1541,gaming|trending|review|music,honestly content channel like,False
YT100972,TikTok - Official Music Video,Channel_106,Comedy,IN,2026-01-12,3,2026-01-12 00:00:00,244079,7710,923,1104,new|official|funny,perfect love like like brilliant incredible excellent,False
YT100973,Top 10 Street Food Moments,Channel_99,Music,US,2026-08-24,6,2026-08-23 00:00:00,231254,13484,1031,1067,highlights|music|gaming|2026,content okay,False
YT100974,How the Stock Market Changed Everything,Channel_248,Comedy,US,2026-05-23,8,2026-05-22 00:00:00,730130,24946,1086,4163,2026|funny|official|new,love perfect like content,False
YT100975,Gaming Setup vs Everyone | Full Match,Channel_35,Gaming,US,2026-03-27,4,2026-03-23 00:00:00,888090,22032,1190,6104,trending|review,perfect awesome,False
YT100976,The Truth About Gaming Setup,Channel_73,Comedy,GB,2026-06-16,10,2026-06-14 00:00:00,936732,61965,7107,2473,highlights|music,awesome,False
YT100977,I Tried my Life For 24 Hours,Channel_48,People & Blogs,AU,2026-03-04,6,2026-03-02 00:00:00,551961,28207,2797,2068,highlights|new|music|viral,goated amazing incredible honestly great okay underrated content okay,False
YT100978,the Universe Live Performance 2026,Channel_421,Gaming,AU,2026-08-26,12,2026-08-22 00:00:00,116173,4719,297,314,review|trending|viral,video best video okay,False
YT100979,the Championship REACTION,Channel_18,Entertainment,IN,2026-05-23,2,2026-05-23 00:00:00,268636,16295,1414,840,viral|gaming|highlights|official,great,False
YT100980,the World Cup Breaking News Update,Channel_370,Education,CA,2026-07-29,11,2026-07-29 00:00:00,315908,8424,547,1028,2026|trending|viral,underrated best upload fire underrated perfect brilliant,False
YT100981,Robots REACTION,Channel_75,Music,CA,2026-04-23,10,2026-04-19 00:00:00,673372,35195,3106,1860,review|official,channel content great brilliant watched fine perfect,False
YT100982,Season 5 Full Episode | Highlights,Channel_185,Film & Animation,AU,2026-08-20,1,2026-08-16 00:00:00,414771,25829,2753,1832,2026|viral,review great okay fire content,False
YT100983,OFFICIAL Trailer: Gaming Setup,Channel_376,Music,US,2026-06-20,12,2026-06-16 00:00:00,601405,27205,1463,1610,trending|music|highlights|review,like great channel okay amazing content,False
YT100984,the Algorithm vs Everyone | Full Match,Channel_207,Music,US,2026-04-13,14,2026-04-12 00:00:00,403075,28668,2447,1922,highlights|review|2026,incredible,False
YT100985,Top 10 the Ocean Moments,Channel_364,Comedy,AU,2026-05-17,6,2026-05-15 00:00:00,218441,9210,473,1037,new|highlights,watched like excellent disappointing okay upload okay watched,False
YT100986,Budget Travel Full Episode | Highlights,Channel_247,Gaming,US,2026-08-03,13,2026-08-01 00:00:00,221710,13296,991,1061,new|trending|highlights|viral,content content review underrated perfect,False
YT100987,the Universe Breaking News Update,Channel_390,Gaming,CA,2026-01-08,9,2026-01-04 00:00:00,350900,13674,589,1299,new|trending|2026,content awful,False
YT100988,TikTok Full Episode | Highlights,Channel_95,Entertainment,GB,2026-04-29,4,2026-04-27 00:00:00,274688,12548,478,1145,new|viral|highlights,okay incredible awesome fine channel terrible,False
YT100989,the Stock Market Breaking News Update,Channel_360,Comedy,CA,2026-04-28,4,2026-04-24 00:00:00,314663,25501,1941,1330,official|review|funny,upload,False
YT100990,the Stock Market Live Performance 2026,Channel_285,Film & Animation,GB,2026-05-13,10,2026-05-09 00:00:00,952963,46829,1445,5512,trending|new|official|funny,great perfect underrated,False
YT100991,Top 10 the Stock Market Moments,Channel_236,Entertainment,AU,2026-06-14,1,2026-06-12 00:00:00,985876,39271,1246,4248,official|trending|gaming,thoughts fantastic fire cringe terrible,False
YT100992,the Championship vs Everyone | Full Match,Channel_310,News & Politics,GB,2026-01-06,13,2026-01-04 00:00:00,193717,13557,517,987,gaming|music|official|new,thoughts upload channel channel perfect excellent,False
YT100993,the Algorithm - Official Music Video,Channel_368,Music,GB,2026-06-23,6,2026-06-21 00:00:00,522642,19519,1613,478,highlights|viral|review|trending,upload great honestly okay watched fine,False
YT100994,New York Full Episode | Highlights,Channel_264,Comedy,IN,2026-08-27,4,2026-08-26 00:00:00,410231,8160,418,1032,review|music|viral|highlights,excellent content like goated excellent video goated,True
YT100995,I Tried Gaming Setup For 24 Hours,Channel_5,Comedy,CA,2026-01-13,5,2026-01-09 00:00:00,236337,11497,1182,823,highlights|trending|music|review,thoughts awesome,False
YT100996,New York Full Episode | Highlights,Channel_427,Gaming,GB,2026-08-28,8,2026-08-24 00:00:00,321212,9096,612,1047,highlights|viral|2026,channel video channel review review fine content amazing,False
YT100997,I Tried my Life For 24 Hours,Channel_429,Film & Animation,GB,2026-06-24,4,2026-06-21 00:00:00,105337,3098,191,601,music|2026,video,False
YT100998,Top 10 my Life Moments,Channel_33,News & Politics,AU,2026-03-01,10,2026-02-27 00:00:00,310673,15013,892,1392,gaming|viral|trending,disappointing incredible fine great perfect fine,True
YT100999,my Life - Official Music Video,Channel_178,News & Politics,AU,2026-01-18,1,2026-01-18 00:00:00,57925,2575,146,142,music|trending|official,watched like channel comment like,False
YT101000,the World Cup Breaking News Update,Channel_422,Entertainment,US,2026-03-16,10,2026-03-16 00:00:00,89410,4067,183,396,2026|music|viral|gaming,fantastic amazing,False
YT101001,Robots vs Everyone | Full Match,Channel_401,Film & Animation,AU,2026-04-09,9,2026-04-08 00:00:00,322469,12597,1168,1485,music|highlights|2026,honestly thoughts,False
YT101002,the Championship REACTION,Channel_432,Music,IN,2026-04-12,7,2026-04-12 00:00:00,1314461,51080,5111,4897,2026|official|highlights,like amazing great worst okay watched awful,False
YT101003,the World Cup Live Performance 2026,Channel_470,Film & Animation,US,2026-07-25,12,2026-07-24 00:00:00,860834,47616,5146,2245,funny|trending,video,False
YT101004,the Algorithm REACTION,Channel_15,People & Blogs,IN,2026-01-30,1,2026-01-28 00:00:00,295497,11074,1278,1064,funny|new,amazing like comment best best best great okay perfect worst excellent great,False
YT101005,AI Breaking News Update,Channel_250,Science & Technology,AU,2026-05-09,5,2026-05-05 00:00:00,292081,11896,827,1069,gaming|review|official|highlights,brilliant comment upload,False
YT101006,Gaming Setup Breaking News Update,Channel_376,Film & Animation,IN,2026-05-15,3,2026-05-14 00:00:00,419246,17364,1701,1532,review|2026|trending|highlights,honestly brilliant channel fantastic awesome upload,False
YT101007,the Championship REACTION,Channel_9,Science & Technology,GB,2026-03-25,6,2026-03-21 00:00:00,97499,3609,270,451,trending|funny|official,like upload,False
YT101008,How the Universe Changed Everything,Channel_348,Comedy,IN,2026-04-29,4,2026-04-28 00:00:00,35773,1568,93,218,2026|viral|gaming|highlights,cringe thoughts,False
YT101009,Top 10 AI Moments,Channel_409,Gaming,IN,2026-03-07,14,2026-03-06 00:00:00,104233,5022,177,414,viral|funny,fine flop incredible fire,False
YT101010,I Tried Season 5 For 24 Hours,Channel_451,Gaming,IN,2026-05-23,4,2026-05-20 00:00:00,676276,29132,2800,4363,review|trending|highlights,great perfect incredible upload honestly like,False
YT101011,I Tried Street Food For 24 Hours,Channel_74,Comedy,AU,2026-07-22,3,2026-07-21 00:00:00,338061,15968,552,470,highlights|2026,video thoughts unwatchable incredible excellent underrated cringe comment,False
YT101012,Learn Gaming Setup in 10 Minutes,Channel_428,Entertainment,US,2026-01-10,2,2026-01-08 00:00:00,145205,5350,584,349,official|trending,love fire,False
YT101013,Season 5 Live Performance 2026,Channel_493,News & Politics,GB,2026-03-04,12,2026-03-01 00:00:00,192042,12209,387,603,music|gaming|highlights,like video thoughts waste like,False
YT101014,the Universe Breaking News Update,Channel_488,Entertainment,IN,2026-08-23,13,2026-08-21 00:00:00,373010,25457,2868,1856,highlights|viral|funny|new,fine hate comment content awful fire,False
YT101015,I Tried my Life For 24 Hours,Channel_26,News & Politics,US,2026-02-24,13,2026-02-22 00:00:00,106979,5768,669,219,trending|highlights|gaming,review underrated,True
YT101016,How Street Food Changed Everything,Channel_458,Music,IN,2026-02-14,11,2026-02-12 00:00:00,154669,5578,620,318,gaming|music,brilliant okay fantastic,False
YT101017,the World Cup Live Performance 2026,Channel_103,Film & Animation,CA,2026-04-26,14,2026-04-26 00:00:00,328064,17268,1637,937,music|official,goated goated okay,False
YT101018,The Truth About the Ocean,Channel_220,Music,IN,2026-08-22,11,2026-08-20 00:00:00,956496,24960,1656,2791,review|gaming|viral,upload comment amazing boring,False
YT101019,the World Cup vs Everyone | Full Match,Channel_448,Entertainment,GB,2026-04-29,8,2026-04-25 00:00:00,339804,7349,414,1064,funny|review,perfect,True
YT101020,TikTok Breaking News Update,Channel_344,Gaming,AU,2026-03-28,7,2026-03-26 00:00:00,419683,19210,1374,2001,official|new|highlights|review,content watched terrible fantastic watched,False
YT101021,New York REACTION,Channel_314,Gaming,IN,2026-02-26,2,2026-02-25 00:00:00,884409,61025,2028,2624,highlights|viral|2026,thoughts amazing awesome cringe waste watched okay review content,False
YT101022,the World Cup REACTION,Channel_208,Sports,CA,2026-07-16,13,2026-07-14 00:00:00,356212,18956,1907,827,gaming|new|2026,perfect fantastic awesome excellent,False
YT101023,How Season 5 Changed Everything,Channel_132,News & Politics,GB,2026-04-07,11,2026-04-06 00:00:00,170679,6754,229,448,music|gaming|new,content disappointing cringe terrible video awesome upload review trash,False
YT101024,The Truth About the Ocean,Channel_213,Sports,AU,2026-02-15,11,2026-02-15 00:00:00,62302,3321,330,96,review|music,excellent honestly cringe,False
YT101025,Top 10 the Algorithm Moments,Channel_93,Gaming,CA,2026-08-03,2,2026-08-03 00:00:00,233108,8800,989,1305,viral|gaming|2026|highlights,like content cringe thoughts review content,False
YT101026,The Truth About Gaming Setup,Channel_439,Sports,US,2026-01-12,8,2026-01-11 00:00:00,122745,3829,279,128,official|highlights|2026,amazing flop,False
YT101027,OFFICIAL Trailer: New York,Channel_160,People & Blogs,GB,2026-01-14,10,2026-01-11 00:00:00,658392,31959,3721,2896,review|viral|new,content underrated content disappointing,False
YT101028,the Final Boss Live Performance 2026,Channel_177,Sports,US,2026-02-28,8,2026-02-28 00:00:00,665501,18700,587,1728,highlights|new|music|funny,amazing upload comment like,False
YT101029,the Championship Full Episode | Highlights,Channel_449,People & Blogs,GB,2026-07-17,6,2026-07-14 00:00:00,272478,12383,1073,1385,viral|review|2026,unwatchable honestly honestly honestly flop brilliant,False
YT101030,the Algorithm vs Everyone | Full Match,Channel_492,People & Blogs,CA,2026-02-14,8,2026-02-13 00:00:00,381692,17741,793,1868,highlights|music,content love,False
YT101031,OFFICIAL Trailer: the Stock Market,Channel_432,Sports,CA,2026-05-01,5,2026-04-28 00:00:00,133177,2840,262,447,viral|official|highlights,cringe okay goated,False
YT101032,TikTok vs Everyone | Full Match,Channel_260,Gaming,AU,2026-06-02,11,2026-05-31 00:00:00,112895,4314,191,271,review|new|viral|highlights,thoughts comment upload comment okay,False
YT101033,AI vs Everyone | Full Match,Channel_276,Science & Technology,AU,2026-02-26,14,2026-02-26 00:00:00,411649,23101,2295,1446,highlights|trending|2026|funny,fine great,False
YT101034,I Tried the Final Boss For 24 Hours,Channel_111,People & Blogs,US,2026-04-15,9,2026-04-14 00:00:00,285776,13645,1135,931,viral|new,flop,False
YT101035,the Ocean vs Everyone | Full Match,Channel_233,Science & Technology,US,2026-08-22,10,2026-08-21 00:00:00,105665,3622,355,387,trending|2026|review|new,comment great,False
YT101036,OFFICIAL Trailer: Season 5,Channel_317,Entertainment,GB,2026-02-28,14,2026-02-26 00:00:00,554199,18129,755,1149,new|gaming|music|trending,fine content comment watched,False
YT101037,the Universe Breaking News Update,Channel_172,Film & Animation,IN,2026-06-26,4,2026-06-24 00:00:00,131077,5599,608,457,new|review|funny,honestly upload,False
YT101038,New York - Official Music Video,Channel_315,Comedy,IN,2026-02-12,14,2026-02-12 00:00:00,857077,51018,2518,2169,review|new|gaming,amazing,True
YT101039,The Truth About my Life,Channel_248,Comedy,GB,2026-04-20,11,2026-04-16 00:00:00,1031332,56206,3921,2552,review|highlights,excellent brilliant,False
YT101040,the Algorithm REACTION,Channel_84,People & Blogs,AU,2026-04-14,13,2026-04-13 00:00:00,241113,10715,565,1287,official|highlights|music,upload flop love thoughts,False
YT101041,the Stock Market Live Performance 2026,Channel_26,Music,AU,2026-07-15,6,2026-07-14 00:00:00,686985,30938,3229,1996,trending|new|review,excellent comment okay goated honestly underrated goated,False
YT101042,Budget Travel Live Performance 2026,Channel_188,Entertainment,AU,2026-03-05,2,2026-03-04 00:00:00,106116,5835,340,806,review|2026|highlights|viral,underrated great underrated fantastic,False
YT101043,I Tried the Final Boss For 24 Hours,Channel_461,Music,CA,2026-05-14,4,2026-05-14 00:00:00,376561,13351,1163,1468,music|review|viral,honestly fine terrible upload love channel fantastic amazing,False
YT101044,Top 10 Gaming Setup Moments,Channel_155,Science & Technology,GB,2026-06-22,14,2026-06-22 00:00:00,281293,7307,465,394,official|music|trending|review,upload incredible brilliant,False
YT101045,the World Cup - Official Music Video,Channel_479,Science & Technology,CA,2026-04-16,3,2026-04-12 00:00:00,220123,10671,336,677,viral|highlights|gaming,goated content channel love,False
YT101046,Season 5 REACTION,Channel_153,Entertainment,CA,2026-02-26,11,2026-02-26 00:00:00,789825,32136,1085,4305,music|gaming|new,fantastic amazing awesome worst awesome,False
YT101047,OFFICIAL Trailer: TikTok,Channel_41,People & Blogs,US,2026-08-14,7,2026-08-13 00:00:00,572560,14051,841,506,viral|funny|trending|review,cringe love,False
YT101048,OFFICIAL Trailer: AI,Channel_93,Science & Technology,IN,2026-05-11,7,2026-05-07 00:00:00,204654,7430,603,733,2026|gaming|official|highlights,comment,False
YT101049,AI vs Everyone | Full Match,Channel_247,Music,AU,2026-04-29,3,2026-04-26 00:00:00,252564,10997,903,557,trending|2026|review,trash comment perfect fantastic,False
YT101050,Top 10 New York Moments,Channel_471,Film & Animation,AU,2026-02-14,14,2026-02-12 00:00:00,235083,13564,1613,1181,official|gaming,honestly comment hate,False
YT101051,Top 10 Robots Moments,Channel_491,Sports,CA,2026-04-23,13,2026-04-22 00:00:00,543385,25720,2220,1928,official|music|new,trash fire,False
YT101052,Learn the Stock Market in 10 Minutes,Channel_432,News & Politics,IN,2026-07-30,13,2026-07-28 00:00:00,155146,4530,535,648,funny|gaming,upload okay perfect brilliant,False
YT101053,the Championship Live Performance 2026,Channel_353,People & Blogs,IN,2026-07-04,1,2026-07-03 00:00:00,118812,5318,552,385,2026|gaming,great like love,False
YT101054,Top 10 New York Moments,Channel_216,Science & Technology,US,2026-08-21,13,2026-08-17 00:00:00,390742,10490,943,1867,music|new|2026|funny,upload great fantastic watched,False
YT101055,I Tried Robots For 24 Hours,Channel_487,Film & Animation,US,2026-05-12,14,2026-05-09 00:00:00,888188,25310,1953,5159,2026|trending|funny|official,worst flop,False
YT101056,OFFICIAL Trailer: the World Cup,Channel_24,Music,IN,2026-03-05,5,2026-03-02 00:00:00,1470133,74197,5165,6150,review|trending,brilliant awesome,False
YT101057,I Tried the Final Boss For 24 Hours,Channel_113,Film & Animation,GB,2026-03-31,13,2026-03-27 00:00:00,346270,26961,1726,1013,funny|2026|new,boring video watched,False
YT101058,I Tried TikTok For 24 Hours,Channel_284,Entertainment,US,2026-01-11,4,2026-01-10 00:00:00,148722,1633,139,668,new|highlights|music|official,excellent video perfect comment review best,False
YT101059,The Truth About the Universe,Channel_304,Gaming,CA,2026-06-07,5,2026-06-06 00:00:00,339684,11977,1092,1699,highlights|new,excellent great incredible honestly video,False
YT101060,How Budget Travel Changed Everything,Channel_291,Music,GB,2026-01-28,7,2026-01-26 00:00:00,368407,25236,2795,2453,official|highlights|new,perfect goated unwatchable brilliant,False
YT101061,The Truth About the Algorithm,Channel_120,Comedy,GB,2026-08-08,14,2026-08-08 00:00:00,210517,13041,795,1223,highlights|trending|music,fine brilliant goated awful overrated,False
YT101062,How New York Changed Everything,Channel_392,Music,CA,2026-06-16,12,2026-06-13 00:00:00,553998,19797,785,2787,review|highlights|gaming,video brilliant,False
YT101063,OFFICIAL Trailer: Budget Travel,Channel_241,Education,GB,2026-06-28,1,2026-06-26 00:00:00,145694,8413,649,471,review|highlights|new|music,content upload brilliant,False
YT101064,Learn Budget Travel in 10 Minutes,Channel_19,Education,US,2026-04-08,12,2026-04-07 00:00:00,366611,8221,853,2263,2026|gaming|trending,video fire excellent trash,True
YT101065,Budget Travel Live Performance 2026,Channel_248,Entertainment,IN,2026-03-29,10,2026-03-29 00:00:00,820125,35405,1407,1121,highlights|review|new,overrated excellent trash upload hate excellent,False
YT101066,my Life vs Everyone | Full Match,Channel_277,Film & Animation,IN,2026-06-14,1,2026-06-10 00:00:00,194620,11781,383,1116,trending|music|funny,fine channel brilliant channel,False
YT101067,The Truth About the Algorithm,Channel_450,Comedy,IN,2026-01-01,5,2025-12-28 00:00:00,818106,26305,2015,1031,trending|funny|review,content fine,False
YT101068,Learn New York in 10 Minutes,Channel_336,Education,IN,2026-04-19,1,2026-04-16 00:00:00,104465,5987,630,649,new|funny|trending,thoughts excellent perfect honestly goated comment,False
YT101069,How the Ocean Changed Everything,Channel_226,Sports,US,2026-05-09,5,2026-05-05 00:00:00,597555,27758,1205,2277,highlights|funny|trending|new,awful unwatchable video honestly,False
YT101070,The Truth About Budget Travel,Channel_343,Entertainment,GB,2026-01-27,7,2026-01-26 00:00:00,930459,31328,2823,2643,highlights|review|funny|official,comment disappointing incredible content trash upload watched love,False
YT101071,my Life Breaking News Update,Channel_426,Gaming,CA,2026-05-29,10,2026-05-28 00:00:00,1232226,52773,2384,5497,gaming|music|funny,channel disappointing awful review goated incredible amazing upload,False
YT101072,How the Ocean Changed Everything,Channel_119,News & Politics,AU,2026-05-06,10,2026-05-04 00:00:00,138221,8593,1018,481,gaming|official|highlights,fire watched,False
YT101073,The Truth About Budget Travel,Channel_217,Music,AU,2026-04-30,2,2026-04-28 00:00:00,1260338,54794,6332,4216,review|funny|2026,fine fine watched best,False
YT101074,my Life REACTION,Channel_445,People & Blogs,AU,2026-04-21,14,2026-04-18 00:00:00,195919,5432,419,1061,viral|music|gaming,disappointing,False
YT101075,Learn Street Food in 10 Minutes,Channel_468,Music,IN,2026-02-05,6,2026-02-04 00:00:00,950088,63143,6272,4576,review|trending|gaming,video thoughts awesome content,False
YT101076,The Truth About AI,Channel_455,Music,AU,2026-04-14,6,2026-04-13 00:00:00,1171728,46508,1472,4745,funny|viral,awesome disappointing comment,False
YT101077,my Life Breaking News Update,Channel_261,Comedy,CA,2026-05-18,2,2026-05-16 00:00:00,228060,14765,603,45,funny|highlights|music,channel love comment fire,False
YT101078,The Truth About my Life,Channel_461,Comedy,GB,2026-06-27,14,2026-06-27 00:00:00,260311,14161,789,985,new|gaming|music|trending,cringe thoughts channel,False
YT101079,Learn the World Cup in 10 Minutes,Channel_85,Entertainment,CA,2026-08-01,13,2026-08-01 00:00:00,954510,7301,525,3114,2026|review|highlights|viral,watched hate review,False
YT101080,my Life Live Performance 2026,Channel_198,Comedy,CA,2026-02-19,3,2026-02-15 00:00:00,421964,15338,1602,2745,trending|2026,okay content,False
YT101081,TikTok - Official Music Video,Channel_477,Film & Animation,CA,2026-02-08,6,2026-02-07 00:00:00,459220,12397,702,2256,new|2026,thoughts best review disappointing watched,False
YT101082,Top 10 AI Moments,Channel_493,Gaming,AU,2026-05-05,13,2026-05-02 00:00:00,556381,11261,383,1380,viral|funny|official,amazing awesome okay trash fire,False
YT101083,the Stock Market Live Performance 2026,Channel_124,Film & Animation,US,2026-05-30,8,2026-05-27 00:00:00,135605,7738,400,836,2026|highlights,best upload overrated love review upload like incredible,False
YT101084,Season 5 vs Everyone | Full Match,Channel_186,Comedy,CA,2026-02-14,8,2026-02-12 00:00:00,135778,7767,622,835,2026|gaming,overrated fantastic trash,False
YT101085,Top 10 New York Moments,Channel_226,Gaming,IN,2026-06-22,5,2026-06-20 00:00:00,1506998,92119,9719,4735,gaming|highlights,like channel,False
YT101086,the Stock Market vs Everyone | Full Match,Channel_194,People & Blogs,AU,2026-07-13,7,2026-07-10 00:00:00,532321,19121,2089,2369,official|viral|funny,channel thoughts unwatchable awesome video,False
YT101087,the Algorithm - Official Music Video,Channel_207,Music,US,2026-06-05,11,2026-06-04 00:00:00,922136,37218,2435,3786,viral|review,overrated goated disappointing,False
YT101088,How AI Changed Everything,Channel_447,Film & Animation,IN,2026-01-04,2,2026-01-03 00:00:00,525108,32556,1528,772,review|highlights,perfect fine honestly flop content,False
YT101089,How AI Changed Everything,Channel_284,Entertainment,GB,2026-01-23,2,2026-01-21 00:00:00,511226,32285,3335,3031,trending|gaming,terrible amazing great worst video fine excellent content honestly,False
YT101090,I Tried Robots For 24 Hours,Channel_450,Sports,US,2026-07-14,4,2026-07-10 00:00:00,350181,22105,1272,2772,music|funny,review worst like honestly perfect,False
YT101091,How the Universe Changed Everything,Channel_62,Sports,CA,2026-06-28,3,2026-06-28 00:00:00,191393,7665,251,738,trending|2026|new|music,okay disappointing video awesome awesome comment,False
YT101092,Learn Robots in 10 Minutes,Channel_2,Entertainment,US,2026-08-05,8,2026-08-01 00:00:00,704052,22765,1558,3374,new|viral|highlights|music,content waste,False
YT101093,the World Cup Full Episode | Highlights,Channel_154,News & Politics,CA,2026-08-17,3,2026-08-15 00:00:00,544162,27261,3259,2270,2026|viral,video love awesome upload upload brilliant brilliant cringe fine unwatchable,False
YT101094,the World Cup Full Episode | Highlights,Channel_115,Film & Animation,GB,2026-03-07,9,2026-03-04 00:00:00,548527,25738,2942,2600,2026|official,goated,False
YT101095,The Truth About the Final Boss,Channel_48,Sports,IN,2026-04-05,12,2026-04-01 00:00:00,648325,18111,1902,2781,2026|official|gaming,channel great,False
YT101096,OFFICIAL Trailer: the Championship,Channel_197,Gaming,IN,2026-02-14,7,2026-02-11 00:00:00,403009,21341,1064,3149,viral|official|funny|new,fine cringe,False
YT101097,Season 5 REACTION,Channel_164,Education,US,2026-06-08,6,2026-06-08 00:00:00,435237,29548,1000,2353,2026|viral|official,love fine amazing review,False
YT101098,Street Food vs Everyone | Full Match,Channel_473,Music,AU,2026-02-11,11,2026-02-10 00:00:00,86083,1674,138,530,music|official,incredible fire okay amazing incredible goated content,False
YT101099,TikTok REACTION,Channel_364,Sports,IN,2026-01-05,13,2026-01-03 00:00:00,517327,20500,1340,1858,funny|review|viral|gaming,hate honestly excellent worst like,False
YT101100,The Truth About New York,Channel_390,Film & Animation,GB,2026-01-18,3,2026-01-16 00:00:00,699073,16490,795,2608,trending|2026|viral,terrible upload,False
YT101101,Learn the Championship in 10 Minutes,Channel_198,Entertainment,GB,2026-08-15,12,2026-08-15 00:00:00,321479,16294,1684,1353,music|official|funny,honestly fantastic video honestly,False
YT101102,Street Food REACTION,Channel_431,News & Politics,CA,2026-04-25,9,2026-04-22 00:00:00,123002,3357,328,301,music|gaming|official|viral,like thoughts trash,False
YT101103,Gaming Setup Full Episode | Highlights,Channel_169,Science & Technology,GB,2026-08-06,12,2026-08-03 00:00:00,189914,9552,1042,829,review|official|new|2026,thoughts thoughts review like incredible waste,False
YT101104,Street Food vs Everyone | Full Match,Channel_394,Music,GB,2026-02-21,3,2026-02-20 00:00:00,1099030,49150,4601,4629,2026|viral|funny,cringe okay content upload goated amazing,False
YT101105,the Ocean Full Episode | Highlights,Channel_32,Sports,CA,2026-01-19,6,2026-01-16 00:00:00,394147,15400,1763,1913,highlights|viral|music,brilliant,False
YT101106,Learn the Universe in 10 Minutes,Channel_102,Music,IN,2026-08-03,1,2026-08-03 00:00:00,898640,33996,3376,2794,new|2026,terrible fire waste,False
YT101107,OFFICIAL Trailer: the Algorithm,Channel_466,Comedy,CA,2026-06-20,5,2026-06-18 00:00:00,541215,38044,2106,2405,gaming|official|trending|2026,fine underrated okay video amazing worst worst overrated,False
YT101108,Top 10 the Algorithm Moments,Channel_42,Gaming,GB,2026-06-07,7,2026-06-07 00:00:00,607508,30874,3300,2815,2026|review,goated channel,False
YT101109,Budget Travel Full Episode | Highlights,Channel_218,News & Politics,AU,2026-05-13,2,2026-05-13 00:00:00,964831,59563,2364,4258,2026|funny|review|music,boring honestly thoughts fine,False
YT101110,the Algorithm vs Everyone | Full Match,Channel_480,Film & Animation,AU,2026-07-20,7,2026-07-19 00:00:00,267630,13960,865,863,trending|highlights|official|gaming,watched trash underrated great thoughts,False
YT101111,the Universe Live Performance 2026,Channel_130,Music,AU,2026-05-21,10,2026-05-20 00:00:00,103084,3749,116,580,official|review|gaming|new,honestly excellent flop fantastic fantastic,False
YT101112,How the Stock Market Changed Everything,Channel_22,News & Politics,CA,2026-02-05,10,2026-02-03 00:00:00,36600,1160,97,209,trending|2026|funny,review comment video waste fine cringe excellent,False
YT101113,Learn my Life in 10 Minutes,Channel_404,Comedy,IN,2026-02-08,11,2026-02-04 00:00:00,116084,6531,522,574,highlights|gaming|new|2026,underrated hate goated goated great flop,False
YT101114,the World Cup - Official Music Video,Channel_371,Sports,CA,2026-03-29,4,2026-03-27 00:00:00,242188,9240,781,308,2026|trending|highlights|official,incredible fine awesome amazing video excellent,False
YT101115,the Stock Market vs Everyone | Full Match,Channel_350,Music,IN,2026-01-05,12,2026-01-02 00:00:00,1534771,78989,5379,3494,gaming|music,thoughts review hate honestly video perfect,False
YT101116,I Tried AI For 24 Hours,Channel_93,Film & Animation,US,2026-01-27,2,2026-01-27 00:00:00,347138,15675,1546,804,review|funny|new|2026,like awful,False
YT101117,OFFICIAL Trailer: the Universe,Channel_343,Gaming,GB,2026-03-16,12,2026-03-15 00:00:00,265384,17540,1052,1444,viral|new|2026,brilliant excellent content amazing brilliant,False
YT101118,OFFICIAL Trailer: the Universe,Channel_214,Science & Technology,US,2026-04-07,4,2026-04-06 00:00:00,593865,28068,1683,2627,highlights|2026|viral,comment honestly underrated,False
YT101119,The Truth About New York,Channel_247,Entertainment,IN,2026-04-13,9,2026-04-10 00:00:00,139475,7888,800,239,funny|official,watched thoughts trash incredible great watched,False
YT101120,the Universe REACTION,Channel_392,Sports,US,2026-01-10,6,2026-01-06 00:00:00,151108,5248,245,816,official|music,incredible okay best best incredible,False
YT101121,the Ocean Live Performance 2026,Channel_278,Gaming,GB,2026-05-27,5,2026-05-25 00:00:00,185704,8511,291,1044,funny|highlights,thoughts content,False
YT101122,the World Cup - Official Music Video,Channel_212,Sports,AU,2026-03-02,12,2026-03-02 00:00:00,29766,1454,134,80,new|2026|highlights,fine review like,False
YT101123,The Truth About the Algorithm,Channel_441,Education,IN,2026-02-09,14,2026-02-08 00:00:00,438407,27959,2264,1919,gaming|viral|official|music,content fantastic worst video,False
YT101124,OFFICIAL Trailer: TikTok,Channel_176,Education,CA,2026-07-20,3,2026-07-18 00:00:00,197889,4032,159,691,official|2026,unwatchable thoughts flop,False
YT101125,Street Food REACTION,Channel_17,Sports,IN,2026-01-12,10,2026-01-10 00:00:00,37719,1693,52,87,new|review,goated flop upload terrible goated video fantastic like,False
YT101126,OFFICIAL Trailer: the Stock Market,Channel_188,People & Blogs,CA,2026-04-26,5,2026-04-23 00:00:00,238228,13124,798,943,gaming|viral,unwatchable thoughts comment awesome,False
YT101127,Street Food - Official Music Video,Channel_275,Entertainment,US,2026-04-15,1,2026-04-14 00:00:00,681375,22775,1275,4063,new|2026,best awesome flop comment,False
YT101128,the World Cup REACTION,Channel_383,Comedy,IN,2026-04-06,2,2026-04-05 00:00:00,251568,8372,472,1416,music|funny|gaming,watched flop like best,False
YT101129,TikTok REACTION,Channel_140,Music,GB,2026-08-24,13,2026-08-22 00:00:00,474088,23274,1796,1253,funny|new|trending,watched this video,False
YT101130,my Life Full Episode | Highlights,Channel_154,Music,AU,2026-02-15,3,2026-02-14 00:00:00,1000036,23360,855,3523,new|2026|review,content flop review,False
YT101131,The Truth About Gaming Setup,Channel_356,Comedy,CA,2026-08-11,13,2026-08-07 00:00:00,230653,8946,1015,551,official|review|viral|funny,love unwatchable,False
YT101132,Learn the Final Boss in 10 Minutes,Channel_2,News & Politics,IN,2026-03-12,1,2026-03-10 00:00:00,56853,3055,269,128,funny|highlights|trending|official,video okay excellent like,False
YT101133,the World Cup vs Everyone | Full Match,Channel_7,Sports,IN,2026-06-01,9,2026-06-01 00:00:00,338742,14687,966,1347,highlights|music|trending,fire trash excellent upload,False
YT101134,the World Cup Full Episode | Highlights,Channel_150,Science & Technology,CA,2026-04-18,7,2026-04-17 00:00:00,133277,5651,312,372,gaming|music|new,content worst upload fine amazing,False
YT101135,the World Cup Live Performance 2026,Channel_42,Science & Technology,GB,2026-01-03,12,2025-12-31 00:00:00,166236,6980,368,577,review|2026|official|funny,flop okay watched brilliant boring,False
YT101136,I Tried the Stock Market For 24 Hours,Channel_406,People & Blogs,GB,2026-06-22,8,2026-06-20 00:00:00,690744,15241,1377,2503,new|viral|review|official,perfect underrated awesome,True
YT101137,OFFICIAL Trailer: AI,Channel_30,Comedy,IN,2026-07-16,4,2026-07-12 00:00:00,100223,3503,280,567,new|music|review|official,review fire content,False
YT101138,AI REACTION,Channel_485,Music,GB,2026-03-09,2,2026-03-08 00:00:00,216671,7877,759,595,review|gaming|2026,content waste,False
YT101139,The Truth About the Ocean,Channel_314,Science & Technology,GB,2026-06-09,7,2026-06-06 00:00:00,314135,18803,2241,2182,viral|new,comment worst thoughts,False
YT101140,Gaming Setup Full Episode | Highlights,Channel_99,Music,AU,2026-05-27,13,2026-05-27 00:00:00,644487,21198,2247,2895,gaming|official|2026|music,great comment watched fine upload honestly comment disappointing,False
YT101141,the Final Boss REACTION,Channel_178,Gaming,GB,2026-02-03,11,2026-02-03 00:00:00,104284,6463,457,144,trending|viral|funny|highlights,incredible flop flop channel,False
YT101142,How Budget Travel Changed Everything,Channel_319,Education,IN,2026-06-07,6,2026-06-04 00:00:00,568184,27442,2738,2345,official|music|funny,watched thoughts worst incredible unwatchable great,False
YT101143,OFFICIAL Trailer: Gaming Setup,Channel_485,Sports,AU,2026-05-20,14,2026-05-16 00:00:00,308378,16076,1687,898,new|music|review|viral,content waste comment,False
YT101144,AI Breaking News Update,Channel_76,Film & Animation,CA,2026-07-01,1,2026-06-30 00:00:00,721886,32317,3278,3936,funny|viral|new|review,content honestly,False
YT101145,Top 10 my Life Moments,Channel_348,Science & Technology,CA,2026-05-25,1,2026-05-21 00:00:00,147643,8531,722,410,trending|funny|highlights|music,video boring honestly review,False
YT101146,I Tried Robots For 24 Hours,Channel_180,Sports,AU,2026-07-08,11,2026-07-06 00:00:00,490531,26630,1790,2305,2026|trending,upload okay great flop goated,False
YT101147,The Truth About Budget Travel,Channel_303,News & Politics,CA,2026-07-08,13,2026-07-07 00:00:00,199750,5385,232,1265,trending|gaming|review|new,okay honestly fantastic okay,False
YT101148,The Truth About the Ocean,Channel_436,Sports,US,2026-08-03,5,2026-07-31 00:00:00,70377,2942,232,567,gaming|new|viral,fire honestly incredible fine terrible,False
YT101149,New York - Official Music Video,Channel_479,Education,US,2026-08-20,10,2026-08-16 00:00:00,166668,4077,456,915,highlights|music|review|gaming,channel waste honestly,False
YT101150,I Tried TikTok For 24 Hours,Channel_31,Music,GB,2026-08-25,3,2026-08-22 00:00:00,239224,11474,1327,732,gaming|highlights|funny,upload comment fine okay,False
YT101151,The Truth About the World Cup,Channel_35,Sports,US,2026-08-08,4,2026-08-08 00:00:00,262429,8233,412,1124,trending|viral,content video fire watched perfect trash content,False
YT101152,the Ocean vs Everyone | Full Match,Channel_45,Gaming,GB,2026-04-03,6,2026-04-03 00:00:00,623702,22571,2051,2359,music|highlights|trending|2026,channel channel watched content,True
YT101153,Top 10 the Algorithm Moments,Channel_307,Comedy,IN,2026-05-07,12,2026-05-03 00:00:00,561900,27259,2111,2704,gaming|review|viral,watched this video,False
YT101154,the Algorithm REACTION,Channel_50,Sports,GB,2026-05-30,6,2026-05-29 00:00:00,222195,7933,321,1125,viral|new|gaming,perfect video overrated best comment thoughts waste fine,False
YT101155,The Truth About the Final Boss,Channel_162,People & Blogs,US,2026-04-18,8,2026-04-16 00:00:00,345318,15892,1642,1815,official|gaming,amazing incredible like upload watched okay great,False
YT101156,I Tried the World Cup For 24 Hours,Channel_498,Comedy,US,2026-03-17,9,2026-03-15 00:00:00,630088,30424,2176,3286,viral|official,thoughts watched flop like watched,False
YT101157,TikTok Live Performance 2026,Channel_39,Gaming,CA,2026-04-27,2,2026-04-23 00:00:00,473792,15791,591,1859,review|viral|funny,thoughts overrated watched boring,False
YT101158,Learn the Final Boss in 10 Minutes,Channel_184,Music,US,2026-01-14,11,2026-01-13 00:00:00,151042,4137,145,781,new|review|gaming,honestly watched love amazing content,False
YT101159,the Championship Full Episode | Highlights,Channel_406,Music,AU,2026-04-02,1,2026-04-01 00:00:00,947103,51273,4823,2862,highlights|funny,worst upload,True
YT101160,the Algorithm - Official Music Video,Channel_138,News & Politics,IN,2026-01-22,12,2026-01-21 00:00:00,192804,10596,1018,659,funny|music,great love,True
YT101161,Learn AI in 10 Minutes,Channel_188,Film & Animation,CA,2026-07-25,3,2026-07-25 00:00:00,1201294,77833,4622,5297,music|review|trending|official,flop upload waste channel excellent waste,False
YT101162,the World Cup vs Everyone | Full Match,Channel_102,People & Blogs,GB,2026-02-15,6,2026-02-11 00:00:00,45385,1191,47,221,new|review|trending,upload honestly watched hate underrated great,False
YT101163,the Championship vs Everyone | Full Match,Channel_169,Science & Technology,CA,2026-02-01,12,2026-01-29 00:00:00,156404,5066,405,638,2026|official,thoughts video best trash fine amazing channel flop great,False
YT101164,Top 10 Gaming Setup Moments,Channel_65,Entertainment,GB,2026-06-26,7,2026-06-26 00:00:00,16788,1378,94,43,funny|review,awesome brilliant content,False
YT101165,the Algorithm Live Performance 2026,Channel_273,Film & Animation,US,2026-08-16,6,2026-08-15 00:00:00,648301,15868,1195,2540,music|gaming,comment love,False
YT101166,the Ocean Full Episode | Highlights,Channel_394,Music,CA,2026-05-30,11,2026-05-28 00:00:00,204575,8834,768,295,funny|music,comment channel fantastic upload thoughts review best amazing,False
YT101167,Budget Travel - Official Music Video,Channel_399,People & Blogs,GB,2026-07-04,4,2026-07-01 00:00:00,102443,5283,467,485,highlights|viral|review,comment channel,False
YT101168,Learn TikTok in 10 Minutes,Channel_233,Sports,GB,2026-03-17,6,2026-03-13 00:00:00,444842,15095,1698,2183,official|new,honestly amazing thoughts,False
YT101169,Top 10 Robots Moments,Channel_263,Entertainment,CA,2026-06-16,13,2026-06-13 00:00:00,283533,13753,1524,1077,review|funny,brilliant waste fine awesome channel,False
YT101170,the World Cup vs Everyone | Full Match,Channel_135,Film & Animation,IN,2026-07-11,1,2026-07-10 00:00:00,249459,12714,1496,1345,funny|highlights,upload awful review boring,False
YT101171,Top 10 AI Moments,Channel_191,Sports,GB,2026-03-08,7,2026-03-07 00:00:00,304358,16908,1187,1089,new|official|2026|viral,love excellent underrated underrated fantastic like,False
YT101172,the Championship - Official Music Video,Channel_63,Gaming,CA,2026-04-03,12,2026-04-01 00:00:00,666530,28073,2987,2108,gaming|highlights|official|funny,honestly awful underrated,False
YT101173,Robots vs Everyone | Full Match,Channel_27,Sports,IN,2026-06-30,13,2026-06-29 00:00:00,227041,9606,505,1069,gaming|official|2026,video honestly review underrated review perfect great fine,False
YT101174,I Tried my Life For 24 Hours,Channel_389,Film & Animation,AU,2026-07-05,1,2026-07-03 00:00:00,709310,34206,3669,3149,official|trending,upload,False
YT101175,the Algorithm vs Everyone | Full Match,Channel_209,Science & Technology,IN,2026-08-26,11,2026-08-24 00:00:00,127671,5295,212,443,viral|gaming|review,channel watched honestly underrated,False
YT101176,The Truth About Budget Travel,Channel_257,Music,IN,2026-05-30,14,2026-05-30 00:00:00,210666,6401,412,513,viral|highlights|review,incredible best amazing okay best thoughts,False
YT101177,Street Food REACTION,Channel_432,Music,US,2026-05-19,10,2026-05-16 00:00:00,271881,15561,1231,790,new|trending|viral|official,content comment fine perfect worst,False
YT101178,Learn New York in 10 Minutes,Channel_474,Entertainment,US,2026-01-31,2,2026-01-29 00:00:00,616931,11981,643,3534,trending|funny,terrible fire upload,False
YT101179,TikTok Full Episode | Highlights,Channel_208,Education,GB,2026-02-22,11,2026-02-19 00:00:00,136402,6945,498,370,music|trending,flop great best content,False
YT101180,New York Full Episode | Highlights,Channel_495,News & Politics,GB,2026-02-20,6,2026-02-18 00:00:00,498447,19481,659,2501,new|trending|official|viral,video channel video like brilliant,False
YT101181,Top 10 Gaming Setup Moments,Channel_322,Sports,IN,2026-06-11,11,2026-06-09 00:00:00,873131,42292,2470,2045,review|2026,perfect,False
YT101182,the Universe Breaking News Update,Channel_315,People & Blogs,AU,2026-02-17,1,2026-02-13 00:00:00,146791,5680,363,1093,viral|trending|2026|music,trash fantastic fire excellent,False
YT101183,the Championship Live Performance 2026,Channel_296,Gaming,IN,2026-06-20,5,2026-06-17 00:00:00,210535,5587,666,1243,gaming|new|music,unwatchable review,False
YT101184,the Stock Market - Official Music Video,Channel_185,Entertainment,CA,2026-03-26,13,2026-03-24 00:00:00,523102,32179,3846,855,2026|viral,cringe fine fine great excellent,False
YT101185,Top 10 TikTok Moments,Channel_83,Film & Animation,IN,2026-05-15,9,2026-05-15 00:00:00,145807,6195,666,447,official|new,unwatchable channel,True
YT101186,the Ocean REACTION,Channel_498,People & Blogs,IN,2026-08-27,3,2026-08-27 00:00:00,136064,6527,416,767,highlights|review,best hate,False
YT101187,Gaming Setup - Official Music Video,Channel_462,News & Politics,US,2026-05-11,3,2026-05-09 00:00:00,386176,21669,2299,1072,music|trending|new|funny,love video flop,False
YT101188,Gaming Setup REACTION,Channel_490,Entertainment,IN,2026-04-11,13,2026-04-11 00:00:00,692480,40761,2476,2422,official|trending|viral,watched this video,False
YT101189,the Ocean Breaking News Update,Channel_75,News & Politics,IN,2026-08-21,13,2026-08-20 00:00:00,169526,9617,412,351,gaming|viral|official,honestly terrible best video watched,False
YT101190,Top 10 Street Food Moments,Channel_427,People & Blogs,CA,2026-02-27,4,2026-02-24 00:00:00,209040,10412,1105,1566,official|funny|trending,upload excellent comment fine awesome awful,False
YT101191,Top 10 New York Moments,Channel_435,Film & Animation,CA,2026-08-23,14,2026-08-21 00:00:00,844470,24334,1209,5048,review|new,fine awesome comment,False
YT101192,How Street Food Changed Everything,Channel_225,Gaming,IN,2026-06-01,5,2026-05-30 00:00:00,120911,5338,381,506,2026|viral|trending|official,brilliant honestly thoughts like terrible,False
YT101193,the Stock Market - Official Music Video,Channel_92,Entertainment,GB,2026-01-24,13,2026-01-21 00:00:00,184582,6639,228,508,official|gaming|2026|review,like worst thoughts fantastic,False
YT101194,I Tried the Stock Market For 24 Hours,Channel_482,People & Blogs,US,2026-07-15,11,2026-07-13 00:00:00,579124,33545,2006,1640,new|highlights,watched this video,False
YT101195,I Tried Street Food For 24 Hours,Channel_454,People & Blogs,CA,2026-02-04,10,2026-02-02 00:00:00,608717,25188,2043,2640,viral|2026|highlights|gaming,overrated boring hate comment,False
YT101196,OFFICIAL Trailer: Season 5,Channel_408,Entertainment,AU,2026-04-10,14,2026-04-09 00:00:00,903274,43224,4615,3552,music|funny,best like content cringe comment,False
YT101197,Robots Full Episode | Highlights,Channel_14,Sports,GB,2026-02-03,11,2026-02-03 00:00:00,54149,2846,203,261,gaming|review|2026|trending,disappointing okay brilliant awesome fantastic best awesome fine,False
YT101198,I Tried AI For 24 Hours,Channel_216,Sports,GB,2026-07-03,14,2026-06-30 00:00:00,279481,18121,1634,1375,funny|2026,watched watched love,False
YT101199,Learn the Algorithm in 10 Minutes,Channel_27,Gaming,AU,2026-02-18,14,2026-02-18 00:00:00,981101,55487,6555,2267,2026|trending,thoughts video comment,False
YT101200,Robots REACTION,Channel_327,Music,US,2026-05-30,13,2026-05-27 00:00:00,170252,6693,292,877,highlights|review|viral|new,perfect best okay,False
YT101201,the Stock Market Live Performance 2026,Channel_143,Gaming,AU,2026-05-25,8,2026-05-24 00:00:00,1308645,28284,2631,5633,viral|review|music|trending,fire amazing fantastic awesome upload,False
YT101202,Budget Travel Live Performance 2026,Channel_374,Gaming,GB,2026-08-14,14,2026-08-11 00:00:00,426820,16750,1498,954,review|funny,review perfect love comment love,False
YT101203,Top 10 the Stock Market Moments,Channel_146,Comedy,GB,2026-06-03,2,2026-06-01 00:00:00,601473,31308,1860,2217,funny|highlights|viral,incredible watched upload watched fine worst like,False
YT101204,The Truth About the Championship,Channel_354,Entertainment,CA,2026-05-10,11,2026-05-06 00:00:00,253491,13001,657,940,music|new|review|funny,underrated video,False
YT101205,the Championship Live Performance 2026,Channel_60,Science & Technology,AU,2026-01-22,3,2026-01-20 00:00:00,305513,13748,559,2220,trending|gaming,flop okay,False
YT101206,OFFICIAL Trailer: Season 5,Channel_323,Film & Animation,AU,2026-07-09,8,2026-07-05 00:00:00,311786,14525,1540,1979,viral|trending|2026|highlights,perfect incredible love underrated,False
YT101207,Season 5 Full Episode | Highlights,Channel_351,Sports,AU,2026-03-06,14,2026-03-06 00:00:00,41416,2116,111,91,gaming|2026,review honestly thoughts upload video fine disappointing great overrated,False
YT101208,New York REACTION,Channel_397,Science & Technology,US,2026-02-14,1,2026-02-11 00:00:00,891994,39416,3587,4020,trending|highlights|viral|2026,thoughts review okay,False
YT101209,The Truth About AI,Channel_363,People & Blogs,GB,2026-03-02,8,2026-03-02 00:00:00,477491,7942,258,2657,review|official,best comment content brilliant,False
YT101210,OFFICIAL Trailer: Gaming Setup,Channel_188,Entertainment,AU,2026-08-24,2,2026-08-22 00:00:00,153820,6763,508,151,new|official|music,underrated upload watched video,False
YT101211,Top 10 the Stock Market Moments,Channel_113,Entertainment,US,2026-04-26,5,2026-04-22 00:00:00,80475,2624,165,164,funny|official|review|gaming,content like channel,False
YT101212,Season 5 Breaking News Update,Channel_162,Entertainment,US,2026-02-25,13,2026-02-24 00:00:00,357421,18238,2170,874,new|highlights,review channel hate unwatchable love honestly fantastic comment perfect,False
YT101213,I Tried Gaming Setup For 24 Hours,Channel_471,Education,GB,2026-07-27,6,2026-07-27 00:00:00,107554,4217,383,105,funny|new|viral,video,False
YT101214,the World Cup REACTION,Channel_300,Entertainment,AU,2026-07-16,3,2026-07-14 00:00:00,142145,4585,421,549,2026|new|music,watched fantastic fine okay comment watched,False
YT101215,the Ocean Full Episode | Highlights,Channel_476,Gaming,US,2026-08-10,13,2026-08-06 00:00:00,800516,50805,2263,3857,2026|review,channel review,False
YT101216,my Life REACTION,Channel_336,Comedy,CA,2026-08-04,5,2026-08-01 00:00:00,427248,2383,266,660,highlights|new|music|2026,unwatchable like boring terrible,False
YT101217,the Universe vs Everyone | Full Match,Channel_437,Sports,US,2026-01-05,12,2026-01-04 00:00:00,282987,16199,688,1094,highlights|review,excellent fine goated excellent,False
YT101218,I Tried Season 5 For 24 Hours,Channel_285,Film & Animation,GB,2026-01-01,10,2025-12-29 00:00:00,635037,40873,4547,1439,highlights|2026,goated great comment love disappointing,False
YT101219,Robots - Official Music Video,Channel_203,Education,US,2026-01-01,4,2025-12-28 00:00:00,103586,5845,266,363,official|trending,awesome,False
YT101220,New York Breaking News Update,Channel_227,Science & Technology,IN,2026-04-14,11,2026-04-12 00:00:00,151550,9754,1169,746,music|review,brilliant video love review content thoughts great honestly like excellent,False
YT101221,Budget Travel Full Episode | Highlights,Channel_384,Gaming,GB,2026-03-03,1,2026-03-02 00:00:00,412107,22539,2193,2151,music|highlights|viral,excellent,False
YT101222,Street Food Full Episode | Highlights,Channel_218,Gaming,AU,2026-04-21,7,2026-04-17 00:00:00,486154,23515,993,1303,review|funny|trending|official,best excellent okay,False
YT101223,AI vs Everyone | Full Match,Channel_428,Music,GB,2026-01-14,12,2026-01-11 00:00:00,348151,21402,1558,1259,gaming|highlights|new|trending,unwatchable,False
YT101224,Top 10 my Life Moments,Channel_78,Music,IN,2026-07-07,7,2026-07-04 00:00:00,953458,37980,2031,4022,2026|highlights|viral|funny,review watched,False
YT101225,How New York Changed Everything,Channel_333,Entertainment,AU,2026-01-20,6,2026-01-16 00:00:00,578119,23842,1832,1882,review|official|gaming|2026,watched thoughts honestly incredible,False
YT101226,Street Food REACTION,Channel_373,News & Politics,AU,2026-08-08,11,2026-08-07 00:00:00,203463,7965,861,1022,trending|gaming|review,underrated disappointing waste thoughts honestly fine brilliant comment,False
YT101227,the Ocean Full Episode | Highlights,Channel_191,Comedy,IN,2026-07-04,6,2026-07-02 00:00:00,196768,5616,193,455,official|music,channel fantastic like,False
YT101228,Learn Season 5 in 10 Minutes,Channel_136,Education,CA,2026-08-05,4,2026-08-01 00:00:00,126895,7049,409,391,new|official|gaming|viral,fire unwatchable video love,False
YT101229,The Truth About Season 5,Channel_178,Film & Animation,GB,2026-02-04,12,2026-02-04 00:00:00,453853,18860,1706,919,music|official|review|trending,unwatchable great watched underrated overrated perfect excellent content,False
YT101230,the Algorithm vs Everyone | Full Match,Channel_381,Sports,US,2026-08-26,8,2026-08-25 00:00:00,140592,10309,827,417,2026|trending|music,brilliant fantastic goated great,False
YT101231,I Tried TikTok For 24 Hours,Channel_128,Sports,CA,2026-03-17,4,2026-03-17 00:00:00,151802,7198,418,378,funny|highlights|music,like worst,False
YT101232,Learn Budget Travel in 10 Minutes,Channel_335,Sports,IN,2026-07-15,12,2026-07-14 00:00:00,359866,12065,1093,1925,viral|highlights|review|official,content video channel watched channel okay disappointing thoughts,False
YT101233,OFFICIAL Trailer: the Algorithm,Channel_204,Gaming,US,2026-07-01,10,2026-06-30 00:00:00,280306,16320,1856,940,review|funny|viral,comment fine upload,False
YT101234,the Algorithm REACTION,Channel_455,Science & Technology,IN,2026-08-04,10,2026-07-31 00:00:00,48286,2228,84,164,new|funny|viral,thoughts video best upload great comment fire,False
YT101235,How the Universe Changed Everything,Channel_167,Music,GB,2026-02-19,8,2026-02-17 00:00:00,184754,8131,732,563,gaming|2026,best amazing,False
YT101236,How Budget Travel Changed Everything,Channel_105,Sports,CA,2026-06-13,10,2026-06-12 00:00:00,992074,50650,4531,2476,trending|new,honestly review comment video okay okay,False
YT101237,How the Stock Market Changed Everything,Channel_383,News & Politics,GB,2026-06-11,3,2026-06-07 00:00:00,53865,2790,271,338,highlights|official|funny,fire fine,False
YT101238,Learn Season 5 in 10 Minutes,Channel_362,Music,AU,2026-04-15,1,2026-04-15 00:00:00,454393,15312,951,1052,2026|music|viral,fantastic fine,False
YT101239,Learn my Life in 10 Minutes,Channel_44,Music,GB,2026-05-08,1,2026-05-04 00:00:00,217939,6652,790,1065,highlights|review,like fantastic amazing brilliant,False
YT101240,the Universe Live Performance 2026,Channel_384,People & Blogs,US,2026-06-05,6,2026-06-01 00:00:00,807815,21707,1986,1109,funny|gaming,thoughts watched unwatchable perfect flop,False
YT101241,OFFICIAL Trailer: Gaming Setup,Channel_37,Entertainment,US,2026-08-22,12,2026-08-19 00:00:00,410762,22059,1392,1831,trending|highlights|viral|2026,channel trash comment upload watched,False
YT101242,Gaming Setup Full Episode | Highlights,Channel_371,Science & Technology,CA,2026-02-18,13,2026-02-15 00:00:00,33078,1578,71,85,music|official|review|trending,great video upload,False
YT101243,OFFICIAL Trailer: AI,Channel_407,Music,US,2026-06-16,14,2026-06-12 00:00:00,151613,8705,584,689,new|music|review|highlights,goated channel thoughts,False
YT101244,Learn Season 5 in 10 Minutes,Channel_185,Music,AU,2026-02-27,3,2026-02-26 00:00:00,251789,11409,518,838,official|review,incredible upload hate comment excellent amazing upload,False
YT101245,the Ocean - Official Music Video,Channel_170,News & Politics,AU,2026-02-13,12,2026-02-13 00:00:00,335016,16999,1303,699,music|review,watched this video,False
YT101246,How Budget Travel Changed Everything,Channel_40,Sports,US,2026-02-13,7,2026-02-10 00:00:00,137899,8514,496,272,highlights|2026|review,love,False
YT101247,Learn Season 5 in 10 Minutes,Channel_100,Film & Animation,GB,2026-04-20,6,2026-04-18 00:00:00,297990,21824,2536,604,gaming|review,thoughts like thoughts flop brilliant honestly,False
YT101248,Budget Travel vs Everyone | Full Match,Channel_228,Gaming,CA,2026-01-17,11,2026-01-13 00:00:00,237882,11933,699,849,gaming|music,comment video boring,False
YT101249,my Life Full Episode | Highlights,Channel_385,Comedy,GB,2026-04-05,13,2026-04-01 00:00:00,322902,20112,1591,1346,music|new|viral|review,thoughts goated overrated perfect fantastic,False
YT101250,How New York Changed Everything,Channel_272,Entertainment,AU,2026-07-13,12,2026-07-12 00:00:00,177290,6116,536,35,viral|review|music,best amazing fine,False
YT101251,New York Live Performance 2026,Channel_208,Film & Animation,GB,2026-03-14,1,2026-03-10 00:00:00,213918,8372,762,683,review|gaming|viral,okay perfect perfect disappointing,False
YT101252,OFFICIAL Trailer: the Final Boss,Channel_489,Science & Technology,CA,2026-07-11,13,2026-07-10 00:00:00,232690,8765,963,792,trending|funny,fire worst watched boring okay,False
YT101253,the Ocean - Official Music Video,Channel_482,News & Politics,CA,2026-02-17,6,2026-02-15 00:00:00,399061,18023,577,2294,new|official|review,review great love amazing brilliant okay,False
YT101254,The Truth About Street Food,Channel_474,Music,CA,2026-05-13,4,2026-05-10 00:00:00,322808,18712,938,1038,trending|highlights|viral,best video unwatchable brilliant watched video,False
YT101255,Season 5 Breaking News Update,Channel_476,Gaming,CA,2026-04-15,6,2026-04-15 00:00:00,863155,7911,843,4766,official|trending|new,best worst goated great,False
YT101256,Street Food - Official Music Video,Channel_427,Sports,US,2026-06-16,1,2026-06-15 00:00:00,346905,10169,987,1794,trending|viral|new,trash,False
YT101257,The Truth About Budget Travel,Channel_97,Gaming,US,2026-02-16,8,2026-02-15 00:00:00,192117,10333,863,1256,new|funny|music|2026,goated video fire video review terrible,True
YT101258,Season 5 - Official Music Video,Channel_237,Science & Technology,IN,2026-07-24,6,2026-07-22 00:00:00,148997,7615,395,491,gaming|funny|review|new,flop flop love excellent,False
YT101259,Learn AI in 10 Minutes,Channel_283,News & Politics,CA,2026-01-24,14,2026-01-22 00:00:00,90954,4639,402,511,trending|2026|funny|new,hate waste boring waste,False
YT101260,the Universe Live Performance 2026,Channel_86,Education,GB,2026-02-22,9,2026-02-21 00:00:00,192421,12524,1411,594,official|highlights|new,content best amazing watched,True
YT101261,OFFICIAL Trailer: the Final Boss,Channel_117,Science & Technology,IN,2026-05-30,12,2026-05-26 00:00:00,506977,25256,1250,548,highlights|2026,excellent best waste great,False
YT101262,my Life vs Everyone | Full Match,Channel_1,Entertainment,AU,2026-06-06,5,2026-06-03 00:00:00,1216482,78177,8646,6441,viral|gaming|funny,brilliant honestly,False
YT101263,the Ocean REACTION,Channel_382,Film & Animation,GB,2026-05-27,13,2026-05-26 00:00:00,326766,13522,1083,1003,music|gaming,brilliant best underrated watched,False
YT101264,The Truth About the Universe,Channel_289,People & Blogs,GB,2026-04-29,10,2026-04-25 00:00:00,265098,6817,722,1610,highlights|music|official,love like love incredible,False
YT101265,AI - Official Music Video,Channel_359,Film & Animation,GB,2026-01-21,3,2026-01-18 00:00:00,312703,15947,1445,1589,trending|music|gaming,content excellent amazing,False
YT101266,TikTok REACTION,Channel_20,Comedy,AU,2026-02-03,5,2026-02-02 00:00:00,111757,4432,159,487,viral|new|music|funny,watched awesome,False
YT101267,TikTok Full Episode | Highlights,Channel_59,Education,AU,2026-02-07,14,2026-02-06 00:00:00,296387,9747,651,897,viral|funny,disappointing,False
YT101268,The Truth About TikTok,Channel_196,Education,CA,2026-03-19,13,2026-03-15 00:00:00,282305,14159,803,433,official|viral|gaming,best perfect content,False
YT101269,TikTok vs Everyone | Full Match,Channel_210,Comedy,AU,2026-06-04,10,2026-06-04 00:00:00,498484,21815,1918,2942,gaming|funny|new,thoughts watched,False
YT101270,Gaming Setup vs Everyone | Full Match,Channel_427,Gaming,GB,2026-08-12,12,2026-08-11 00:00:00,1140048,43873,4312,7017,trending|2026|official,channel boring awesome perfect,False
YT101271,Budget Travel Live Performance 2026,Channel_8,Comedy,CA,2026-04-01,6,2026-03-30 00:00:00,709137,15318,588,2493,highlights|2026|music,like content comment,False
YT101272,the World Cup REACTION,Channel_170,Education,IN,2026-05-20,1,2026-05-19 00:00:00,304496,15540,1069,694,music|2026|gaming,cringe amazing waste awful,False
YT101273,Budget Travel Live Performance 2026,Channel_209,Music,GB,2026-02-13,9,2026-02-12 00:00:00,524092,22164,886,3518,highlights|viral|trending,unwatchable cringe comment underrated terrible,False
YT101274,OFFICIAL Trailer: the World Cup,Channel_30,Music,IN,2026-02-14,10,2026-02-12 00:00:00,116146,8612,701,344,music|new|viral,excellent video awesome,False
YT101275,the Ocean Breaking News Update,Channel_152,People & Blogs,GB,2026-06-18,8,2026-06-14 00:00:00,480570,15546,1136,2692,2026|music,brilliant,False
YT101276,Learn AI in 10 Minutes,Channel_14,Comedy,IN,2026-03-18,11,2026-03-18 00:00:00,409622,26046,2507,1086,new|review|viral|2026,content review disappointing awesome best,False
YT101277,Top 10 Season 5 Moments,Channel_19,Film & Animation,IN,2026-04-26,7,2026-04-22 00:00:00,664060,42076,4170,132,gaming|2026|music|review,great awesome disappointing,True
YT101278,Street Food Breaking News Update,Channel_483,Sports,AU,2026-01-04,2,2026-01-02 00:00:00,153545,10950,1232,591,review|2026|new,watched watched love love,False
YT101279,TikTok - Official Music Video,Channel_86,Comedy,US,2026-06-10,9,2026-06-07 00:00:00,350118,15867,785,1544,music|trending|gaming|viral,terrible honestly fantastic boring watched brilliant,False
YT101280,Gaming Setup REACTION,Channel_123,News & Politics,AU,2026-04-06,13,2026-04-06 00:00:00,592514,17173,1278,1375,2026|official|highlights|funny,terrible thoughts watched watched watched okay,False
YT101281,Budget Travel Breaking News Update,Channel_205,Gaming,IN,2026-01-05,3,2026-01-02 00:00:00,1054764,44089,1809,2416,trending|highlights|viral,incredible okay brilliant excellent channel,False
YT101282,the Final Boss vs Everyone | Full Match,Channel_454,Comedy,CA,2026-06-14,9,2026-06-14 00:00:00,62919,2989,217,355,review|official|highlights,okay comment,False
YT101283,the Algorithm Live Performance 2026,Channel_369,Film & Animation,GB,2026-07-02,14,2026-06-30 00:00:00,1186655,53044,2044,7043,funny|trending|review|highlights,flop perfect incredible fine,False
YT101284,I Tried Budget Travel For 24 Hours,Channel_21,Comedy,IN,2026-02-19,8,2026-02-15 00:00:00,928298,43763,2414,3754,highlights|review,fine love perfect content brilliant,False
YT101285,I Tried the Ocean For 24 Hours,Channel_57,Comedy,US,2026-01-11,12,2026-01-07 00:00:00,269564,19382,719,953,2026|trending,goated,False
YT101286,The Truth About Gaming Setup,Channel_282,Entertainment,AU,2026-02-04,9,2026-02-02 00:00:00,469524,18767,1826,899,viral|gaming|new,content flop perfect disappointing awesome incredible incredible okay video,False
YT101287,my Life Live Performance 2026,Channel_237,Science & Technology,GB,2026-03-14,11,2026-03-11 00:00:00,153134,7030,741,342,review|official|funny,best disappointing fine channel thoughts,False
YT101288,Top 10 Budget Travel Moments,Channel_441,Sports,CA,2026-01-01,11,2025-12-30 00:00:00,489241,23220,998,2284,official|viral|gaming|2026,awesome incredible video,False
YT101289,Learn TikTok in 10 Minutes,Channel_100,Science & Technology,CA,2026-08-09,6,2026-08-06 00:00:00,166849,8694,607,721,2026|review|trending,overrated great upload terrible underrated thoughts,False
YT101290,my Life Full Episode | Highlights,Channel_88,Sports,CA,2026-05-06,9,2026-05-02 00:00:00,784312,5544,221,2350,trending|official|music|funny,comment upload video upload hate thoughts,False
YT101291,the Universe REACTION,Channel_372,Music,IN,2026-04-23,11,2026-04-21 00:00:00,370098,20069,1468,1119,viral|highlights|new,like,False
YT101292,Robots Full Episode | Highlights,Channel_131,Gaming,US,2026-04-06,8,2026-04-02 00:00:00,502235,16435,890,3196,funny|trending,upload trash underrated love video,False
YT101293,the Ocean vs Everyone | Full Match,Channel_171,News & Politics,IN,2026-02-01,9,2026-01-31 00:00:00,662623,40115,4321,1554,viral|funny|review,review overrated content,False
YT101294,Learn the Universe in 10 Minutes,Channel_175,Film & Animation,AU,2026-07-05,8,2026-07-01 00:00:00,260986,5808,529,851,trending|highlights|viral|new,honestly flop excellent flop okay,False
YT101295,Robots Breaking News Update,Channel_251,Gaming,IN,2026-01-22,6,2026-01-18 00:00:00,398925,20231,1502,860,highlights|trending,brilliant goated boring,False
YT101296,The Truth About Season 5,Channel_294,Music,CA,2026-05-24,5,2026-05-22 00:00:00,367895,16580,572,2194,2026|music,waste underrated comment,False
YT101297,the World Cup REACTION,Channel_428,Film & Animation,US,2026-01-05,14,2026-01-04 00:00:00,858785,35140,2121,2689,review|funny,honestly overrated,False
YT101298,I Tried AI For 24 Hours,Channel_12,Music,CA,2026-06-22,7,2026-06-22 00:00:00,242532,20131,731,952,music|new,best review honestly love upload awesome review brilliant,False
YT101299,Robots vs Everyone | Full Match,Channel_337,People & Blogs,US,2026-03-09,14,2026-03-05 00:00:00,41517,1226,127,77,trending|funny,great upload review channel like channel honestly brilliant,False
YT101300,How the Ocean Changed Everything,Channel_97,Gaming,IN,2026-03-04,8,2026-03-03 00:00:00,149977,3516,252,800,viral|music|new|highlights,waste terrible thoughts upload,False
YT101301,Robots Breaking News Update,Channel_190,Education,GB,2026-07-26,11,2026-07-22 00:00:00,319052,8172,805,642,review|highlights|funny|2026,brilliant thoughts perfect,False
YT101302,AI - Official Music Video,Channel_75,Science & Technology,CA,2026-04-16,12,2026-04-16 00:00:00,174292,11100,473,547,gaming|viral,fine video excellent incredible,False
YT101303,OFFICIAL Trailer: the Final Boss,Channel_490,Music,CA,2026-07-01,8,2026-06-28 00:00:00,312023,13820,1387,1766,viral|gaming,goated okay amazing love like,False
YT101304,I Tried Street Food For 24 Hours,Channel_218,Music,CA,2026-04-21,12,2026-04-19 00:00:00,418884,13201,1408,2044,review|official,underrated,False
YT101305,the Algorithm - Official Music Video,Channel_69,Comedy,GB,2026-01-24,2,2026-01-20 00:00:00,715628,34180,2204,2705,gaming|official|funny,video,False
YT101306,New York - Official Music Video,Channel_440,People & Blogs,IN,2026-03-14,2,2026-03-13 00:00:00,234972,9697,1144,1236,highlights|2026,trash okay upload upload fine amazing incredible,False
YT101307,Top 10 the World Cup Moments,Channel_175,Education,GB,2026-04-11,8,2026-04-11 00:00:00,106291,6349,326,495,new|trending,content awful excellent okay,False
YT101308,AI - Official Music Video,Channel_379,Music,CA,2026-02-06,1,2026-02-06 00:00:00,953547,43524,4567,1350,highlights|review|viral,incredible video honestly perfect,False
YT101309,Budget Travel REACTION,Channel_149,Education,IN,2026-04-02,9,2026-03-31 00:00:00,228294,11050,818,1085,trending|official,flop content review,False
YT101310,the Final Boss Full Episode | Highlights,Channel_223,Education,GB,2026-07-28,12,2026-07-28 00:00:00,245772,14485,1672,1373,review|funny|gaming,brilliant,False
YT101311,I Tried Street Food For 24 Hours,Channel_315,People & Blogs,US,2026-03-09,10,2026-03-05 00:00:00,767059,32266,1182,2533,music|gaming,cringe,False
YT101312,the Ocean Breaking News Update,Channel_127,Sports,IN,2026-02-10,12,2026-02-06 00:00:00,316578,19307,666,1772,2026|official,thoughts channel best fine love,False
YT101313,Robots Full Episode | Highlights,Channel_272,Sports,IN,2026-07-16,11,2026-07-13 00:00:00,66040,416,17,454,viral|trending|highlights|music,unwatchable fantastic comment trash unwatchable,False
YT101314,The Truth About AI,Channel_119,Gaming,US,2026-04-23,9,2026-04-21 00:00:00,838374,33931,1763,3660,review|official|viral|trending,content,False
YT101315,The Truth About the Ocean,Channel_218,News & Politics,US,2026-04-11,6,2026-04-10 00:00:00,435543,26492,3008,2177,music|funny|highlights|trending,channel hate fantastic watched fine,False
YT101316,Street Food vs Everyone | Full Match,Channel_290,Entertainment,AU,2026-03-14,12,2026-03-14 00:00:00,338777,19987,2077,859,new|gaming|review,amazing okay excellent terrible,False
YT101317,OFFICIAL Trailer: Robots,Channel_403,News & Politics,IN,2026-06-09,8,2026-06-07 00:00:00,132358,6070,612,565,funny|review,watched review watched,False
YT101318,The Truth About TikTok,Channel_71,Comedy,US,2026-07-19,14,2026-07-15 00:00:00,296987,9103,907,1342,music|viral|review|official,okay upload underrated,False
YT101319,Learn AI in 10 Minutes,Channel_218,News & Politics,AU,2026-04-25,12,2026-04-25 00:00:00,486649,24037,1727,358,new|viral|trending,cringe,False
YT101320,Top 10 the Stock Market Moments,Channel_135,People & Blogs,IN,2026-06-19,13,2026-06-18 00:00:00,99919,5935,505,398,trending|music|funny|official,thoughts perfect comment worst okay amazing,False
YT101321,the Universe - Official Music Video,Channel_383,Sports,AU,2026-01-06,14,2026-01-04 00:00:00,646809,26626,1186,1429,music|2026|viral|official,goated channel,False
YT101322,I Tried the Stock Market For 24 Hours,Channel_219,People & Blogs,AU,2026-02-16,4,2026-02-15 00:00:00,59868,4300,202,234,highlights|review|new,thoughts cringe love,True
YT101323,How the Universe Changed Everything,Channel_80,Entertainment,CA,2026-03-05,10,2026-03-01 00:00:00,641260,36024,3330,3140,review|highlights|viral|gaming,content like upload underrated watched okay thoughts video like best fine,False
YT101324,Gaming Setup Full Episode | Highlights,Channel_225,Entertainment,GB,2026-06-06,13,2026-06-06 00:00:00,386368,18716,945,367,2026|official|review|funny,comment thoughts comment,False
YT101325,the World Cup REACTION,Channel_363,Entertainment,CA,2026-05-23,9,2026-05-20 00:00:00,97226,5568,264,373,new|official,great amazing fine video boring fantastic thoughts hate,False
YT101326,How the Final Boss Changed Everything,Channel_417,Education,US,2026-06-10,10,2026-06-06 00:00:00,54160,2114,247,277,viral|highlights|review,content fine,False
YT101327,How the Championship Changed Everything,Channel_104,Music,US,2026-02-28,4,2026-02-24 00:00:00,833901,69034,2585,3510,official|new|funny,upload boring love fine goated best,True
YT101328,Top 10 the Stock Market Moments,Channel_69,Film & Animation,GB,2026-07-19,10,2026-07-18 00:00:00,302611,4711,273,1305,2026|viral,fire comment fantastic video perfect comment content brilliant,False
YT101329,OFFICIAL Trailer: my Life,Channel_183,Education,US,2026-04-01,10,2026-03-30 00:00:00,187618,11032,938,1229,trending|music|viral,okay fine thoughts thoughts awful video,False
YT101330,Season 5 vs Everyone | Full Match,Channel_364,Film & Animation,GB,2026-02-18,12,2026-02-18 00:00:00,76977,1286,152,354,music|review,review channel awful great,False
YT101331,OFFICIAL Trailer: the Ocean,Channel_57,Sports,IN,2026-08-13,14,2026-08-11 00:00:00,197490,9009,517,1009,music|official|highlights,perfect honestly fine comment,False
YT101332,Street Food REACTION,Channel_442,Education,GB,2026-03-06,10,2026-03-02 00:00:00,213264,9743,532,607,funny|viral,upload trash like review fantastic,False
YT101333,Street Food Live Performance 2026,Channel_253,Music,AU,2026-08-05,14,2026-08-04 00:00:00,401886,18358,747,1917,new|viral|highlights|funny,fantastic underrated great watched trash,False
YT101334,Gaming Setup Full Episode | Highlights,Channel_111,Gaming,IN,2026-01-01,11,2025-12-30 00:00:00,207302,7411,379,408,trending|official|music|highlights,fine upload worst great watched honestly,False
YT101335,Top 10 the Universe Moments,Channel_112,Music,GB,2026-02-24,7,2026-02-24 00:00:00,637823,15946,1518,1795,gaming|music,worst honestly best okay amazing goated,False
YT101336,the Stock Market Live Performance 2026,Channel_403,Film & Animation,US,2026-07-15,8,2026-07-11 00:00:00,80134,4370,449,309,new|funny,perfect thoughts comment okay,False
YT101337,Top 10 the World Cup Moments,Channel_222,Comedy,IN,2026-06-20,14,2026-06-20 00:00:00,195893,6838,261,685,highlights|trending,amazing,False
YT101338,I Tried Gaming Setup For 24 Hours,Channel_401,People & Blogs,IN,2026-06-22,7,2026-06-20 00:00:00,244254,1646,131,784,funny|review|new|trending,channel comment great,False
YT101339,Street Food vs Everyone | Full Match,Channel_237,Science & Technology,GB,2026-05-15,8,2026-05-11 00:00:00,599464,30668,2120,3136,2026|funny|review,channel perfect like awesome awesome,False
YT101340,Top 10 the Final Boss Moments,Channel_54,Gaming,GB,2026-05-12,14,2026-05-12 00:00:00,28583,659,26,98,viral|highlights|new,trash best content,False
YT101341,Street Food Full Episode | Highlights,Channel_439,Entertainment,IN,2026-08-14,13,2026-08-11 00:00:00,336082,19862,2229,1381,official|viral,fantastic unwatchable excellent underrated comment awful,False
YT101342,AI Full Episode | Highlights,Channel_53,Film & Animation,US,2026-01-02,3,2025-12-30 00:00:00,590114,37614,1169,2579,review|highlights|official|gaming,review love cringe,True
YT101343,the World Cup Full Episode | Highlights,Channel_244,Entertainment,AU,2026-06-19,12,2026-06-15 00:00:00,264013,5945,466,844,new|gaming|highlights,flop content review,False
YT101344,Top 10 the Stock Market Moments,Channel_363,Film & Animation,GB,2026-01-05,14,2026-01-02 00:00:00,437374,34365,1491,3409,review|official|funny,video amazing okay disappointing comment,False
YT101345,Top 10 Season 5 Moments,Channel_82,People & Blogs,AU,2026-03-14,10,2026-03-12 00:00:00,467338,24918,2297,1527,gaming|review,perfect awesome fire okay fantastic,False
YT101346,Top 10 Street Food Moments,Channel_304,Music,IN,2026-06-21,1,2026-06-20 00:00:00,631117,17836,979,2744,new|highlights,fantastic fire best like channel comment,False
YT101347,I Tried the Universe For 24 Hours,Channel_251,People & Blogs,GB,2026-04-30,13,2026-04-29 00:00:00,297811,12680,1255,1628,new|funny,review review watched,False
YT101348,How Street Food Changed Everything,Channel_136,Sports,AU,2026-07-15,4,2026-07-14 00:00:00,645143,19479,694,1944,viral|trending,fire fantastic terrible,False
YT101349,How the World Cup Changed Everything,Channel_253,Gaming,GB,2026-01-06,7,2026-01-06 00:00:00,211711,8097,900,836,2026|review|viral|music,video excellent channel amazing,False
YT101350,New York REACTION,Channel_170,Entertainment,US,2026-01-09,12,2026-01-07 00:00:00,99838,2758,317,412,2026|viral,excellent fantastic video watched,False
YT101351,Learn my Life in 10 Minutes,Channel_35,Film & Animation,AU,2026-03-11,10,2026-03-11 00:00:00,219005,6474,306,938,music|2026|gaming|funny,trash love channel thoughts,False
YT101352,OFFICIAL Trailer: Street Food,Channel_322,Gaming,AU,2026-05-25,3,2026-05-21 00:00:00,185650,15606,612,487,new|funny,thoughts fine boring boring comment thoughts,False
YT101353,The Truth About my Life,Channel_342,Film & Animation,AU,2026-02-23,12,2026-02-19 00:00:00,192312,5938,697,607,official|music|gaming,fine okay review review honestly,False
YT101354,I Tried Budget Travel For 24 Hours,Channel_442,Comedy,GB,2026-07-31,3,2026-07-27 00:00:00,637905,29883,1899,2927,viral|highlights|review|music,love fire,False
YT101355,the World Cup Breaking News Update,Channel_74,Music,GB,2026-03-03,5,2026-02-28 00:00:00,426143,19357,2294,1485,music|new|trending,fire brilliant goated fine,False
YT101356,OFFICIAL Trailer: the Championship,Channel_240,Comedy,US,2026-04-02,8,2026-03-29 00:00:00,922067,34762,2318,4902,2026|review|trending,channel comment,False
YT101357,OFFICIAL Trailer: the Universe,Channel_464,People & Blogs,AU,2026-04-20,2,2026-04-18 00:00:00,249200,8092,611,636,review|new,disappointing excellent perfect,False
YT101358,Top 10 AI Moments,Channel_5,Music,AU,2026-01-21,12,2026-01-19 00:00:00,364034,13103,1380,1054,funny|review,incredible waste love,False
YT101359,Budget Travel Live Performance 2026,Channel_457,Film & Animation,IN,2026-07-31,2,2026-07-31 00:00:00,154640,8009,881,860,gaming|official,disappointing watched thoughts okay,False
YT101360,How Gaming Setup Changed Everything,Channel_247,Comedy,US,2026-05-11,7,2026-05-11 00:00:00,377369,19154,2066,1103,new|music,upload amazing,False
YT101361,Learn the Championship in 10 Minutes,Channel_478,Sports,AU,2026-04-18,6,2026-04-17 00:00:00,71109,2499,153,174,viral|new|funny,video overrated upload fantastic comment content incredible,False
YT101362,OFFICIAL Trailer: Gaming Setup,Channel_90,People & Blogs,GB,2026-03-31,2,2026-03-27 00:00:00,206108,10322,945,412,highlights|viral,amazing unwatchable trash hate thoughts fine okay,False
YT101363,TikTok - Official Music Video,Channel_350,Gaming,US,2026-08-07,5,2026-08-07 00:00:00,989822,37588,3973,4837,viral|2026,amazing worst okay amazing channel incredible okay okay,False
YT101364,OFFICIAL Trailer: Gaming Setup,Channel_96,Film & Animation,AU,2026-03-03,7,2026-03-03 00:00:00,250142,13800,1197,1116,viral|2026|new|funny,goated awful love upload best like perfect awesome,False
YT101365,the Stock Market - Official Music Video,Channel_335,Gaming,CA,2026-02-18,6,2026-02-17 00:00:00,111634,4345,198,582,new|highlights,incredible comment honestly watched fire,False
YT101366,Top 10 my Life Moments,Channel_159,Music,AU,2026-08-20,10,2026-08-16 00:00:00,1382255,29516,1147,6921,review|music|official|new,like okay flop,False
YT101367,Learn New York in 10 Minutes,Channel_155,Film & Animation,GB,2026-06-21,13,2026-06-20 00:00:00,413562,25907,2396,2165,music|trending,goated watched best great fine fine perfect,False
YT101368,Learn Gaming Setup in 10 Minutes,Channel_211,Entertainment,CA,2026-01-14,12,2026-01-11 00:00:00,133872,6098,240,723,trending|gaming,upload perfect,False
YT101369,How Gaming Setup Changed Everything,Channel_189,Comedy,IN,2026-02-15,8,2026-02-14 00:00:00,288558,13095,1434,851,review|2026|highlights|trending,terrible love underrated thoughts review review,False
YT101370,Top 10 Gaming Setup Moments,Channel_122,Film & Animation,AU,2026-08-23,9,2026-08-21 00:00:00,387395,15897,1381,2078,2026|trending|review|gaming,comment amazing,False
YT101371,Learn the Universe in 10 Minutes,Channel_422,News & Politics,US,2026-01-30,1,2026-01-26 00:00:00,361796,22859,2412,1393,official|review|gaming,trash incredible,False
YT101372,Learn AI in 10 Minutes,Channel_189,Gaming,IN,2026-04-14,10,2026-04-11 00:00:00,159176,10684,767,329,funny|review,terrible love review excellent channel,False
YT101373,the Ocean Breaking News Update,Channel_279,Comedy,IN,2026-01-13,12,2026-01-13 00:00:00,860339,52069,4627,1585,music|viral|2026,best awful fantastic awesome underrated okay,False
YT101374,OFFICIAL Trailer: Season 5,Channel_172,Entertainment,US,2026-01-16,14,2026-01-16 00:00:00,140676,7888,865,855,music|gaming,thoughts brilliant overrated overrated,False
YT101375,How the Final Boss Changed Everything,Channel_12,Comedy,GB,2026-04-30,12,2026-04-30 00:00:00,945875,29909,1500,3658,2026|gaming|highlights,okay video comment content,False
YT101376,my Life Full Episode | Highlights,Channel_273,Entertainment,GB,2026-08-11,14,2026-08-10 00:00:00,381722,35030,1796,364,gaming|funny,fine awesome goated,False
YT101377,I Tried New York For 24 Hours,Channel_333,Entertainment,IN,2026-02-16,3,2026-02-13 00:00:00,1227761,64074,3022,3547,viral|new,watched honestly thoughts flop,False
YT101378,the Ocean Live Performance 2026,Channel_128,Comedy,CA,2026-05-22,13,2026-05-22 00:00:00,525174,41229,1549,1596,review|viral,great,False
YT101379,Budget Travel REACTION,Channel_66,Sports,CA,2026-08-11,8,2026-08-07 00:00:00,261703,14702,1537,1473,new|trending,amazing,False
YT101380,Robots - Official Music Video,Channel_263,Entertainment,IN,2026-04-11,3,2026-04-07 00:00:00,245617,11772,362,1146,trending|new|official,awful awful fantastic terrible,False
YT101381,I Tried Budget Travel For 24 Hours,Channel_399,Science & Technology,US,2026-02-20,1,2026-02-19 00:00:00,145279,9337,760,538,music|viral|gaming,fine great brilliant,False
YT101382,The Truth About TikTok,Channel_398,Science & Technology,IN,2026-08-18,5,2026-08-18 00:00:00,186490,6754,324,1012,highlights|music|trending|gaming,goated content awful,False
YT101383,the Universe Live Performance 2026,Channel_456,Science & Technology,AU,2026-06-12,7,2026-06-09 00:00:00,195602,12685,958,940,official|viral|gaming,cringe thoughts fire hate terrible,False
YT101384,Learn the Ocean in 10 Minutes,Channel_223,Science & Technology,AU,2026-08-12,12,2026-08-11 00:00:00,354489,15292,729,945,trending|new,thoughts honestly upload perfect content,False
YT101385,the Championship vs Everyone | Full Match,Channel_11,People & Blogs,AU,2026-05-27,6,2026-05-23 00:00:00,455241,16116,1214,1980,2026|funny,video channel best review great,False
YT101386,I Tried the Algorithm For 24 Hours,Channel_55,Music,IN,2026-03-28,3,2026-03-26 00:00:00,278633,3462,146,1465,official|highlights|review|new,comment honestly,False
YT101387,New York vs Everyone | Full Match,Channel_234,Music,CA,2026-07-06,1,2026-07-02 00:00:00,1355881,51011,3642,3882,official|gaming|highlights,okay comment upload underrated,False
YT101388,Street Food - Official Music Video,Channel_388,Gaming,US,2026-04-07,10,2026-04-06 00:00:00,231683,9891,727,1271,new|2026|review|viral,waste watched channel awesome disappointing fire fire cringe fire trash,False
YT101389,Learn the Championship in 10 Minutes,Channel_365,Sports,IN,2026-07-16,2,2026-07-14 00:00:00,711775,26376,1637,3902,trending|highlights|funny,underrated unwatchable,False
YT101390,Budget Travel Live Performance 2026,Channel_493,Film & Animation,GB,2026-04-01,10,2026-04-01 00:00:00,767768,32240,2280,3235,review|funny,honestly,True
YT101391,The Truth About the Championship,Channel_241,Gaming,AU,2026-02-14,12,2026-02-14 00:00:00,479718,17680,1765,3010,gaming|2026|trending,watched review,False
YT101392,the Stock Market REACTION,Channel_454,Comedy,CA,2026-01-04,6,2025-12-31 00:00:00,218137,17491,1415,837,viral|review,like like upload upload hate,False
YT101393,the Stock Market vs Everyone | Full Match,Channel_304,Film & Animation,CA,2026-04-17,9,2026-04-14 00:00:00,302232,15891,920,1461,viral|2026,like,False
YT101394,Learn Season 5 in 10 Minutes,Channel_85,Film & Animation,IN,2026-03-11,13,2026-03-10 00:00:00,606012,32871,2918,3001,highlights|review|music,review waste disappointing thoughts,True
YT101395,the World Cup Breaking News Update,Channel_270,Comedy,IN,2026-06-27,12,2026-06-23 00:00:00,114940,5543,619,252,music|viral|new|highlights,fire incredible comment overrated perfect like perfect goated upload great like,False
YT101396,Top 10 my Life Moments,Channel_209,Education,AU,2026-02-14,11,2026-02-10 00:00:00,159406,2114,97,499,trending|viral|music,goated terrible incredible amazing thoughts,False
YT101397,How my Life Changed Everything,Channel_325,Entertainment,GB,2026-01-10,12,2026-01-10 00:00:00,577233,19785,2235,4003,gaming|2026|viral|trending,content okay,False
YT101398,Gaming Setup vs Everyone | Full Match,Channel_352,Entertainment,US,2026-06-17,8,2026-06-16 00:00:00,169266,4450,438,777,viral|funny,excellent content unwatchable honestly incredible like,False
YT101399,Budget Travel - Official Music Video,Channel_138,Film & Animation,CA,2026-06-14,5,2026-06-12 00:00:00,157702,5731,192,487,2026|trending,watched this video,False
YT101400,The Truth About the Algorithm,Channel_446,Film & Animation,GB,2026-04-28,12,2026-04-26 00:00:00,311558,21145,2464,1046,viral|music,watched comment great watched best incredible content thoughts,False
YT101401,Top 10 the Stock Market Moments,Channel_349,Gaming,IN,2026-01-03,9,2026-01-02 00:00:00,207406,10035,760,983,music|gaming|viral|trending,watched upload,False
YT101402,Gaming Setup Live Performance 2026,Channel_189,Education,IN,2026-08-06,6,2026-08-06 00:00:00,112583,763,40,431,gaming|new|music,perfect terrible terrible fine thoughts,False
YT101403,How the Final Boss Changed Everything,Channel_26,News & Politics,CA,2026-02-21,5,2026-02-19 00:00:00,296887,14088,1497,801,new|highlights,goated,False
YT101404,Learn the Championship in 10 Minutes,Channel_323,News & Politics,GB,2026-01-11,14,2026-01-08 00:00:00,156079,8293,345,621,new|highlights,love video channel comment boring best,False
YT101405,How New York Changed Everything,Channel_156,Sports,US,2026-01-09,2,2026-01-06 00:00:00,168373,7856,896,813,new|music|2026,watched comment channel content,False
YT101406,Learn AI in 10 Minutes,Channel_275,Science & Technology,CA,2026-01-31,4,2026-01-31 00:00:00,561046,24303,1290,3466,2026|official|funny,excellent worst content fire amazing,False
YT101407,Street Food vs Everyone | Full Match,Channel_171,Education,IN,2026-01-27,8,2026-01-23 00:00:00,473570,11510,863,1860,new|music|2026|official,best love brilliant watched unwatchable comment,False
YT101408,The Truth About AI,Channel_400,Film & Animation,GB,2026-03-05,6,2026-03-02 00:00:00,297306,11053,409,940,gaming|review|official,brilliant content watched comment watched love waste thoughts,False
YT101409,Learn Budget Travel in 10 Minutes,Channel_285,News & Politics,CA,2026-06-04,5,2026-06-03 00:00:00,138026,7153,352,506,review|funny|gaming|new,watched channel channel watched best,False
YT101410,New York - Official Music Video,Channel_1,Gaming,AU,2026-06-02,14,2026-06-01 00:00:00,717724,27285,2934,3627,music|highlights|review|funny,hate awesome channel overrated,False
YT101411,Budget Travel Breaking News Update,Channel_1,Sports,US,2026-07-05,14,2026-07-04 00:00:00,268746,8305,935,923,viral|2026|highlights|official,honestly like disappointing waste perfect,False
YT101412,How the Algorithm Changed Everything,Channel_222,Comedy,AU,2026-06-04,11,2026-06-01 00:00:00,1277151,66654,4529,3906,music|highlights|trending,honestly like fantastic like,False
YT101413,Learn my Life in 10 Minutes,Channel_375,Film & Animation,AU,2026-05-21,6,2026-05-17 00:00:00,168480,8739,399,1066,highlights|gaming,channel video brilliant fantastic great content watched,False
YT101414,my Life vs Everyone | Full Match,Channel_343,People & Blogs,US,2026-07-12,14,2026-07-08 00:00:00,795697,47655,4936,1842,trending|viral|2026|gaming,brilliant review watched,False
YT101415,Top 10 New York Moments,Channel_427,Education,GB,2026-08-22,14,2026-08-19 00:00:00,78775,2591,255,449,trending|funny|2026,review worst amazing upload review amazing,False
YT101416,Robots Live Performance 2026,Channel_395,Comedy,GB,2026-06-11,12,2026-06-09 00:00:00,629774,27133,1438,3155,new|2026,amazing fire underrated fine,False
YT101417,OFFICIAL Trailer: Robots,Channel_351,People & Blogs,GB,2026-05-17,12,2026-05-16 00:00:00,105999,4712,236,489,official|viral|review|funny,fantastic love upload fire,False
YT101418,the Universe vs Everyone | Full Match,Channel_372,Gaming,AU,2026-05-28,7,2026-05-24 00:00:00,397905,10362,535,1848,funny|trending|highlights|2026,channel channel unwatchable video fantastic worst brilliant upload comment,False
YT101419,the Universe Breaking News Update,Channel_230,Gaming,CA,2026-07-20,2,2026-07-20 00:00:00,176824,6299,280,535,2026|funny,upload best love review great perfect,False
YT101420,How the Universe Changed Everything,Channel_376,People & Blogs,IN,2026-02-02,13,2026-02-01 00:00:00,312123,16989,774,974,viral|new|trending|funny,comment,False
YT101421,The Truth About the Championship,Channel_372,News & Politics,GB,2026-04-08,4,2026-04-07 00:00:00,366176,21166,1010,1710,music|official,channel okay,False
YT101422,the Stock Market Live Performance 2026,Channel_341,Entertainment,GB,2026-07-07,7,2026-07-04 00:00:00,280599,10754,1157,1233,new|official,underrated comment honestly comment review watched,False
YT101423,OFFICIAL Trailer: Budget Travel,Channel_409,People & Blogs,IN,2026-01-18,4,2026-01-16 00:00:00,911742,19956,872,871,viral|funny|review,video fantastic trash brilliant upload excellent love,False
YT101424,Robots - Official Music Video,Channel_469,Science & Technology,IN,2026-02-12,8,2026-02-09 00:00:00,182641,8771,937,1325,review|official|gaming,incredible review perfect fire upload,False
YT101425,I Tried TikTok For 24 Hours,Channel_498,Entertainment,AU,2026-04-18,1,2026-04-17 00:00:00,352115,7297,699,2352,review|funny,thoughts flop channel okay fine,False
YT101426,I Tried AI For 24 Hours,Channel_443,Film & Animation,US,2026-01-13,12,2026-01-10 00:00:00,295525,7874,319,1376,viral|gaming|official,fantastic,False
YT101427,the Universe vs Everyone | Full Match,Channel_335,Sports,IN,2026-02-28,5,2026-02-24 00:00:00,547559,20571,1538,1966,funny|highlights|music|official,incredible video overrated like awful fire fine fantastic,False
YT101428,Season 5 Live Performance 2026,Channel_130,Gaming,GB,2026-03-20,1,2026-03-16 00:00:00,1075178,50413,3757,4401,new|review|funny|music,love love boring honestly best,False
YT101429,Learn Gaming Setup in 10 Minutes,Channel_181,Entertainment,CA,2026-02-24,14,2026-02-21 00:00:00,642615,13343,1488,1851,official|viral|highlights|2026,love goated,False
YT101430,AI Full Episode | Highlights,Channel_439,Entertainment,GB,2026-04-19,14,2026-04-17 00:00:00,643906,14594,647,2117,official|funny|2026,awful trash waste okay channel review,False
YT101431,How Robots Changed Everything,Channel_381,Education,AU,2026-06-05,2,2026-06-03 00:00:00,66879,2455,202,247,new|music|viral|gaming,content great boring great watched okay,False
YT101432,Street Food vs Everyone | Full Match,Channel_81,Comedy,CA,2026-05-10,8,2026-05-06 00:00:00,753193,37372,4467,2920,viral|trending,awesome upload watched,False
YT101433,The Truth About AI,Channel_23,Education,GB,2026-04-08,5,2026-04-07 00:00:00,169639,7600,749,129,music|viral|trending|funny,underrated okay perfect channel,False
YT101434,the Universe Breaking News Update,Channel_436,News & Politics,GB,2026-01-09,2,2026-01-08 00:00:00,223614,10328,787,644,trending|gaming|music,incredible,False
YT101435,Learn Robots in 10 Minutes,Channel_351,Gaming,GB,2026-07-05,1,2026-07-04 00:00:00,609551,33177,3686,2694,review|funny|new,goated fantastic,False
YT101436,OFFICIAL Trailer: my Life,Channel_168,Sports,IN,2026-01-18,9,2026-01-18 00:00:00,401555,24514,1703,1366,viral|funny|trending,review disappointing comment review,False
YT101437,New York vs Everyone | Full Match,Channel_176,Film & Animation,US,2026-03-28,8,2026-03-25 00:00:00,502868,21588,1137,1113,music|gaming,watched upload underrated overrated,False
YT101438,my Life vs Everyone | Full Match,Channel_34,Comedy,AU,2026-02-26,14,2026-02-24 00:00:00,426371,10514,1086,1639,funny|2026,perfect okay channel,False
YT101439,Season 5 - Official Music Video,Channel_336,People & Blogs,GB,2026-02-21,4,2026-02-19 00:00:00,119398,5524,588,397,highlights|music,cringe video fine incredible like comment thoughts,False
YT101440,I Tried TikTok For 24 Hours,Channel_89,People & Blogs,AU,2026-05-10,1,2026-05-09 00:00:00,258926,12507,1219,889,gaming|viral|new,review,False
YT101441,the Final Boss vs Everyone | Full Match,Channel_170,News & Politics,CA,2026-03-02,8,2026-03-02 00:00:00,251035,8083,739,675,review|new,honestly like fantastic best,False
YT101442,OFFICIAL Trailer: TikTok,Channel_374,Film & Animation,US,2026-03-27,1,2026-03-26 00:00:00,374054,16091,1033,1085,music|gaming|2026,content waste incredible fine goated,False
YT101443,Gaming Setup - Official Music Video,Channel_396,Music,GB,2026-03-17,5,2026-03-16 00:00:00,757569,35912,3318,3804,new|funny|gaming,like video channel cringe video,False
YT101444,Learn the World Cup in 10 Minutes,Channel_351,Education,GB,2026-01-27,7,2026-01-26 00:00:00,200023,16738,1321,673,viral|2026|review,love brilliant fantastic like honestly okay perfect review,False
YT101445,the Ocean vs Everyone | Full Match,Channel_325,News & Politics,IN,2026-02-11,8,2026-02-11 00:00:00,150663,8930,644,264,trending|gaming|new,channel goated video underrated love fine channel fire,False
YT101446,the Algorithm Full Episode | Highlights,Channel_431,Entertainment,IN,2026-01-13,8,2026-01-12 00:00:00,156652,5763,300,594,trending|review|highlights|music,awful channel,False
YT101447,Top 10 the Final Boss Moments,Channel_405,Gaming,CA,2026-07-18,13,2026-07-16 00:00:00,1038228,45166,4281,3110,viral|review|trending|2026,goated honestly waste okay like watched honestly okay,False
YT101448,the World Cup REACTION,Channel_79,Gaming,IN,2026-01-07,2,2026-01-05 00:00:00,1309254,58984,4865,10494,trending|funny,amazing content thoughts underrated,False
YT101449,How the World Cup Changed Everything,Channel_43,Comedy,GB,2026-02-26,6,2026-02-22 00:00:00,567384,10187,362,3445,highlights|2026|funny,hate,False
YT101450,Learn AI in 10 Minutes,Channel_237,Gaming,AU,2026-03-15,5,2026-03-11 00:00:00,174787,2718,312,262,funny|gaming|viral,content,False
YT101451,I Tried AI For 24 Hours,Channel_489,Gaming,US,2026-05-30,1,2026-05-26 00:00:00,295938,2745,227,675,review|gaming|new,brilliant great,False
YT101452,the Ocean vs Everyone | Full Match,Channel_318,Sports,US,2026-07-22,7,2026-07-18 00:00:00,418131,20836,2425,2417,trending|official|gaming|review,honestly honestly watched disappointing,False
YT101453,Top 10 TikTok Moments,Channel_71,Film & Animation,GB,2026-05-13,2,2026-05-10 00:00:00,167191,9190,416,541,review|viral|official,review incredible review great excellent awesome fire video fine,False
YT101454,the Championship REACTION,Channel_473,Entertainment,IN,2026-01-10,2,2026-01-06 00:00:00,413690,19002,1505,2092,review|2026|music|gaming,worst unwatchable honestly awesome,False
YT101455,the Universe REACTION,Channel_382,Music,AU,2026-06-18,6,2026-06-17 00:00:00,588663,36157,3030,2972,gaming|highlights,fine watched,False
YT101456,I Tried the World Cup For 24 Hours,Channel_443,News & Politics,US,2026-05-11,8,2026-05-11 00:00:00,334555,15336,950,1128,2026|funny,brilliant incredible awful comment,False
YT101457,How Budget Travel Changed Everything,Channel_2,Comedy,AU,2026-07-12,12,2026-07-11 00:00:00,302585,9714,740,1698,new|gaming|viral,fantastic,False
YT101458,Gaming Setup vs Everyone | Full Match,Channel_162,Entertainment,CA,2026-06-12,3,2026-06-09 00:00:00,365491,22616,1210,2217,gaming|new,thoughts comment channel perfect upload,False
YT101459,How the Stock Market Changed Everything,Channel_236,Gaming,IN,2026-02-05,14,2026-02-05 00:00:00,900445,24006,1572,2244,2026|music|highlights,review excellent awful brilliant,False
YT101460,AI REACTION,Channel_163,Music,AU,2026-03-20,6,2026-03-19 00:00:00,473716,30354,2506,1147,official|new|2026,thoughts channel comment,False
YT101461,the World Cup - Official Music Video,Channel_187,News & Politics,GB,2026-07-01,3,2026-06-29 00:00:00,236811,11509,644,1347,review|music|new,honestly honestly comment content,False
YT101462,Learn the Universe in 10 Minutes,Channel_395,News & Politics,AU,2026-03-17,1,2026-03-15 00:00:00,195637,6109,578,577,music|new|official,upload honestly incredible,False
YT101463,the Algorithm vs Everyone | Full Match,Channel_222,Film & Animation,CA,2026-04-28,4,2026-04-28 00:00:00,473048,19840,1230,1469,review|trending,perfect thoughts channel waste channel review love incredible hate channel,False
YT101464,Budget Travel Breaking News Update,Channel_168,Entertainment,AU,2026-08-17,2,2026-08-13 00:00:00,490559,21701,1346,377,2026|trending|music,video goated fine incredible incredible fire worst,False
YT101465,TikTok REACTION,Channel_266,Gaming,AU,2026-04-21,5,2026-04-20 00:00:00,591563,42818,2227,1651,review|viral|gaming|music,watched this video,False
YT101466,Learn the World Cup in 10 Minutes,Channel_164,Film & Animation,AU,2026-03-07,5,2026-03-04 00:00:00,240624,14259,757,151,gaming|review|official,fine overrated,False
YT101467,TikTok Live Performance 2026,Channel_361,Gaming,US,2026-03-17,10,2026-03-17 00:00:00,799061,55428,5315,3072,2026|music,honestly comment review,False
YT101468,TikTok - Official Music Video,Channel_118,Music,CA,2026-03-23,11,2026-03-21 00:00:00,1041920,66263,4245,3523,viral|trending,thoughts like honestly,False
YT101469,Gaming Setup Breaking News Update,Channel_363,Comedy,CA,2026-02-09,11,2026-02-08 00:00:00,326704,14425,1292,1626,gaming|new,excellent honestly excellent content,False
YT101470,the Algorithm REACTION,Channel_337,News & Politics,CA,2026-04-24,4,2026-04-24 00:00:00,717869,32182,3428,2147,new|trending|review,great unwatchable okay boring like honestly terrible,False
YT101471,my Life Live Performance 2026,Channel_9,Science & Technology,AU,2026-05-23,12,2026-05-21 00:00:00,138580,7047,461,729,funny|2026|highlights,fire channel amazing thoughts,False
YT101472,the Championship Full Episode | Highlights,Channel_78,Music,GB,2026-05-19,14,2026-05-18 00:00:00,557052,26551,1212,2004,viral|music|gaming|review,best watched amazing underrated content upload brilliant,False
YT101473,Top 10 AI Moments,Channel_399,Comedy,GB,2026-04-28,10,2026-04-25 00:00:00,534187,19223,1209,2068,official|viral|trending,review video,False
YT101474,Season 5 Live Performance 2026,Channel_130,Film & Animation,CA,2026-06-11,1,2026-06-11 00:00:00,879083,30630,3453,2508,2026|official|viral,watched this video,False
YT101475,Robots Full Episode | Highlights,Channel_391,People & Blogs,IN,2026-01-03,8,2025-12-31 00:00:00,137042,7344,755,718,gaming|viral|official,great awful underrated content fine goated goated,False
YT101476,Street Food vs Everyone | Full Match,Channel_125,News & Politics,IN,2026-03-01,9,2026-02-26 00:00:00,596821,23696,1433,1547,viral|new|2026,okay upload best,False
YT101477,OFFICIAL Trailer: the Championship,Channel_353,Science & Technology,IN,2026-05-30,2,2026-05-30 00:00:00,497379,17911,843,2387,trending|music,terrible content comment awesome,False
YT101478,Robots Breaking News Update,Channel_20,Entertainment,GB,2026-01-07,5,2026-01-03 00:00:00,391844,20649,1516,1448,official|gaming|funny|highlights,great honestly underrated fine,False
YT101479,Top 10 AI Moments,Channel_134,Music,AU,2026-01-09,9,2026-01-06 00:00:00,156445,5055,452,428,viral|funny|official,perfect channel perfect,False
YT101480,I Tried Budget Travel For 24 Hours,Channel_375,Sports,AU,2026-01-27,7,2026-01-24 00:00:00,654622,12514,574,2312,music|review,video awesome love underrated incredible video,False
YT101481,Budget Travel - Official Music Video,Channel_417,News & Politics,IN,2026-03-29,4,2026-03-26 00:00:00,537597,19936,885,1698,review|2026|viral|gaming,channel like,False
YT101482,Budget Travel Full Episode | Highlights,Channel_139,Education,GB,2026-07-30,7,2026-07-26 00:00:00,215236,8691,987,926,viral|gaming,honestly thoughts,False
YT101483,the Ocean REACTION,Channel_211,Music,US,2026-06-15,7,2026-06-11 00:00:00,558187,12047,1352,2398,trending|highlights,disappointing fine waste overrated,False
YT101484,the Ocean Full Episode | Highlights,Channel_396,Sports,CA,2026-05-09,7,2026-05-06 00:00:00,205534,8520,900,374,highlights|funny|viral|official,video,False
YT101485,the World Cup Live Performance 2026,Channel_294,Gaming,US,2026-02-22,9,2026-02-20 00:00:00,349069,18634,781,1502,gaming|funny|viral|trending,worst worst underrated,False
YT101486,OFFICIAL Trailer: the Algorithm,Channel_304,Music,GB,2026-08-03,1,2026-07-31 00:00:00,430069,21087,1627,2572,funny|review|viral|2026,overrated goated thoughts,False
YT101487,the Stock Market Full Episode | Highlights,Channel_323,Entertainment,GB,2026-05-25,12,2026-05-24 00:00:00,565876,32688,1182,2344,trending|review,overrated thoughts brilliant terrible honestly cringe,False
YT101488,OFFICIAL Trailer: Gaming Setup,Channel_189,Entertainment,CA,2026-03-30,11,2026-03-27 00:00:00,1179734,62615,3521,2735,highlights|music|official|review,disappointing perfect perfect channel honestly,False
YT101489,my Life vs Everyone | Full Match,Channel_194,People & Blogs,IN,2026-07-26,14,2026-07-24 00:00:00,487874,17049,1841,182,gaming|review,review honestly like terrible,False
YT101490,OFFICIAL Trailer: the Ocean,Channel_259,Film & Animation,GB,2026-06-05,6,2026-06-02 00:00:00,252570,17219,602,1046,funny|official|new|highlights,comment watched underrated upload,False
YT101491,Season 5 Breaking News Update,Channel_390,Film & Animation,IN,2026-06-15,5,2026-06-12 00:00:00,136763,7452,312,695,2026|review,awesome upload like unwatchable,False
YT101492,TikTok Breaking News Update,Channel_255,Education,IN,2026-08-11,9,2026-08-08 00:00:00,214855,9226,546,680,official|new|highlights|trending,honestly awesome comment fantastic underrated,False
YT101493,AI vs Everyone | Full Match,Channel_451,Entertainment,GB,2026-07-23,4,2026-07-22 00:00:00,804644,42433,1367,3027,new|funny,content comment like like video watched fine,False
YT101494,How Budget Travel Changed Everything,Channel_146,News & Politics,IN,2026-06-22,14,2026-06-19 00:00:00,107275,6374,541,851,music|2026|highlights,honestly overrated trash watched,False
YT101495,I Tried my Life For 24 Hours,Channel_436,Gaming,US,2026-04-16,1,2026-04-12 00:00:00,183531,13182,538,984,official|2026|gaming|trending,video,False
YT101496,I Tried the Final Boss For 24 Hours,Channel_322,Music,US,2026-01-23,14,2026-01-21 00:00:00,770247,51216,2787,3357,new|official,okay channel thoughts amazing okay,False
YT101497,The Truth About the Final Boss,Channel_1,People & Blogs,CA,2026-02-16,5,2026-02-16 00:00:00,115853,1749,155,618,2026|review|highlights,worst incredible fine video,True
YT101498,Top 10 AI Moments,Channel_488,Gaming,GB,2026-07-03,14,2026-06-30 00:00:00,170156,5556,198,727,viral|official|highlights,best best,False
YT101499,Top 10 Budget Travel Moments,Channel_454,Entertainment,IN,2026-03-14,6,2026-03-10 00:00:00,198329,11766,1193,891,trending|music,perfect content boring brilliant,False
YT101500,Learn the Ocean in 10 Minutes,Channel_116,Gaming,CA,2026-04-05,3,2026-04-01 00:00:00,708849,18360,695,3852,new|review|2026|gaming,like comment review,False
YT101501,The Truth About Street Food,Channel_267,People & Blogs,IN,2026-04-06,3,2026-04-05 00:00:00,349958,18537,973,799,highlights|viral|funny,underrated watched trash like,False
YT101502,OFFICIAL Trailer: the Algorithm,Channel_184,Music,GB,2026-01-14,3,2026-01-10 00:00:00,234762,10711,974,850,gaming|trending,comment fine watched overrated thoughts,False
YT101503,Learn Season 5 in 10 Minutes,Channel_425,Music,GB,2026-07-31,8,2026-07-27 00:00:00,204835,6859,676,996,new|review|trending,incredible,False
YT101504,my Life Breaking News Update,Channel_294,Sports,US,2026-04-30,6,2026-04-30 00:00:00,143659,6000,484,827,2026|music|official,best brilliant video content,True
YT101505,the Final Boss REACTION,Channel_115,Gaming,IN,2026-05-14,13,2026-05-12 00:00:00,531454,24609,2036,2473,2026|official,best video fire awesome,False
YT101506,New York Full Episode | Highlights,Channel_450,Sports,US,2026-03-27,2,2026-03-23 00:00:00,145641,8847,491,512,highlights|gaming|official,fine awful okay fine,False
YT101507,New York Live Performance 2026,Channel_11,Sports,AU,2026-05-11,13,2026-05-10 00:00:00,558740,26433,1907,3145,music|trending,hate underrated thoughts,False
YT101508,Top 10 the Ocean Moments,Channel_289,Music,CA,2026-07-14,14,2026-07-13 00:00:00,988953,47059,4897,4267,review|highlights|viral,channel review watched,False
YT101509,The Truth About Season 5,Channel_10,Comedy,IN,2026-08-02,9,2026-08-02 00:00:00,408837,3900,327,1576,trending|highlights|2026,content excellent thoughts,False
YT101510,Learn the Algorithm in 10 Minutes,Channel_187,Entertainment,IN,2026-08-01,4,2026-07-29 00:00:00,1285372,33853,2658,7360,official|2026|new,goated amazing best,False
YT101511,the Algorithm - Official Music Video,Channel_346,Education,US,2026-05-30,12,2026-05-28 00:00:00,803928,28216,1372,3458,funny|gaming|viral,content fine underrated trash watched unwatchable,False
YT101512,Learn the Ocean in 10 Minutes,Channel_355,Entertainment,CA,2026-01-06,8,2026-01-05 00:00:00,721818,26984,2533,2322,music|trending|funny|review,fine fantastic,False
YT101513,Gaming Setup Breaking News Update,Channel_472,Music,CA,2026-02-03,8,2026-02-01 00:00:00,534183,49261,2138,2707,music|2026|new|trending,waste review great disappointing,False
YT101514,How Gaming Setup Changed Everything,Channel_467,People & Blogs,GB,2026-06-12,13,2026-06-10 00:00:00,225579,7643,901,744,official|review,honestly flop comment,False
YT101515,Learn the Ocean in 10 Minutes,Channel_469,People & Blogs,AU,2026-03-14,13,2026-03-14 00:00:00,674432,33814,4032,729,gaming|2026,channel incredible fantastic fine overrated thoughts,False
YT101516,the Algorithm Breaking News Update,Channel_167,Science & Technology,CA,2026-01-23,4,2026-01-23 00:00:00,837301,41311,4398,2426,review|funny|new|highlights,fire best comment,False
YT101517,Gaming Setup REACTION,Channel_169,Comedy,GB,2026-01-27,4,2026-01-27 00:00:00,68183,2813,85,158,gaming|new|funny,love content comment,False
YT101518,AI Breaking News Update,Channel_177,People & Blogs,AU,2026-03-26,13,2026-03-23 00:00:00,71210,2463,106,381,gaming|funny|trending|new,watched this video,False
YT101519,I Tried the Final Boss For 24 Hours,Channel_175,Film & Animation,GB,2026-08-07,7,2026-08-05 00:00:00,316039,16103,1473,637,2026|funny|review,excellent brilliant great review fire upload flop,False
YT101520,Learn the Championship in 10 Minutes,Channel_241,Entertainment,CA,2026-05-29,8,2026-05-28 00:00:00,52814,966,31,269,funny|new|official,great unwatchable amazing waste review,False
YT101521,the Universe Breaking News Update,Channel_279,Entertainment,IN,2026-04-10,4,2026-04-09 00:00:00,304148,14300,1303,1717,review|gaming|music,disappointing disappointing perfect,False
YT101522,Top 10 AI Moments,Channel_344,Comedy,CA,2026-06-23,7,2026-06-21 00:00:00,443692,17634,2114,2530,review|viral|highlights,awful comment okay perfect thoughts content,False
YT101523,OFFICIAL Trailer: the World Cup,Channel_139,Comedy,US,2026-04-16,7,2026-04-14 00:00:00,700644,29867,1496,4708,viral|trending|review,hate upload honestly upload,False
YT101524,the Algorithm Full Episode | Highlights,Channel_290,Sports,CA,2026-05-30,6,2026-05-28 00:00:00,105813,3434,208,136,viral|highlights|gaming|new,comment perfect,False
YT101525,I Tried the Ocean For 24 Hours,Channel_449,Comedy,US,2026-06-26,9,2026-06-25 00:00:00,370205,11669,468,934,viral|gaming|new,watched watched,False
YT101526,I Tried the Ocean For 24 Hours,Channel_263,News & Politics,GB,2026-03-21,12,2026-03-17 00:00:00,311399,16222,873,855,viral|2026|music|gaming,okay goated awesome content channel content,False
YT101527,Budget Travel Full Episode | Highlights,Channel_199,News & Politics,CA,2026-07-16,11,2026-07-15 00:00:00,443564,19129,2214,1930,viral|review|official,watched this video,False
YT101528,Budget Travel Breaking News Update,Channel_33,Gaming,GB,2026-01-16,9,2026-01-14 00:00:00,626438,23145,1055,2514,trending|funny|music|2026,unwatchable upload channel thoughts,False
YT101529,I Tried the Universe For 24 Hours,Channel_8,People & Blogs,AU,2026-07-03,8,2026-06-30 00:00:00,260692,17696,1517,647,music|funny|highlights|viral,watched boring,False
YT101530,Budget Travel - Official Music Video,Channel_130,Gaming,IN,2026-07-02,5,2026-07-02 00:00:00,474301,41495,2682,1574,trending|viral,awesome awesome flop fire love honestly,False
YT101531,the Final Boss Live Performance 2026,Channel_471,Music,AU,2026-02-09,9,2026-02-07 00:00:00,605160,23925,734,1771,highlights|2026,watched waste,False
YT101532,the Stock Market Live Performance 2026,Channel_217,Entertainment,IN,2026-03-23,7,2026-03-22 00:00:00,228315,9539,694,989,trending|funny,love channel incredible upload hate,False
YT101533,The Truth About Street Food,Channel_85,Music,IN,2026-03-09,2,2026-03-05 00:00:00,770547,36663,2461,3640,official|trending|funny|new,disappointing thoughts excellent like incredible,False
YT101534,How Street Food Changed Everything,Channel_35,Education,AU,2026-03-23,6,2026-03-21 00:00:00,310722,17052,1053,1639,viral|review,best,False
YT101535,OFFICIAL Trailer: Street Food,Channel_456,Sports,IN,2026-05-30,11,2026-05-28 00:00:00,196050,10938,708,546,new|gaming,overrated unwatchable great,False
YT101536,the Algorithm Breaking News Update,Channel_276,Entertainment,CA,2026-06-04,13,2026-06-03 00:00:00,636900,27964,1550,3010,viral|review,love flop awful honestly amazing,False
YT101537,Season 5 - Official Music Video,Channel_401,Gaming,CA,2026-01-08,1,2026-01-04 00:00:00,926181,22783,1866,3291,gaming|2026|trending|viral,terrible channel flop amazing cringe review,False
YT101538,The Truth About Street Food,Channel_164,Gaming,US,2026-05-17,14,2026-05-14 00:00:00,853300,47996,3394,4450,new|funny|trending|review,best,False
YT101539,my Life - Official Music Video,Channel_434,Comedy,CA,2026-01-10,10,2026-01-06 00:00:00,974951,48273,4711,5019,official|trending|funny,thoughts hate upload great,False
YT101540,I Tried the Stock Market For 24 Hours,Channel_261,Gaming,AU,2026-08-04,1,2026-07-31 00:00:00,1414419,71139,3268,4657,review|official,like,False
YT101541,the Ocean Full Episode | Highlights,Channel_137,Music,GB,2026-02-15,8,2026-02-12 00:00:00,399538,25619,785,1527,new|viral,love video,False
YT101542,How the Algorithm Changed Everything,Channel_13,Sports,GB,2026-08-15,7,2026-08-14 00:00:00,373575,24868,1264,1484,highlights|funny|2026|viral,best,False
YT101543,New York vs Everyone | Full Match,Channel_190,Music,IN,2026-05-17,6,2026-05-17 00:00:00,808647,51286,3028,1785,funny|2026|gaming|viral,review hate review worst watched love,False
YT101544,Budget Travel - Official Music Video,Channel_206,News & Politics,CA,2026-03-15,14,2026-03-14 00:00:00,471445,14758,674,2035,new|gaming|music,review excellent okay hate upload love,False
YT101545,the Stock Market Live Performance 2026,Channel_182,Comedy,CA,2026-02-27,13,2026-02-25 00:00:00,470218,13113,639,1871,2026|music|review,awful channel fine incredible awesome love channel video,False
YT101546,the Universe REACTION,Channel_6,Music,IN,2026-04-29,4,2026-04-28 00:00:00,791378,14509,1698,4039,gaming|funny,okay goated fine upload thoughts cringe best,False
YT101547,Robots vs Everyone | Full Match,Channel_98,Film & Animation,CA,2026-02-04,2,2026-02-03 00:00:00,144145,829,43,637,official|review,like channel underrated great,False
YT101548,Street Food vs Everyone | Full Match,Channel_37,Entertainment,US,2026-04-15,8,2026-04-11 00:00:00,135550,1813,155,302,gaming|viral,channel hate comment,False
YT101549,I Tried the Ocean For 24 Hours,Channel_362,Education,IN,2026-04-28,2,2026-04-26 00:00:00,513456,16640,1448,1764,highlights|funny|official|trending,hate,False
YT101550,Season 5 Live Performance 2026,Channel_229,People & Blogs,IN,2026-08-28,11,2026-08-25 00:00:00,18941,428,31,74,music|trending,incredible okay fire,False
YT101551,The Truth About AI,Channel_284,Sports,GB,2026-05-16,8,2026-05-15 00:00:00,524729,24267,1694,1474,funny|official,best boring like great,False
YT101552,How Budget Travel Changed Everything,Channel_174,Education,AU,2026-03-12,6,2026-03-12 00:00:00,62479,1093,60,257,viral|funny|trending|official,review flop video watched fine video watched best,False
YT101553,the Universe Full Episode | Highlights,Channel_64,Comedy,GB,2026-04-10,7,2026-04-09 00:00:00,173382,10199,1182,589,review|funny|music|gaming,flop goated excellent excellent,False
YT101554,the Final Boss Live Performance 2026,Channel_105,Music,CA,2026-02-01,7,2026-01-30 00:00:00,946021,24307,1739,4203,music|new|gaming|official,boring watched thoughts disappointing okay underrated,False
YT101555,I Tried the Stock Market For 24 Hours,Channel_480,Sports,US,2026-04-15,5,2026-04-12 00:00:00,352789,12806,956,1174,review|official,awesome watched fantastic,False
YT101556,Season 5 REACTION,Channel_151,Gaming,AU,2026-01-11,7,2026-01-07 00:00:00,1145900,31094,1490,5359,highlights|2026,like cringe okay amazing,False
YT101557,the World Cup vs Everyone | Full Match,Channel_240,News & Politics,CA,2026-05-14,4,2026-05-12 00:00:00,421665,19993,1754,618,viral|highlights,awesome channel perfect,False
YT101558,the Stock Market Breaking News Update,Channel_227,Sports,US,2026-05-21,12,2026-05-21 00:00:00,319739,10460,1017,1027,official|review|trending|gaming,watched awesome watched video,False
YT101559,the Championship vs Everyone | Full Match,Channel_391,Gaming,CA,2026-06-21,5,2026-06-20 00:00:00,112828,3843,307,110,2026|viral,review incredible fantastic brilliant,False
YT101560,the Universe REACTION,Channel_443,Music,GB,2026-08-02,4,2026-07-30 00:00:00,293637,12349,1359,1820,highlights|funny,content unwatchable love terrible upload channel awesome,False
YT101561,The Truth About Budget Travel,Channel_65,Film & Animation,US,2026-08-23,1,2026-08-19 00:00:00,161718,8047,791,643,viral|review|official,content amazing,False
YT101562,Learn Budget Travel in 10 Minutes,Channel_354,Entertainment,CA,2026-08-23,1,2026-08-22 00:00:00,488957,21766,1869,830,gaming|viral|funny,channel like waste video review fire,False
YT101563,Learn the Final Boss in 10 Minutes,Channel_351,People & Blogs,IN,2026-06-30,6,2026-06-28 00:00:00,256289,13563,1219,1761,2026|viral|new,video fine,False
YT101564,The Truth About Budget Travel,Channel_321,Science & Technology,GB,2026-06-13,9,2026-06-12 00:00:00,659685,35061,2681,991,new|2026|trending,love upload thoughts amazing,False
YT101565,Learn the Algorithm in 10 Minutes,Channel_437,Entertainment,GB,2026-04-12,12,2026-04-12 00:00:00,237219,16618,619,587,2026|funny|viral|trending,worst overrated worst amazing,False
YT101566,OFFICIAL Trailer: Robots,Channel_390,Film & Animation,IN,2026-05-28,13,2026-05-27 00:00:00,816944,41595,4057,968,trending|2026|official|viral,great content review disappointing thoughts,False
YT101567,Street Food - Official Music Video,Channel_82,Entertainment,US,2026-06-05,3,2026-06-04 00:00:00,853081,17499,2019,3725,highlights|trending|new|official,waste honestly,False
YT101568,I Tried New York For 24 Hours,Channel_433,Music,IN,2026-04-04,9,2026-03-31 00:00:00,1084582,73621,8195,4911,gaming|official,like honestly comment amazing great thoughts,False
YT101569,Learn Season 5 in 10 Minutes,Channel_175,Gaming,AU,2026-04-16,11,2026-04-16 00:00:00,337955,7567,562,2587,music|trending|new,okay review goated review waste,False
YT101570,TikTok Live Performance 2026,Channel_164,Education,GB,2026-01-15,2,2026-01-11 00:00:00,373720,19873,1536,1477,highlights|music,awesome flop thoughts excellent brilliant,False
YT101571,The Truth About Robots,Channel_397,People & Blogs,AU,2026-03-13,1,2026-03-09 00:00:00,96561,3737,168,421,funny|music,awful comment perfect perfect fine,False
YT101572,the Championship REACTION,Channel_351,News & Politics,GB,2026-02-26,2,2026-02-25 00:00:00,437607,14490,1351,1402,official|trending,review best perfect video channel brilliant,False
YT101573,Learn the World Cup in 10 Minutes,Channel_190,Science & Technology,AU,2026-01-12,9,2026-01-12 00:00:00,948783,17724,1189,4412,highlights|review|gaming|new,upload like,False
YT101574,Learn my Life in 10 Minutes,Channel_381,Entertainment,IN,2026-06-18,7,2026-06-18 00:00:00,540674,40450,1445,2947,official|new,review like best honestly best,False
YT101575,I Tried Gaming Setup For 24 Hours,Channel_78,Entertainment,CA,2026-02-13,7,2026-02-11 00:00:00,956267,56147,2385,4478,review|2026|music,okay worst,False
YT101576,OFFICIAL Trailer: the Final Boss,Channel_281,Gaming,IN,2026-04-10,5,2026-04-07 00:00:00,710928,33048,2859,2900,viral|official,watched content fire,False
YT101577,New York vs Everyone | Full Match,Channel_301,Sports,US,2026-06-29,2,2026-06-26 00:00:00,648929,28815,911,2902,2026|highlights|funny,great incredible fire channel awesome video incredible honestly,False
YT101578,the Ocean - Official Music Video,Channel_231,Comedy,US,2026-06-08,3,2026-06-07 00:00:00,275956,8948,799,1256,funny|viral|official|highlights,incredible incredible upload review brilliant perfect comment thoughts awesome great,False
YT101579,the Stock Market Full Episode | Highlights,Channel_417,Music,AU,2026-07-28,3,2026-07-24 00:00:00,472444,4615,466,1168,new|gaming,okay underrated,False
YT101580,the Universe vs Everyone | Full Match,Channel_266,Film & Animation,AU,2026-02-25,12,2026-02-24 00:00:00,950175,39313,3533,1828,highlights|2026,fine honestly watched unwatchable,False
YT101581,Learn the Final Boss in 10 Minutes,Channel_186,Education,IN,2026-03-14,13,2026-03-10 00:00:00,76197,2107,223,159,2026|trending|highlights|review,fire excellent video,False
YT101582,Learn the Ocean in 10 Minutes,Channel_429,Music,CA,2026-04-30,3,2026-04-26 00:00:00,423391,14565,1390,1041,official|highlights|music|funny,comment worst,False
YT101583,Season 5 vs Everyone | Full Match,Channel_313,Music,US,2026-07-12,2,2026-07-10 00:00:00,379795,15547,797,3051,funny|new,trash honestly review comment honestly love best,False
YT101584,the Algorithm vs Everyone | Full Match,Channel_155,Music,CA,2026-06-14,7,2026-06-13 00:00:00,158029,9950,490,549,viral|trending,channel,False
YT101585,Street Food Breaking News Update,Channel_180,Entertainment,CA,2026-02-18,7,2026-02-14 00:00:00,213522,6928,785,618,new|trending,unwatchable flop,False
YT101586,How the Universe Changed Everything,Channel_274,Gaming,CA,2026-07-21,2,2026-07-18 00:00:00,478060,20572,1454,1649,trending|official|highlights,love fantastic unwatchable excellent,False
YT101587,How New York Changed Everything,Channel_323,Film & Animation,IN,2026-05-01,6,2026-04-27 00:00:00,427987,15870,1038,1714,review|trending|viral,fine boring underrated trash,False
YT101588,Top 10 Gaming Setup Moments,Channel_174,Music,US,2026-03-21,8,2026-03-17 00:00:00,693704,34505,2191,3166,gaming|2026,goated terrible okay terrible,False
YT101589,Learn New York in 10 Minutes,Channel_463,Sports,AU,2026-01-28,11,2026-01-26 00:00:00,367335,21639,2547,893,highlights|viral|funny,incredible,False
YT101590,the Championship - Official Music Video,Channel_425,Gaming,US,2026-08-25,1,2026-08-25 00:00:00,1580731,63874,4157,5772,viral|gaming,honestly content underrated hate,False
YT101591,Season 5 - Official Music Video,Channel_282,Entertainment,US,2026-06-13,5,2026-06-10 00:00:00,258356,9207,673,905,highlights|viral,watched cringe comment brilliant terrible,False
YT101592,OFFICIAL Trailer: my Life,Channel_105,Entertainment,US,2026-06-08,7,2026-06-04 00:00:00,198133,10753,499,484,music|official|viral,underrated excellent watched best perfect,False
YT101593,the Ocean Full Episode | Highlights,Channel_428,News & Politics,GB,2026-01-31,1,2026-01-30 00:00:00,119984,6409,507,570,funny|2026|review,review boring,False
YT101594,Learn New York in 10 Minutes,Channel_71,Music,IN,2026-05-07,6,2026-05-04 00:00:00,419806,23656,1279,1244,official|viral|funny|music,channel perfect review awful watched,True
YT101595,Learn Gaming Setup in 10 Minutes,Channel_154,Entertainment,AU,2026-04-24,2,2026-04-22 00:00:00,734734,29087,1200,1253,new|viral|2026|music,goated incredible video,False
YT101596,Season 5 Full Episode | Highlights,Channel_406,Sports,GB,2026-06-11,6,2026-06-09 00:00:00,170716,7464,495,815,viral|new|trending|music,brilliant fine incredible video,False
YT101597,Season 5 Live Performance 2026,Channel_373,Comedy,US,2026-06-18,13,2026-06-17 00:00:00,278978,21397,1242,1323,highlights|music|official,cringe review goated,False
YT101598,my Life Live Performance 2026,Channel_485,Music,IN,2026-07-27,4,2026-07-23 00:00:00,838079,46391,4457,4333,highlights|gaming,okay upload like honestly waste goated channel,False
YT101599,Learn Gaming Setup in 10 Minutes,Channel_68,People & Blogs,AU,2026-04-13,9,2026-04-10 00:00:00,769838,32373,2049,2473,trending|funny,fine content cringe review,False
YT101600,the Universe vs Everyone | Full Match,Channel_340,Entertainment,GB,2026-03-17,7,2026-03-14 00:00:00,327637,17504,2062,1108,review|funny|official|viral,fantastic fantastic,False
YT101601,Learn New York in 10 Minutes,Channel_183,People & Blogs,US,2026-03-08,10,2026-03-05 00:00:00,445118,22716,871,1200,music|gaming|2026,unwatchable fine honestly best,False
YT101602,the World Cup - Official Music Video,Channel_425,Music,CA,2026-07-02,4,2026-06-30 00:00:00,446264,10375,690,912,new|official|viral,flop love watched like comment honestly upload,False
YT101603,OFFICIAL Trailer: AI,Channel_439,Gaming,US,2026-08-19,9,2026-08-19 00:00:00,299994,13710,432,1330,trending|highlights|gaming,fire great,False
YT101604,The Truth About the Universe,Channel_437,Music,GB,2026-06-05,9,2026-06-03 00:00:00,300207,9941,1051,525,new|viral|highlights,best okay,False
YT101605,the Ocean - Official Music Video,Channel_277,Music,AU,2026-06-16,14,2026-06-15 00:00:00,1200402,41038,3276,1011,new|2026|highlights,great okay,False
YT101606,the Ocean Full Episode | Highlights,Channel_485,Film & Animation,GB,2026-04-29,11,2026-04-29 00:00:00,44676,2476,81,8,funny|2026|highlights|gaming,goated waste love,False
YT101607,Street Food REACTION,Channel_230,Comedy,AU,2026-07-01,12,2026-06-27 00:00:00,551179,29204,1379,4122,highlights|trending|viral|review,watched,False
YT101608,I Tried Budget Travel For 24 Hours,Channel_100,Gaming,CA,2026-02-05,4,2026-02-03 00:00:00,255789,8980,964,785,highlights|new|viral|music,perfect thoughts review video,False
YT101609,The Truth About TikTok,Channel_438,Education,GB,2026-04-24,3,2026-04-23 00:00:00,386897,25154,2606,1399,official|funny,worst channel fine fantastic,False
YT101610,The Truth About the Universe,Channel_123,Science & Technology,IN,2026-07-18,10,2026-07-17 00:00:00,520349,23187,1997,3249,gaming|highlights,goated fantastic okay,False
YT101611,the Algorithm Live Performance 2026,Channel_416,Film & Animation,AU,2026-08-27,3,2026-08-27 00:00:00,330783,19202,2278,1541,gaming|viral|review,underrated,False
YT101612,Season 5 REACTION,Channel_466,Education,CA,2026-04-27,2,2026-04-27 00:00:00,339607,16313,791,913,viral|funny,underrated incredible perfect hate,False
YT101613,How the Stock Market Changed Everything,Channel_326,People & Blogs,CA,2026-03-04,6,2026-03-01 00:00:00,143751,6733,392,489,funny|trending|2026|new,channel boring awesome thoughts,False
YT101614,The Truth About the Championship,Channel_164,Entertainment,IN,2026-06-17,2,2026-06-14 00:00:00,250596,14466,1374,1419,funny|new|highlights,trash video incredible thoughts thoughts incredible upload,False
YT101615,How the World Cup Changed Everything,Channel_426,Sports,IN,2026-06-19,8,2026-06-17 00:00:00,259424,13225,503,594,2026|highlights,review okay content review watched excellent awesome,False
YT101616,TikTok Full Episode | Highlights,Channel_371,Science & Technology,GB,2026-03-16,4,2026-03-12 00:00:00,83580,5350,481,215,viral|review|official,thoughts fire incredible,False
YT101617,OFFICIAL Trailer: the Final Boss,Channel_328,News & Politics,US,2026-02-06,12,2026-02-03 00:00:00,294172,21885,1943,574,trending|gaming|music,perfect watched watched,False
YT101618,Gaming Setup - Official Music Video,Channel_449,News & Politics,AU,2026-06-07,6,2026-06-07 00:00:00,88499,5392,433,298,trending|viral|official,great thoughts incredible,False
YT101619,Season 5 REACTION,Channel_172,Music,US,2026-04-24,4,2026-04-22 00:00:00,516916,24706,2297,2004,official|highlights|music|viral,comment watched fine excellent honestly,False
YT101620,my Life Breaking News Update,Channel_181,Comedy,GB,2026-06-14,10,2026-06-11 00:00:00,391608,7918,857,1868,highlights|review|gaming|trending,disappointing review fire excellent comment amazing perfect,False
YT101621,The Truth About the Algorithm,Channel_17,Music,AU,2026-03-12,10,2026-03-12 00:00:00,351932,24689,2534,840,gaming|official|trending,fire,False
YT101622,The Truth About New York,Channel_205,People & Blogs,CA,2026-08-12,13,2026-08-08 00:00:00,240109,16595,1558,399,2026|highlights,video best channel comment goated,False
YT101623,the Stock Market Breaking News Update,Channel_274,Science & Technology,US,2026-05-13,4,2026-05-13 00:00:00,262480,9991,500,1796,2026|viral|trending,watched this video,False
YT101624,AI Breaking News Update,Channel_92,Comedy,US,2026-05-19,14,2026-05-17 00:00:00,686639,36527,2998,4051,viral|highlights|new|funny,love love goated cringe thoughts honestly upload honestly watched,False
YT101625,How the Algorithm Changed Everything,Channel_208,Film & Animation,GB,2026-02-19,10,2026-02-17 00:00:00,335879,20995,1593,842,funny|trending|gaming,okay like honestly content like,False
YT101626,The Truth About Budget Travel,Channel_481,Sports,IN,2026-06-27,14,2026-06-24 00:00:00,147664,7167,532,581,gaming|official|highlights,like terrible upload fine,False
YT101627,OFFICIAL Trailer: the Championship,Channel_284,Gaming,US,2026-01-20,5,2026-01-16 00:00:00,127859,11484,1043,432,gaming|official|viral,channel underrated best brilliant,False
YT101628,I Tried the Algorithm For 24 Hours,Channel_367,Entertainment,US,2026-04-16,4,2026-04-15 00:00:00,188259,8342,494,929,official|2026|new,video okay incredible love,False
YT101629,New York - Official Music Video,Channel_196,Film & Animation,IN,2026-04-23,8,2026-04-23 00:00:00,232220,5980,218,1620,review|gaming|funny,terrible brilliant video brilliant fine,False
YT101630,OFFICIAL Trailer: Street Food,Channel_347,Comedy,AU,2026-01-08,5,2026-01-06 00:00:00,1005297,13053,986,5481,gaming|review|2026,fantastic great review brilliant video video video unwatchable,False
YT101631,TikTok Full Episode | Highlights,Channel_179,Comedy,AU,2026-02-28,1,2026-02-24 00:00:00,675699,29359,2816,3116,new|highlights|trending|review,worst channel awful love,False
YT101632,How the World Cup Changed Everything,Channel_235,Education,CA,2026-01-24,3,2026-01-23 00:00:00,225060,8523,636,895,highlights|funny|2026|new,upload fire,False
YT101633,Top 10 the Stock Market Moments,Channel_287,Film & Animation,GB,2026-04-10,14,2026-04-10 00:00:00,564983,32474,1107,4040,gaming|highlights,video fantastic,False
YT101634,AI REACTION,Channel_485,News & Politics,US,2026-07-08,3,2026-07-08 00:00:00,241269,13225,1130,1082,review|funny|music,review watched thoughts,False
YT101635,I Tried New York For 24 Hours,Channel_281,News & Politics,IN,2026-04-17,14,2026-04-16 00:00:00,759586,33719,1664,2757,highlights|viral,content love channel overrated content,False
YT101636,The Truth About the World Cup,Channel_331,Education,CA,2026-08-07,14,2026-08-07 00:00:00,279910,13845,415,1910,review|funny,like video fine thoughts comment,False
YT101637,I Tried the World Cup For 24 Hours,Channel_256,Entertainment,US,2026-06-17,1,2026-06-16 00:00:00,310489,24472,1135,1248,2026|gaming|new|trending,honestly,False
YT101638,How the Championship Changed Everything,Channel_106,Sports,US,2026-05-29,10,2026-05-28 00:00:00,425164,22960,2283,1572,funny|official,review fine goated fire waste upload upload,False
YT101639,How the Final Boss Changed Everything,Channel_55,Film & Animation,AU,2026-03-20,7,2026-03-16 00:00:00,59774,1706,95,132,official|review|highlights,brilliant,False
YT101640,The Truth About Season 5,Channel_126,Gaming,GB,2026-06-04,3,2026-06-02 00:00:00,2155471,113824,5874,8432,music|official|review|viral,video brilliant,False
YT101641,OFFICIAL Trailer: the Championship,Channel_35,Entertainment,IN,2026-07-10,10,2026-07-07 00:00:00,1203170,67708,6405,3356,trending|gaming,awesome hate perfect like,False
YT101642,The Truth About the Final Boss,Channel_351,Entertainment,AU,2026-06-25,12,2026-06-25 00:00:00,185804,5995,489,673,review|music,boring worst,False
YT101643,TikTok Live Performance 2026,Channel_25,Gaming,CA,2026-06-30,12,2026-06-27 00:00:00,33003,1955,173,154,official|funny|new,great video,False
YT101644,Top 10 my Life Moments,Channel_199,Sports,IN,2026-06-30,6,2026-06-27 00:00:00,504429,21409,2159,1754,trending|2026|review,upload fire upload,False
YT101645,I Tried the Ocean For 24 Hours,Channel_94,Sports,US,2026-01-18,4,2026-01-17 00:00:00,397536,14871,646,2354,new|official,incredible upload amazing fine honestly like channel,False
YT101646,TikTok Breaking News Update,Channel_149,Comedy,AU,2026-02-23,5,2026-02-21 00:00:00,322350,8558,406,1093,music|new|gaming,excellent okay honestly worst awful,False
YT101647,The Truth About Robots,Channel_382,Education,GB,2026-06-16,8,2026-06-16 00:00:00,203344,11146,535,893,highlights|viral|official|new,video content fantastic awesome honestly,False
YT101648,Season 5 - Official Music Video,Channel_311,Science & Technology,US,2026-07-13,1,2026-07-10 00:00:00,379954,5549,652,585,new|viral|review|trending,unwatchable awesome awful okay brilliant cringe review,False
YT101649,Top 10 the Universe Moments,Channel_68,Entertainment,AU,2026-01-03,14,2026-01-02 00:00:00,510555,22087,2456,2329,official|highlights|2026|viral,fantastic cringe great,False
YT101650,the Ocean Full Episode | Highlights,Channel_488,People & Blogs,GB,2026-03-06,10,2026-03-04 00:00:00,197186,8684,728,633,funny|music|new|highlights,okay comment perfect waste,False
YT101651,How the Universe Changed Everything,Channel_462,News & Politics,GB,2026-04-26,6,2026-04-23 00:00:00,239447,4891,404,728,official|gaming|2026|music,content review incredible,False
YT101652,OFFICIAL Trailer: the Universe,Channel_294,Sports,US,2026-01-14,9,2026-01-11 00:00:00,635892,35654,2805,1769,viral|gaming|funny|2026,like fire upload awesome fire honestly,False
YT101653,the Algorithm Live Performance 2026,Channel_486,Film & Animation,AU,2026-06-03,4,2026-05-31 00:00:00,345200,29031,2938,2405,funny|review|trending,like awesome comment incredible disappointing perfect okay,False
YT101654,the Stock Market - Official Music Video,Channel_496,Film & Animation,IN,2026-06-08,13,2026-06-05 00:00:00,242260,8086,348,1025,highlights|music|viral,cringe cringe upload awful,False
YT101655,AI REACTION,Channel_313,Music,CA,2026-07-20,5,2026-07-16 00:00:00,464453,11675,424,1596,funny|new|trending|2026,terrible disappointing watched comment watched comment,False
YT101656,the Algorithm - Official Music Video,Channel_143,Gaming,CA,2026-08-22,4,2026-08-19 00:00:00,336096,2619,185,1049,2026|new,watched content best,False
YT101657,I Tried TikTok For 24 Hours,Channel_359,Education,CA,2026-02-11,9,2026-02-09 00:00:00,333756,14611,479,1110,review|official|viral|highlights,review terrible watched thoughts,False
YT101658,How New York Changed Everything,Channel_87,News & Politics,AU,2026-01-30,1,2026-01-28 00:00:00,213291,13218,702,916,funny|music|gaming,fantastic comment watched excellent,False
YT101659,the World Cup - Official Music Video,Channel_448,Gaming,CA,2026-06-25,2,2026-06-21 00:00:00,312771,20392,892,891,trending|2026|official,thoughts incredible comment great watched,False
YT101660,OFFICIAL Trailer: the Championship,Channel_219,Science & Technology,AU,2026-05-16,13,2026-05-12 00:00:00,348159,15700,954,2024,music|gaming|review|2026,worst fire fantastic upload okay honestly,False
YT101661,Season 5 REACTION,Channel_159,Film & Animation,CA,2026-05-14,14,2026-05-12 00:00:00,553147,16076,699,1895,trending|viral|review|music,like unwatchable perfect fine excellent,False
YT101662,TikTok Breaking News Update,Channel_381,Gaming,US,2026-01-13,6,2026-01-10 00:00:00,395128,13572,453,2271,2026|trending,okay unwatchable thoughts video,False
YT101663,the World Cup - Official Music Video,Channel_427,Music,IN,2026-07-31,1,2026-07-27 00:00:00,1461290,67957,8117,5374,gaming|trending|funny,content thoughts honestly love cringe,False
YT101664,I Tried New York For 24 Hours,Channel_229,Music,CA,2026-06-03,4,2026-06-01 00:00:00,543251,30510,3463,2313,2026|trending,fine waste overrated incredible,False
YT101665,OFFICIAL Trailer: TikTok,Channel_100,Comedy,GB,2026-06-26,11,2026-06-24 00:00:00,208763,10909,933,889,review|new,goated incredible,False
YT101666,the Algorithm Full Episode | Highlights,Channel_26,Music,GB,2026-07-02,2,2026-07-01 00:00:00,1727646,84964,3619,4184,funny|viral,content review,False
YT101667,my Life Breaking News Update,Channel_71,Science & Technology,IN,2026-06-08,10,2026-06-06 00:00:00,314457,18221,1730,1156,review|funny,content okay honestly upload,False
YT101668,Learn Gaming Setup in 10 Minutes,Channel_212,Gaming,IN,2026-02-22,1,2026-02-18 00:00:00,750054,25398,2388,2407,new|2026|music|funny,channel comment okay video honestly fine channel honestly watched,False
YT101669,Learn the World Cup in 10 Minutes,Channel_370,Entertainment,AU,2026-01-02,3,2025-12-31 00:00:00,534008,19927,1694,2497,funny|highlights,content boring,False
YT101670,Budget Travel REACTION,Channel_412,Education,CA,2026-08-16,11,2026-08-14 00:00:00,148696,8453,324,721,music|gaming,love,False
YT101671,OFFICIAL Trailer: AI,Channel_54,Sports,GB,2026-03-09,6,2026-03-08 00:00:00,475234,13886,697,2414,new|viral,review underrated okay,False
YT101672,Street Food Breaking News Update,Channel_280,Sports,GB,2026-06-04,5,2026-06-04 00:00:00,583397,21201,1139,3135,new|highlights|music,okay fantastic upload hate video upload,False
YT101673,Gaming Setup REACTION,Channel_269,Music,US,2026-03-01,3,2026-02-26 00:00:00,253015,14581,1407,1028,official|highlights|funny|new,cringe video channel review fine,False
YT101674,I Tried the Algorithm For 24 Hours,Channel_209,Sports,IN,2026-06-06,8,2026-06-04 00:00:00,446891,17306,656,1919,music|trending|official,fire great boring awesome brilliant,False
YT101675,How New York Changed Everything,Channel_325,News & Politics,IN,2026-07-28,13,2026-07-24 00:00:00,241052,9215,585,734,gaming|new,content awful fine honestly fantastic hate,False
YT101676,my Life REACTION,Channel_474,Science & Technology,AU,2026-05-22,7,2026-05-19 00:00:00,170540,1695,168,34,trending|funny|viral,watched brilliant comment,False
YT101677,I Tried the Ocean For 24 Hours,Channel_190,Gaming,US,2026-07-18,5,2026-07-14 00:00:00,228351,7539,679,88,2026|trending,amazing incredible,False
YT101678,I Tried Robots For 24 Hours,Channel_443,Entertainment,US,2026-05-07,4,2026-05-05 00:00:00,471405,27451,1896,1807,gaming|review|2026|trending,brilliant fine channel content,False
YT101679,I Tried the Final Boss For 24 Hours,Channel_473,Music,CA,2026-01-12,13,2026-01-10 00:00:00,970956,58014,5462,5460,music|highlights,watched underrated love fine amazing best,False
YT101680,the Championship vs Everyone | Full Match,Channel_359,Gaming,AU,2026-04-13,10,2026-04-10 00:00:00,347145,21760,1189,2014,music|gaming|funny|highlights,cringe honestly content channel amazing hate,False
YT101681,The Truth About the Universe,Channel_438,Entertainment,US,2026-08-21,3,2026-08-17 00:00:00,688986,33402,3429,2759,music|2026|highlights,perfect comment comment channel channel amazing okay,False
YT101682,Street Food Live Performance 2026,Channel_383,Gaming,IN,2026-08-16,4,2026-08-15 00:00:00,177867,6883,720,953,official|new,worst perfect terrible,False
YT101683,the Universe - Official Music Video,Channel_247,Science & Technology,AU,2026-05-29,10,2026-05-25 00:00:00,558614,18627,1009,985,funny|trending|gaming|new,brilliant like thoughts fine,False
YT101684,Learn New York in 10 Minutes,Channel_454,Sports,GB,2026-02-02,8,2026-01-31 00:00:00,337858,8272,404,1509,viral|trending,unwatchable thoughts okay goated fire like,False
YT101685,Learn my Life in 10 Minutes,Channel_226,People & Blogs,GB,2026-07-26,5,2026-07-26 00:00:00,941212,42175,2544,2659,review|gaming|official,like channel,False
YT101686,the Universe - Official Music Video,Channel_110,Comedy,AU,2026-07-27,6,2026-07-23 00:00:00,195572,6665,634,591,music|new|trending,awesome watched content content,False
YT101687,The Truth About the World Cup,Channel_173,People & Blogs,GB,2026-01-02,10,2026-01-01 00:00:00,265065,9835,921,1183,trending|gaming|2026|new,flop love underrated excellent,False
YT101688,New York REACTION,Channel_253,Film & Animation,GB,2026-05-06,9,2026-05-03 00:00:00,161602,7479,695,893,highlights|gaming,channel thoughts incredible video,False
YT101689,OFFICIAL Trailer: the Algorithm,Channel_445,Education,CA,2026-08-20,6,2026-08-18 00:00:00,184983,10652,848,1116,new|funny,goated,False
YT101690,the Stock Market Live Performance 2026,Channel_171,People & Blogs,GB,2026-08-21,3,2026-08-20 00:00:00,301272,15769,1169,703,highlights|funny,worst thoughts hate,False
YT101691,my Life vs Everyone | Full Match,Channel_435,Gaming,CA,2026-05-06,2,2026-05-03 00:00:00,170608,8366,751,731,2026|highlights|gaming,brilliant thoughts awful,False
YT101692,AI Breaking News Update,Channel_204,Sports,AU,2026-03-24,9,2026-03-22 00:00:00,479562,29703,2112,2433,official|2026,watched video comment terrible thoughts terrible,False
YT101693,I Tried Robots For 24 Hours,Channel_469,Sports,IN,2026-03-19,2,2026-03-18 00:00:00,81945,4490,334,565,trending|music|official,underrated overrated review incredible content,False
YT101694,Top 10 Gaming Setup Moments,Channel_287,Education,CA,2026-08-04,11,2026-08-02 00:00:00,377399,14110,816,1942,gaming|review,perfect okay amazing,True
YT101695,the Final Boss - Official Music Video,Channel_273,Education,US,2026-08-26,9,2026-08-25 00:00:00,96188,3256,187,294,trending|highlights,terrible honestly watched,False
YT101696,OFFICIAL Trailer: Robots,Channel_199,News & Politics,IN,2026-07-09,11,2026-07-07 00:00:00,149787,2485,147,842,official|new,cringe video disappointing best worst,False
YT101697,Robots Breaking News Update,Channel_154,People & Blogs,IN,2026-03-27,13,2026-03-26 00:00:00,217866,8521,282,677,new|review,amazing video goated upload great,False
YT101698,OFFICIAL Trailer: the Final Boss,Channel_152,News & Politics,CA,2026-02-10,6,2026-02-07 00:00:00,181588,10689,588,1055,review|2026,review unwatchable awesome cringe comment excellent watched,False
YT101699,New York REACTION,Channel_15,News & Politics,US,2026-04-11,9,2026-04-07 00:00:00,361174,14595,1569,1676,review|new|trending,underrated boring,False
YT101700,my Life REACTION,Channel_385,Music,GB,2026-01-29,11,2026-01-27 00:00:00,513677,26446,2886,595,2026|viral|official|funny,incredible love best boring comment content overrated,False
YT101701,How the Championship Changed Everything,Channel_266,Comedy,CA,2026-05-22,5,2026-05-18 00:00:00,496844,12108,789,2042,funny|trending|highlights|viral,content great awesome great,False
YT101702,OFFICIAL Trailer: my Life,Channel_214,Comedy,IN,2026-03-23,4,2026-03-20 00:00:00,805712,38704,3375,2383,official|new|trending|funny,comment content upload flop comment thoughts,False
YT101703,Learn New York in 10 Minutes,Channel_216,Gaming,CA,2026-02-14,4,2026-02-11 00:00:00,210579,9766,929,783,viral|2026|highlights|funny,upload content awful content,False
YT101704,the Ocean Breaking News Update,Channel_437,Sports,AU,2026-04-12,9,2026-04-09 00:00:00,717626,30347,1253,1743,music|gaming|2026,trash thoughts video trash video,False
YT101705,AI Breaking News Update,Channel_236,News & Politics,CA,2026-04-28,1,2026-04-24 00:00:00,560930,51977,5036,1373,music|viral|funny,amazing okay awesome hate great,False
YT101706,Gaming Setup Full Episode | Highlights,Channel_381,People & Blogs,GB,2026-01-29,2,2026-01-29 00:00:00,261886,14785,994,1958,gaming|official|viral,underrated awesome awesome fantastic okay like review fine,False
YT101707,the World Cup vs Everyone | Full Match,Channel_36,Science & Technology,AU,2026-07-05,10,2026-07-04 00:00:00,139289,12240,1173,680,2026|official|trending|review,honestly great watched fire awful unwatchable,False
YT101708,Street Food Live Performance 2026,Channel_8,People & Blogs,IN,2026-01-22,12,2026-01-21 00:00:00,304533,13554,1259,807,trending|music,comment content,False
YT101709,OFFICIAL Trailer: Gaming Setup,Channel_371,Entertainment,US,2026-04-18,1,2026-04-16 00:00:00,452263,33752,3693,1530,new|funny|gaming,honestly honestly goated,False
YT101710,Learn the Championship in 10 Minutes,Channel_210,News & Politics,IN,2026-05-27,3,2026-05-26 00:00:00,140356,7926,754,266,new|official,honestly honestly review video best fine okay,False
YT101711,the World Cup Full Episode | Highlights,Channel_212,Education,US,2026-06-18,7,2026-06-17 00:00:00,192748,7626,481,539,2026|review,trash okay,False
YT101712,Top 10 New York Moments,Channel_247,News & Politics,IN,2026-02-21,14,2026-02-21 00:00:00,91093,2956,221,577,trending|highlights|new|2026,boring okay fantastic watched,False
YT101713,OFFICIAL Trailer: the Stock Market,Channel_218,People & Blogs,IN,2026-07-26,4,2026-07-23 00:00:00,267979,17355,1676,993,highlights|trending|review|viral,overrated upload content goated fine video,False
YT101714,TikTok Live Performance 2026,Channel_258,News & Politics,US,2026-07-03,12,2026-07-03 00:00:00,492432,22138,1689,1829,new|highlights|funny,unwatchable okay love,False
YT101715,AI vs Everyone | Full Match,Channel_291,Gaming,AU,2026-01-03,3,2025-12-31 00:00:00,267256,5809,314,1324,gaming|music|2026,underrated brilliant comment review okay,False
YT101716,New York Live Performance 2026,Channel_150,Entertainment,GB,2026-08-01,6,2026-07-30 00:00:00,563108,17329,523,2813,trending|viral,disappointing great content,False
YT101717,OFFICIAL Trailer: TikTok,Channel_499,Gaming,IN,2026-08-06,7,2026-08-04 00:00:00,469829,30315,2093,985,new|music|2026,like awful perfect okay content,False
YT101718,Top 10 AI Moments,Channel_35,Film & Animation,IN,2026-02-28,10,2026-02-24 00:00:00,576842,3337,196,2508,review|2026|trending|funny,fantastic okay love awful watched incredible,False
YT101719,the Ocean Full Episode | Highlights,Channel_179,Film & Animation,IN,2026-01-11,3,2026-01-10 00:00:00,76612,2419,152,382,music|2026,review thoughts fantastic trash excellent comment,True
YT101720,Top 10 the Algorithm Moments,Channel_136,Sports,GB,2026-04-08,14,2026-04-07 00:00:00,159989,7204,751,979,music|review|new,trash content awesome okay thoughts fantastic,False
YT101721,Season 5 Full Episode | Highlights,Channel_176,Comedy,US,2026-08-13,7,2026-08-12 00:00:00,235494,11546,967,791,2026|review,fantastic comment channel,False
YT101722,Top 10 Gaming Setup Moments,Channel_436,Film & Animation,CA,2026-08-07,2,2026-08-04 00:00:00,242953,10477,932,209,review|2026,fine amazing,False
YT101723,Top 10 TikTok Moments,Channel_284,Music,US,2026-02-13,13,2026-02-11 00:00:00,369207,20682,1564,2336,funny|gaming|trending,boring hate,False
YT101724,Learn the Algorithm in 10 Minutes,Channel_472,Film & Animation,AU,2026-03-22,9,2026-03-19 00:00:00,685176,9363,398,3441,highlights|viral,content review underrated,False
YT101725,my Life Live Performance 2026,Channel_269,Gaming,IN,2026-03-25,14,2026-03-22 00:00:00,293567,14892,981,709,2026|gaming,overrated content terrible fantastic,False
YT101726,Street Food - Official Music Video,Channel_108,Entertainment,GB,2026-04-06,1,2026-04-04 00:00:00,435031,32843,3631,531,new|highlights|2026,underrated awesome review honestly,False
YT101727,TikTok Full Episode | Highlights,Channel_1,Science & Technology,AU,2026-06-09,14,2026-06-08 00:00:00,216328,10685,1243,655,new|trending,fine video okay,False
YT101728,the Algorithm Breaking News Update,Channel_369,Film & Animation,IN,2026-04-24,3,2026-04-21 00:00:00,966482,36020,2201,3798,gaming|official|new|review,love,False
YT101729,Learn New York in 10 Minutes,Channel_476,Music,CA,2026-08-18,4,2026-08-17 00:00:00,196462,13277,1179,974,review|highlights|viral|gaming,overrated brilliant watched,False
YT101730,Learn Budget Travel in 10 Minutes,Channel_56,Entertainment,US,2026-01-05,12,2026-01-05 00:00:00,384588,27399,1600,1490,review|funny,watched unwatchable like like like hate,False
YT101731,Top 10 the Ocean Moments,Channel_301,Science & Technology,US,2026-06-10,5,2026-06-08 00:00:00,743520,45846,3126,3247,review|viral|new,excellent upload perfect video fine,False
YT101732,the Stock Market Live Performance 2026,Channel_56,Music,IN,2026-03-19,6,2026-03-19 00:00:00,591556,43880,2544,1635,gaming|official|review|viral,video watched excellent amazing,False
YT101733,the Ocean - Official Music Video,Channel_320,Comedy,AU,2026-04-01,14,2026-03-30 00:00:00,673518,3378,400,2250,review|viral,great cringe brilliant love,False
YT101734,Robots - Official Music Video,Channel_430,Music,CA,2026-07-21,5,2026-07-19 00:00:00,150114,5898,464,641,music|highlights,content video review,False
YT101735,Learn Budget Travel in 10 Minutes,Channel_360,Sports,CA,2026-01-27,12,2026-01-26 00:00:00,258293,6754,307,898,funny|trending,watched underrated perfect amazing fire comment brilliant,False
YT101736,The Truth About the World Cup,Channel_362,Film & Animation,IN,2026-01-04,10,2025-12-31 00:00:00,563133,29862,897,985,new|funny|music,awesome perfect thoughts upload thoughts thoughts,False
YT101737,Robots Live Performance 2026,Channel_334,People & Blogs,AU,2026-01-19,5,2026-01-18 00:00:00,318988,10490,711,1019,review|new,thoughts awesome awful,False
YT101738,Learn my Life in 10 Minutes,Channel_322,Science & Technology,AU,2026-06-17,4,2026-06-14 00:00:00,170400,7749,625,635,official|highlights|music|review,okay like fantastic,False
YT101739,Learn the Ocean in 10 Minutes,Channel_414,Music,AU,2026-03-07,1,2026-03-05 00:00:00,750243,43250,3409,3284,viral|new|2026,channel review brilliant terrible goated,False
YT101740,I Tried the Algorithm For 24 Hours,Channel_445,Education,GB,2026-02-15,8,2026-02-11 00:00:00,433583,27197,2071,2068,2026|official|review|new,great channel upload comment,False
YT101741,Learn the Universe in 10 Minutes,Channel_167,Gaming,US,2026-06-29,11,2026-06-27 00:00:00,1008093,38049,1672,4141,new|highlights|gaming,fire channel trash honestly,False
YT101742,OFFICIAL Trailer: New York,Channel_67,Comedy,GB,2026-07-21,8,2026-07-20 00:00:00,830794,34986,3759,1424,highlights|trending|funny|viral,disappointing fantastic love amazing,False
YT101743,the Final Boss Breaking News Update,Channel_162,Education,US,2026-08-21,3,2026-08-20 00:00:00,418941,32419,3099,2417,highlights|new,okay thoughts disappointing perfect channel,False
YT101744,AI Full Episode | Highlights,Channel_485,Gaming,CA,2026-05-25,2,2026-05-21 00:00:00,477548,25632,850,2127,viral|review|music,video underrated,False
YT101745,Top 10 Robots Moments,Channel_66,Gaming,CA,2026-06-11,3,2026-06-10 00:00:00,147415,8612,575,636,new|review|viral|trending,review watched watched,False
YT101746,Season 5 Live Performance 2026,Channel_446,Music,CA,2026-02-09,11,2026-02-05 00:00:00,694792,20567,1991,5613,2026|trending|official,honestly great fire brilliant love,False
YT101747,How the Ocean Changed Everything,Channel_62,People & Blogs,AU,2026-01-07,4,2026-01-05 00:00:00,291069,19324,1579,758,official|new,video honestly thoughts upload amazing,True
YT101748,Learn TikTok in 10 Minutes,Channel_41,Science & Technology,IN,2026-07-16,10,2026-07-14 00:00:00,43708,1892,119,299,review|funny|highlights,review comment comment excellent,False
YT101749,Top 10 Robots Moments,Channel_297,Film & Animation,US,2026-04-02,9,2026-03-31 00:00:00,651043,30602,1446,3153,trending|official,thoughts best great waste fire content trash,False
YT101750,The Truth About the Universe,Channel_442,People & Blogs,AU,2026-05-18,6,2026-05-15 00:00:00,118149,8659,720,459,viral|review|funny,review great disappointing review best awful fire cringe fine,False
YT101751,OFFICIAL Trailer: AI,Channel_206,Entertainment,GB,2026-08-11,4,2026-08-07 00:00:00,155200,5714,285,407,music|viral|new,okay channel honestly hate okay amazing,False
YT101752,OFFICIAL Trailer: Robots,Channel_89,Film & Animation,GB,2026-08-22,6,2026-08-21 00:00:00,416279,18285,1485,1401,trending|funny,fire hate great goated watched,False
YT101753,the World Cup REACTION,Channel_183,Music,IN,2026-06-03,4,2026-05-30 00:00:00,305831,9222,695,1244,funny|music|viral|gaming,flop video,False
YT101754,I Tried my Life For 24 Hours,Channel_334,Music,GB,2026-04-08,7,2026-04-04 00:00:00,235044,10890,579,413,highlights|gaming|music,perfect hate like like okay great okay,False
YT101755,New York vs Everyone | Full Match,Channel_149,Gaming,CA,2026-03-11,3,2026-03-07 00:00:00,802149,53210,3245,2419,music|2026,underrated love watched thoughts,False
YT101756,Season 5 vs Everyone | Full Match,Channel_350,Sports,IN,2026-05-12,13,2026-05-11 00:00:00,85964,958,91,97,viral|music,watched fire like,False
YT101757,Budget Travel vs Everyone | Full Match,Channel_176,News & Politics,US,2026-06-16,7,2026-06-13 00:00:00,224703,6423,431,1932,official|music|highlights|trending,incredible disappointing goated,False
YT101758,The Truth About AI,Channel_315,Education,GB,2026-06-02,2,2026-06-01 00:00:00,92084,7179,586,376,2026|funny,upload channel,False
YT101759,Gaming Setup Breaking News Update,Channel_452,Gaming,IN,2026-04-12,3,2026-04-09 00:00:00,795505,31964,1067,2126,gaming|review|2026|new,thoughts great disappointing,False
YT101760,the Championship Breaking News Update,Channel_186,Sports,US,2026-03-06,7,2026-03-04 00:00:00,601026,33346,1570,2378,music|review,awful great content watched great channel,False
YT101761,OFFICIAL Trailer: Gaming Setup,Channel_60,Music,CA,2026-07-19,10,2026-07-19 00:00:00,622831,29500,2359,2618,review|trending|gaming,review incredible,False
YT101762,OFFICIAL Trailer: Budget Travel,Channel_231,Sports,AU,2026-01-17,5,2026-01-14 00:00:00,797465,33771,2972,3920,2026|official,love,False
YT101763,OFFICIAL Trailer: TikTok,Channel_155,Science & Technology,IN,2026-01-12,8,2026-01-10 00:00:00,668061,39873,3773,2853,gaming|new,goated excellent cringe worst video fire,False
YT101764,the Ocean REACTION,Channel_22,Sports,IN,2026-02-27,12,2026-02-27 00:00:00,930338,36950,2761,3230,trending|new,excellent comment fine video overrated,False
YT101765,I Tried Season 5 For 24 Hours,Channel_153,Music,US,2026-08-12,6,2026-08-09 00:00:00,350786,23973,1978,2322,music|official|2026,great best okay disappointing channel fantastic,True
YT101766,AI Full Episode | Highlights,Channel_369,Music,AU,2026-02-09,7,2026-02-09 00:00:00,377509,15807,714,2177,highlights|music,okay thoughts underrated,False
YT101767,OFFICIAL Trailer: Street Food,Channel_312,Entertainment,IN,2026-04-17,10,2026-04-13 00:00:00,531659,26128,2264,3060,2026|viral|new|review,channel cringe video great fine fine,False
YT101768,I Tried the Final Boss For 24 Hours,Channel_398,Gaming,GB,2026-02-24,6,2026-02-22 00:00:00,205149,8007,817,485,trending|official|highlights,amazing fantastic waste waste hate video,False
YT101769,The Truth About the Algorithm,Channel_115,Entertainment,AU,2026-01-04,1,2026-01-02 00:00:00,500331,16354,960,2284,gaming|viral|2026|funny,cringe terrible review fantastic okay,False
YT101770,TikTok REACTION,Channel_258,Education,CA,2026-04-19,14,2026-04-19 00:00:00,97011,5679,410,414,music|official|trending,watched okay video,False
YT101771,Budget Travel Full Episode | Highlights,Channel_276,Film & Animation,IN,2026-02-08,13,2026-02-07 00:00:00,243339,5478,258,701,trending|music|2026,upload best amazing excellent,False
YT101772,I Tried the Ocean For 24 Hours,Channel_453,Comedy,IN,2026-03-15,4,2026-03-14 00:00:00,794367,30352,933,2899,2026|trending|review,fine underrated underrated,False
YT101773,Top 10 the Universe Moments,Channel_371,Sports,US,2026-02-21,9,2026-02-17 00:00:00,247424,13411,705,1250,funny|viral|music|gaming,watched honestly great channel terrible,False
YT101774,the Championship Live Performance 2026,Channel_384,Music,CA,2026-03-28,11,2026-03-27 00:00:00,233187,12437,901,925,new|funny|music,okay okay,False
YT101775,I Tried the Championship For 24 Hours,Channel_212,Sports,AU,2026-04-08,14,2026-04-04 00:00:00,591705,34114,3347,3269,2026|funny|gaming,unwatchable excellent excellent boring,False
YT101776,The Truth About the Algorithm,Channel_392,Sports,AU,2026-02-11,2,2026-02-11 00:00:00,390395,18022,1904,2009,review|trending,brilliant video fire,False
YT101777,OFFICIAL Trailer: the Final Boss,Channel_118,Gaming,CA,2026-04-19,11,2026-04-17 00:00:00,111273,2065,140,518,trending|viral,fantastic excellent,False
YT101778,the Final Boss Breaking News Update,Channel_113,Music,US,2026-03-04,8,2026-03-02 00:00:00,281547,7895,823,515,official|music|gaming|2026,best fine video fine underrated perfect awesome,False
YT101779,Top 10 the World Cup Moments,Channel_137,Music,GB,2026-07-27,8,2026-07-26 00:00:00,2205499,74251,5081,7936,highlights|review|2026,comment like underrated unwatchable brilliant overrated,False
YT101780,I Tried the Algorithm For 24 Hours,Channel_422,Entertainment,IN,2026-05-30,2,2026-05-30 00:00:00,400031,23184,716,1940,funny|2026,like love awesome,False
YT101781,Learn the Final Boss in 10 Minutes,Channel_486,People & Blogs,CA,2026-06-06,4,2026-06-06 00:00:00,64272,2775,219,192,gaming|review|viral|official,amazing upload,False
YT101782,I Tried Street Food For 24 Hours,Channel_286,Entertainment,IN,2026-05-26,14,2026-05-25 00:00:00,296341,15885,1779,1367,official|gaming,flop content channel thoughts channel,False
YT101783,the Final Boss Live Performance 2026,Channel_498,Music,GB,2026-01-10,11,2026-01-10 00:00:00,515990,31517,1485,3625,review|funny,excellent thoughts amazing thoughts fine,False
YT101784,the World Cup Live Performance 2026,Channel_95,People & Blogs,IN,2026-02-06,11,2026-02-02 00:00:00,870157,37712,3696,4350,new|highlights,channel goated flop fantastic excellent awesome,False
YT101785,Learn Street Food in 10 Minutes,Channel_331,Gaming,US,2026-01-26,5,2026-01-24 00:00:00,324773,13101,1002,1374,viral|new|2026,incredible comment upload awful love cringe honestly,False
YT101786,TikTok - Official Music Video,Channel_412,Gaming,CA,2026-06-25,4,2026-06-21 00:00:00,258745,14873,461,51,funny|2026|gaming,watched this video,False
YT101787,the World Cup REACTION,Channel_268,Gaming,CA,2026-08-13,5,2026-08-09 00:00:00,395591,17426,1678,2487,review|viral|official|2026,okay,False
YT101788,my Life Breaking News Update,Channel_73,Film & Animation,AU,2026-08-26,4,2026-08-22 00:00:00,184918,12423,1375,668,viral|2026|funny,great video perfect like worst fine fire like,False
YT101789,I Tried Robots For 24 Hours,Channel_332,Music,CA,2026-07-27,11,2026-07-25 00:00:00,1012367,83833,6906,6139,gaming|new|viral,video okay video comment goated,False
YT101790,the Universe REACTION,Channel_23,Music,CA,2026-04-10,10,2026-04-06 00:00:00,711897,43804,2341,2465,funny|highlights|2026,like amazing thoughts cringe awful,False
YT101791,OFFICIAL Trailer: Season 5,Channel_416,Gaming,US,2026-02-23,3,2026-02-19 00:00:00,348272,17379,1355,932,new|review|highlights|2026,terrible thoughts flop,False
YT101792,Robots - Official Music Video,Channel_79,People & Blogs,CA,2026-07-08,9,2026-07-05 00:00:00,586857,22699,783,1806,trending|gaming|official,watched comment channel okay,False
YT101793,How TikTok Changed Everything,Channel_470,Gaming,AU,2026-02-01,5,2026-01-28 00:00:00,1226496,50077,5612,5612,review|funny|highlights|2026,okay perfect like brilliant content comment,False
YT101794,OFFICIAL Trailer: Budget Travel,Channel_452,People & Blogs,AU,2026-08-28,1,2026-08-27 00:00:00,361808,17031,1358,1938,review|new,perfect upload video,False
YT101795,Top 10 Street Food Moments,Channel_300,Entertainment,US,2026-04-03,5,2026-04-02 00:00:00,561283,36085,3932,1817,new|official|viral|music,fire review fantastic watched waste great,False
YT101796,OFFICIAL Trailer: the Ocean,Channel_260,Comedy,GB,2026-01-07,10,2026-01-04 00:00:00,124934,6244,720,335,official|gaming,fine brilliant thoughts content worst awesome,False
YT101797,TikTok - Official Music Video,Channel_275,Film & Animation,IN,2026-02-24,11,2026-02-21 00:00:00,548862,28701,2757,1803,gaming|music|funny|review,flop hate incredible like,False
YT101798,AI vs Everyone | Full Match,Channel_322,Science & Technology,IN,2026-03-04,10,2026-02-28 00:00:00,90556,4418,404,613,highlights|funny|new,honestly excellent,False
YT101799,OFFICIAL Trailer: the Final Boss,Channel_198,Comedy,IN,2026-07-08,14,2026-07-07 00:00:00,243391,16948,1574,1500,review|official,review perfect excellent okay,False
YT101800,How Robots Changed Everything,Channel_277,Education,US,2026-02-25,14,2026-02-23 00:00:00,210396,12349,1105,826,2026|trending|funny|music,channel like watched,False
YT101801,Learn the Ocean in 10 Minutes,Channel_479,People & Blogs,AU,2026-08-08,1,2026-08-05 00:00:00,398601,26659,1589,1478,music|review|trending|viral,brilliant honestly worst waste thoughts brilliant brilliant,False
YT101802,TikTok REACTION,Channel_273,Comedy,AU,2026-02-12,5,2026-02-11 00:00:00,583341,46605,5074,2438,official|trending,honestly review channel,False
YT101803,Season 5 vs Everyone | Full Match,Channel_384,Film & Animation,US,2026-08-26,3,2026-08-23 00:00:00,653415,31821,1698,2111,review|music|highlights,review review video,False
YT101804,Budget Travel Breaking News Update,Channel_333,Music,CA,2026-02-17,13,2026-02-17 00:00:00,413585,15543,1164,1259,new|gaming|funny|trending,underrated awful okay worst,False
YT101805,Top 10 AI Moments,Channel_494,Comedy,US,2026-01-30,1,2026-01-27 00:00:00,577546,27760,2538,3399,2026|gaming|funny,video upload brilliant upload flop excellent,False
YT101806,Learn New York in 10 Minutes,Channel_35,People & Blogs,CA,2026-02-22,10,2026-02-19 00:00:00,1081444,42265,2680,4590,new|music|official|highlights,okay channel,True
YT101807,How Budget Travel Changed Everything,Channel_148,Film & Animation,IN,2026-01-22,9,2026-01-20 00:00:00,472338,21653,2535,1088,highlights|funny,love best watched,False
YT101808,the Championship vs Everyone | Full Match,Channel_106,Sports,CA,2026-06-19,1,2026-06-19 00:00:00,204827,7656,857,673,official|new|music,underrated fine review,False
YT101809,the Universe REACTION,Channel_220,Film & Animation,CA,2026-01-21,7,2026-01-19 00:00:00,295394,18544,2206,1620,trending|official|gaming,cringe thoughts disappointing thoughts awesome,False
YT101810,How my Life Changed Everything,Channel_44,Comedy,IN,2026-07-06,1,2026-07-05 00:00:00,652575,20510,1942,3663,viral|music,thoughts underrated trash,False
YT101811,TikTok - Official Music Video,Channel_440,People & Blogs,US,2026-06-07,6,2026-06-03 00:00:00,384359,23840,1972,717,trending|highlights|funny|official,fantastic brilliant comment best thoughts excellent thoughts,False
YT101812,my Life Full Episode | Highlights,Channel_123,Music,US,2026-02-19,2,2026-02-17 00:00:00,964132,43257,2316,3758,trending|viral|review|music,okay goated upload,False
YT101813,How the Universe Changed Everything,Channel_272,Sports,CA,2026-03-26,13,2026-03-24 00:00:00,272523,11917,1426,1746,funny|gaming|review|new,watched upload awesome terrible trash video love review brilliant video,False
YT101814,I Tried TikTok For 24 Hours,Channel_425,Music,CA,2026-04-26,13,2026-04-22 00:00:00,611568,18604,1437,2813,new|review|viral|gaming,comment like goated watched video,False
YT101815,the Championship Live Performance 2026,Channel_223,Science & Technology,GB,2026-02-25,12,2026-02-22 00:00:00,332011,9360,864,1651,music|trending|highlights|new,review like awesome goated video best,False
YT101816,Robots Full Episode | Highlights,Channel_198,Education,IN,2026-01-06,13,2026-01-05 00:00:00,130302,8444,601,613,trending|new|funny,channel content,False
YT101817,Top 10 Season 5 Moments,Channel_341,People & Blogs,IN,2026-07-05,13,2026-07-04 00:00:00,101933,3713,140,527,official|music,watched love like disappointing,False
YT101818,I Tried my Life For 24 Hours,Channel_211,Comedy,IN,2026-01-19,9,2026-01-15 00:00:00,168539,8018,794,658,2026|new|music|trending,underrated like thoughts excellent,True
YT101819,Learn Gaming Setup in 10 Minutes,Channel_61,Science & Technology,GB,2026-04-15,3,2026-04-12 00:00:00,261384,11564,1059,1015,trending|gaming|funny,awful best fine disappointing best,False
YT101820,Budget Travel REACTION,Channel_364,Film & Animation,GB,2026-05-10,3,2026-05-06 00:00:00,86144,3256,293,264,2026|gaming|music,boring fire,False
YT101821,I Tried the Algorithm For 24 Hours,Channel_38,Gaming,GB,2026-06-21,13,2026-06-18 00:00:00,454942,19886,680,2702,2026|review,upload fantastic,False
YT101822,the Algorithm Full Episode | Highlights,Channel_90,Science & Technology,GB,2026-05-22,5,2026-05-20 00:00:00,136381,6096,663,510,new|trending,video best underrated fire channel boring,False
YT101823,AI Full Episode | Highlights,Channel_330,Comedy,US,2026-06-21,5,2026-06-21 00:00:00,519512,34180,3363,2424,trending|viral|gaming,content fire boring,False
YT101824,I Tried AI For 24 Hours,Channel_91,Comedy,US,2026-08-16,4,2026-08-16 00:00:00,95023,4084,219,334,new|viral,brilliant like comment upload review thoughts,False
YT101825,AI Live Performance 2026,Channel_340,Science & Technology,IN,2026-02-20,12,2026-02-18 00:00:00,191857,8081,527,281,official|highlights,fantastic fine cringe incredible like brilliant,False
YT101826,OFFICIAL Trailer: Robots,Channel_220,People & Blogs,CA,2026-06-24,7,2026-06-23 00:00:00,1001151,45893,2683,6578,music|trending|2026,incredible review honestly goated,False
YT101827,New York - Official Music Video,Channel_175,Music,CA,2026-03-23,8,2026-03-21 00:00:00,608661,16968,733,1547,funny|music|highlights|viral,goated terrible unwatchable,False
YT101828,the Ocean Breaking News Update,Channel_438,Sports,US,2026-01-19,2,2026-01-19 00:00:00,73118,3444,267,307,gaming|highlights|official,best,False
YT101829,Top 10 Gaming Setup Moments,Channel_311,Sports,GB,2026-08-10,9,2026-08-08 00:00:00,208920,1044,82,1071,viral|review|music|trending,okay watched like best,False
YT101830,Robots Live Performance 2026,Channel_349,Music,IN,2026-06-16,13,2026-06-15 00:00:00,513348,23230,2267,2215,official|viral,goated channel goated,False
YT101831,OFFICIAL Trailer: my Life,Channel_155,Music,US,2026-06-02,14,2026-06-01 00:00:00,341208,13861,1305,1533,new|music|2026|official,okay great fantastic love excellent,False
YT101832,the Ocean vs Everyone | Full Match,Channel_22,Gaming,US,2026-01-12,9,2026-01-08 00:00:00,384797,7158,766,1335,2026|music|gaming|new,okay honestly like watched,True
YT101833,Top 10 Season 5 Moments,Channel_164,Science & Technology,AU,2026-04-05,11,2026-04-02 00:00:00,139034,4774,360,616,gaming|viral|official,perfect honestly upload honestly okay fire disappointing,False
YT101834,the Algorithm vs Everyone | Full Match,Channel_2,Comedy,CA,2026-03-26,12,2026-03-22 00:00:00,36143,1497,156,217,review|funny|highlights|official,comment okay honestly great okay,False
YT101835,Season 5 Live Performance 2026,Channel_249,News & Politics,AU,2026-01-08,10,2026-01-08 00:00:00,432518,15801,629,1678,highlights|review|music|gaming,trash overrated,False
YT101836,the World Cup Full Episode | Highlights,Channel_306,News & Politics,IN,2026-07-19,11,2026-07-18 00:00:00,96375,5982,461,399,review|new,okay brilliant honestly excellent,False
YT101837,Robots Breaking News Update,Channel_104,Music,CA,2026-01-19,5,2026-01-19 00:00:00,119771,3538,167,402,highlights|music,cringe channel fire,False
YT101838,TikTok vs Everyone | Full Match,Channel_226,Education,GB,2026-05-27,13,2026-05-25 00:00:00,156543,9829,1034,934,new|music|viral|highlights,okay,False
YT101839,The Truth About the Final Boss,Channel_397,News & Politics,CA,2026-02-09,2,2026-02-08 00:00:00,351054,9792,1058,1802,highlights|review,disappointing honestly okay waste,False
YT101840,How Budget Travel Changed Everything,Channel_476,Entertainment,CA,2026-06-26,13,2026-06-25 00:00:00,91011,5398,435,284,gaming|funny|2026,underrated okay thoughts goated,True
YT101841,How the World Cup Changed Everything,Channel_383,Education,AU,2026-03-13,14,2026-03-09 00:00:00,83515,3641,121,288,2026|trending|new,video overrated trash watched,False
YT101842,Top 10 Street Food Moments,Channel_336,Music,CA,2026-02-24,8,2026-02-21 00:00:00,254864,15984,1154,756,highlights|trending|review,comment content honestly honestly hate unwatchable,False
YT101843,the Stock Market vs Everyone | Full Match,Channel_424,People & Blogs,GB,2026-01-03,1,2025-12-30 00:00:00,488170,33495,2621,992,new|review|highlights|viral,unwatchable goated excellent excellent,False
YT101844,I Tried the Final Boss For 24 Hours,Channel_211,People & Blogs,AU,2026-03-16,13,2026-03-14 00:00:00,118023,4651,470,636,official|viral|review,okay video watched,False
YT101845,the Ocean Live Performance 2026,Channel_236,Comedy,IN,2026-05-10,11,2026-05-09 00:00:00,402336,10927,518,1035,new|review,okay incredible channel,False
YT101846,I Tried the Universe For 24 Hours,Channel_431,Comedy,IN,2026-03-27,8,2026-03-26 00:00:00,52016,2507,158,149,gaming|new|music|review,channel review great disappointing content,False
YT101847,Learn Season 5 in 10 Minutes,Channel_328,Sports,IN,2026-02-24,5,2026-02-24 00:00:00,112379,6764,664,518,trending|official|highlights,fine goated upload channel,False
YT101848,the Stock Market REACTION,Channel_391,Comedy,GB,2026-06-20,7,2026-06-16 00:00:00,500163,23337,1129,1134,trending|2026|official|new,hate,False
YT101849,my Life - Official Music Video,Channel_10,Sports,US,2026-05-27,14,2026-05-23 00:00:00,117354,8407,348,530,new|official|trending,like amazing review,False
YT101850,AI Full Episode | Highlights,Channel_291,Sports,IN,2026-04-21,14,2026-04-19 00:00:00,249662,15199,1385,735,funny|2026,excellent upload okay,False
YT101851,the World Cup REACTION,Channel_57,Music,AU,2026-02-24,4,2026-02-23 00:00:00,853423,45242,1568,3146,official|music|2026|gaming,great video fantastic okay underrated channel,False
YT101852,How the Ocean Changed Everything,Channel_480,Gaming,AU,2026-02-20,5,2026-02-17 00:00:00,817489,23734,2434,1603,2026|funny,fine trash channel video fine thoughts,False
YT101853,OFFICIAL Trailer: my Life,Channel_183,Comedy,GB,2026-01-08,9,2026-01-06 00:00:00,254829,10262,1181,778,2026|official|gaming,fine review,False
YT101854,the Championship vs Everyone | Full Match,Channel_374,People & Blogs,GB,2026-03-28,14,2026-03-28 00:00:00,293746,14170,1460,1103,2026|viral,hate review video fantastic,False
YT101855,Robots vs Everyone | Full Match,Channel_120,Comedy,CA,2026-02-06,8,2026-02-06 00:00:00,70369,4229,378,219,highlights|2026|music|funny,unwatchable like overrated,False
YT101856,Top 10 AI Moments,Channel_133,Science & Technology,AU,2026-04-17,11,2026-04-15 00:00:00,20447,948,58,81,official|viral|2026|music,like thoughts,False
YT101857,Street Food Full Episode | Highlights,Channel_426,People & Blogs,AU,2026-04-22,14,2026-04-18 00:00:00,75666,4257,232,95,2026|highlights|new|gaming,review fine awesome love,False
YT101858,Learn Budget Travel in 10 Minutes,Channel_48,Gaming,US,2026-05-20,3,2026-05-20 00:00:00,1678032,48818,2439,7566,gaming|2026,honestly review,False
YT101859,Top 10 the Algorithm Moments,Channel_204,Sports,IN,2026-07-10,3,2026-07-08 00:00:00,354614,15595,1067,1116,highlights|gaming|review,channel,False
YT101860,the Universe REACTION,Channel_1,News & Politics,IN,2026-08-06,12,2026-08-02 00:00:00,142141,6412,286,683,funny|highlights|review,waste flop okay honestly hate,False
YT101861,Budget Travel Full Episode | Highlights,Channel_13,News & Politics,US,2026-06-14,8,2026-06-11 00:00:00,227237,10182,375,452,highlights|official|new|review,thoughts content channel thoughts content,False
YT101862,Budget Travel Breaking News Update,Channel_248,Gaming,GB,2026-07-26,14,2026-07-24 00:00:00,532776,8637,687,3800,official|music|gaming|2026,thoughts awesome review awful great,False
YT101863,OFFICIAL Trailer: New York,Channel_170,Science & Technology,IN,2026-02-15,7,2026-02-13 00:00:00,68794,3046,148,265,music|trending,video fire overrated channel watched,False
YT101864,The Truth About the Ocean,Channel_77,Science & Technology,IN,2026-08-13,14,2026-08-10 00:00:00,203657,6322,234,229,trending|review|new|funny,brilliant channel,False
YT101865,Robots Breaking News Update,Channel_19,Sports,CA,2026-07-28,7,2026-07-26 00:00:00,250277,17921,779,1158,viral|2026|funny|official,watched,False
YT101866,New York vs Everyone | Full Match,Channel_421,Sports,AU,2026-07-14,12,2026-07-12 00:00:00,84514,3600,408,412,highlights|music|official|funny,cringe perfect perfect amazing,False
YT101867,the Championship Live Performance 2026,Channel_202,Education,CA,2026-02-18,9,2026-02-15 00:00:00,293705,7305,257,1631,gaming|official,disappointing review like unwatchable awesome,False
YT101868,the Final Boss vs Everyone | Full Match,Channel_462,Gaming,GB,2026-07-29,9,2026-07-26 00:00:00,168514,3366,266,786,viral|gaming,comment content watched watched honestly perfect comment like best watched thoughts great,False
YT101869,Budget Travel Breaking News Update,Channel_399,Music,US,2026-07-17,13,2026-07-17 00:00:00,274718,18582,2058,139,highlights|new,honestly amazing fire awesome goated,False
YT101870,How AI Changed Everything,Channel_92,Sports,AU,2026-08-26,11,2026-08-25 00:00:00,654459,55166,2621,3749,review|gaming|official|new,watched comment watched honestly fine thoughts okay,False
YT101871,The Truth About Gaming Setup,Channel_438,Sports,GB,2026-08-27,5,2026-08-27 00:00:00,65743,2470,159,204,music|review,thoughts like incredible content,False
YT101872,Top 10 AI Moments,Channel_175,Comedy,CA,2026-03-30,1,2026-03-29 00:00:00,930448,45569,5112,2008,music|funny,incredible video content honestly underrated like,False
YT101873,the Championship Full Episode | Highlights,Channel_263,Science & Technology,US,2026-03-21,5,2026-03-18 00:00:00,417093,22263,813,951,trending|review|viral,love upload amazing thoughts content,False
YT101874,I Tried the Ocean For 24 Hours,Channel_157,Sports,US,2026-07-15,1,2026-07-11 00:00:00,858776,44665,1461,3632,official|gaming|2026,video channel upload honestly,False
YT101875,The Truth About Street Food,Channel_487,Music,US,2026-07-24,13,2026-07-24 00:00:00,449799,18664,728,1008,new|trending|official|music,like watched worst,False
YT101876,Robots - Official Music Video,Channel_331,People & Blogs,US,2026-07-17,7,2026-07-15 00:00:00,388015,19978,1588,1057,viral|highlights,fantastic brilliant awful,False
YT101877,Season 5 REACTION,Channel_58,Sports,CA,2026-07-13,13,2026-07-10 00:00:00,376874,18031,913,1399,highlights|gaming|official,disappointing excellent underrated fire,False
YT101878,I Tried Season 5 For 24 Hours,Channel_337,News & Politics,IN,2026-02-14,11,2026-02-10 00:00:00,181802,12321,886,832,viral|music|funny|official,channel waste terrible fine goated brilliant watched honestly,True
YT101879,Budget Travel REACTION,Channel_92,Education,US,2026-02-01,7,2026-01-29 00:00:00,481443,22020,2259,1556,highlights|funny|official|gaming,content content honestly,False
YT101880,I Tried New York For 24 Hours,Channel_299,Comedy,US,2026-01-10,13,2026-01-08 00:00:00,509967,19856,1243,2675,review|music|official|gaming,amazing okay best hate,False
YT101881,OFFICIAL Trailer: Budget Travel,Channel_384,Entertainment,CA,2026-07-31,4,2026-07-29 00:00:00,572110,33600,3103,2922,2026|trending,incredible channel video,False
YT101882,Learn the Ocean in 10 Minutes,Channel_283,Comedy,CA,2026-05-27,8,2026-05-23 00:00:00,178504,5902,247,716,new|music,awesome brilliant fine great like upload,False
YT101883,the Stock Market vs Everyone | Full Match,Channel_306,Comedy,CA,2026-01-22,7,2026-01-19 00:00:00,134029,5099,453,853,new|official|highlights,excellent watched watched excellent great,False
YT101884,How New York Changed Everything,Channel_378,News & Politics,GB,2026-02-17,14,2026-02-15 00:00:00,109404,7985,784,499,music|viral|new|official,watched underrated channel honestly love honestly love,False
YT101885,Top 10 Robots Moments,Channel_101,People & Blogs,AU,2026-08-07,14,2026-08-07 00:00:00,703377,30998,2937,3336,review|viral|new,brilliant fire underrated boring cringe okay,False
YT101886,the Algorithm Breaking News Update,Channel_256,Sports,AU,2026-01-04,3,2026-01-03 00:00:00,418647,18209,785,1887,funny|trending|new|2026,excellent watched review content fantastic video,False
YT101887,Top 10 the Ocean Moments,Channel_12,News & Politics,GB,2026-06-21,3,2026-06-19 00:00:00,79960,4121,459,158,2026|trending,content perfect fine channel,False
YT101888,Budget Travel REACTION,Channel_358,Gaming,GB,2026-08-19,4,2026-08-17 00:00:00,625448,31890,2875,3684,music|funny|official,okay underrated,False
YT101889,Gaming Setup Breaking News Update,Channel_322,People & Blogs,GB,2026-08-28,14,2026-08-28 00:00:00,211049,10470,415,1130,gaming|2026|official|trending,review amazing honestly excellent thoughts excellent waste,False
YT101890,The Truth About the Final Boss,Channel_499,Entertainment,AU,2026-06-26,1,2026-06-23 00:00:00,894566,43038,2043,3900,review|trending|gaming,excellent upload thoughts brilliant thoughts incredible fire awesome underrated awful,False
YT101891,How Robots Changed Everything,Channel_342,Music,AU,2026-03-11,14,2026-03-07 00:00:00,680841,31588,3779,2358,official|trending|viral|2026,upload okay upload love channel fine honestly incredible overrated,False
YT101892,Top 10 the Final Boss Moments,Channel_385,People & Blogs,US,2026-08-04,3,2026-07-31 00:00:00,366084,15282,904,1889,official|viral|funny,love upload unwatchable trash love channel waste,False
YT101893,my Life Live Performance 2026,Channel_326,People & Blogs,IN,2026-04-15,12,2026-04-11 00:00:00,183735,13444,1312,1010,highlights|trending,fire awesome review honestly fantastic,False
YT101894,the Stock Market Breaking News Update,Channel_167,Music,IN,2026-01-03,1,2025-12-30 00:00:00,2336323,76796,4492,10281,funny|viral|trending,thoughts waste watched,False
YT101895,The Truth About Gaming Setup,Channel_1,Sports,CA,2026-08-26,14,2026-08-24 00:00:00,371122,17319,565,2322,viral|review|2026,worst okay review unwatchable perfect,False
YT101896,Season 5 REACTION,Channel_453,Entertainment,AU,2026-04-20,8,2026-04-16 00:00:00,298741,8662,976,1945,trending|2026|funny|highlights,fine honestly perfect thoughts boring awesome,False
YT101897,I Tried my Life For 24 Hours,Channel_11,Gaming,US,2026-08-03,2,2026-07-31 00:00:00,577885,29757,3485,2339,2026|gaming|music|highlights,perfect awesome brilliant,False
YT101898,my Life - Official Music Video,Channel_422,Music,IN,2026-04-02,7,2026-04-02 00:00:00,402147,15879,791,2065,funny|music,thoughts terrible comment hate fire review,False
YT101899,New York - Official Music Video,Channel_15,People & Blogs,CA,2026-03-11,13,2026-03-07 00:00:00,581210,27404,2748,2249,highlights|2026|official|review,comment trash,False
YT101900,The Truth About TikTok,Channel_465,Film & Animation,US,2026-08-18,6,2026-08-15 00:00:00,95373,3241,309,386,new|review|trending,worst terrible like fine,False
YT101901,Learn Robots in 10 Minutes,Channel_183,Music,CA,2026-04-11,6,2026-04-11 00:00:00,317521,11003,506,1957,funny|highlights|music|official,trash video thoughts upload perfect okay,False
YT101902,the World Cup REACTION,Channel_451,Comedy,GB,2026-05-10,10,2026-05-06 00:00:00,349945,1749,68,457,gaming|2026,incredible terrible,False
YT101903,Top 10 my Life Moments,Channel_122,Music,IN,2026-04-29,11,2026-04-29 00:00:00,601662,25374,2082,2643,highlights|2026|music,excellent video,False
YT101904,the Universe - Official Music Video,Channel_443,Sports,US,2026-01-08,7,2026-01-04 00:00:00,328783,14758,1281,1590,highlights|funny|new|official,okay fine excellent,False
YT101905,The Truth About the Algorithm,Channel_86,Science & Technology,US,2026-04-22,6,2026-04-21 00:00:00,351722,18950,2090,1718,trending|official,brilliant goated,False
YT101906,I Tried TikTok For 24 Hours,Channel_338,Education,AU,2026-04-21,5,2026-04-21 00:00:00,594457,31111,2706,3588,review|music|2026|new,video fire great,False
YT101907,New York Live Performance 2026,Channel_43,Sports,CA,2026-02-26,9,2026-02-22 00:00:00,464986,17675,947,1865,2026|official|new,comment amazing brilliant thoughts comment,False
YT101908,Top 10 the World Cup Moments,Channel_183,Gaming,GB,2026-06-17,12,2026-06-13 00:00:00,513768,25754,1625,1558,new|2026|review,fine flop overrated watched,False
YT101909,How Budget Travel Changed Everything,Channel_400,Gaming,US,2026-05-26,2,2026-05-26 00:00:00,561771,17700,1213,2388,gaming|new|viral,watched boring fine,False
YT101910,the Stock Market Full Episode | Highlights,Channel_113,Education,CA,2026-05-18,3,2026-05-17 00:00:00,482481,9768,663,2300,official|gaming|funny,brilliant honestly overrated great,False
YT101911,Robots Live Performance 2026,Channel_236,Comedy,AU,2026-01-24,8,2026-01-22 00:00:00,456313,22319,818,2109,gaming|review,thoughts boring upload upload like channel,False
YT101912,Learn the Universe in 10 Minutes,Channel_184,Entertainment,GB,2026-03-30,11,2026-03-27 00:00:00,278938,12326,1289,1315,2026|music,watched this video,False
YT101913,Learn the Algorithm in 10 Minutes,Channel_278,Gaming,AU,2026-02-01,13,2026-01-28 00:00:00,1031433,42613,3659,4177,funny|new,channel perfect honestly fire underrated okay,False
YT101914,the Algorithm Full Episode | Highlights,Channel_369,Gaming,GB,2026-05-04,7,2026-05-02 00:00:00,448935,19728,1570,757,viral|review|music,excellent,False
YT101915,Learn Season 5 in 10 Minutes,Channel_34,Sports,IN,2026-04-24,1,2026-04-20 00:00:00,428269,28205,1074,2009,new|review|funny|music,incredible flop channel like like video okay,False
YT101916,I Tried the Algorithm For 24 Hours,Channel_92,Music,IN,2026-03-08,8,2026-03-04 00:00:00,865062,53290,2956,3477,music|2026|review,brilliant fantastic thoughts underrated content content,False
YT101917,I Tried the World Cup For 24 Hours,Channel_51,Gaming,US,2026-03-13,5,2026-03-09 00:00:00,222679,8962,786,865,trending|music|highlights|official,video unwatchable,False
YT101918,Top 10 my Life Moments,Channel_497,Education,AU,2026-06-22,3,2026-06-22 00:00:00,483839,22225,1875,1689,official|music,waste flop,False
YT101919,Learn the Final Boss in 10 Minutes,Channel_418,Music,US,2026-04-06,5,2026-04-02 00:00:00,269380,15845,769,1286,funny|viral|highlights|new,comment awful flop brilliant fine,False
YT101920,I Tried Robots For 24 Hours,Channel_288,Film & Animation,US,2026-06-29,1,2026-06-28 00:00:00,141167,7767,317,1140,gaming|2026|viral|official,worst excellent amazing,False
YT101921,my Life Full Episode | Highlights,Channel_141,Film & Animation,IN,2026-03-23,14,2026-03-21 00:00:00,304981,14468,1014,920,music|funny,boring underrated upload,False
YT101922,OFFICIAL Trailer: the Algorithm,Channel_221,Film & Animation,GB,2026-05-06,14,2026-05-02 00:00:00,1125539,19668,1612,6103,gaming|2026|new|music,trash underrated,False
YT101923,Learn Budget Travel in 10 Minutes,Channel_149,Education,IN,2026-06-25,5,2026-06-22 00:00:00,96353,5559,498,626,2026|gaming|music,trash content honestly honestly hate brilliant comment,False
YT101924,New York REACTION,Channel_212,Education,AU,2026-06-11,5,2026-06-08 00:00:00,112503,5661,241,534,gaming|official|viral|highlights,thoughts,False
YT101925,The Truth About the Championship,Channel_398,Education,GB,2026-08-10,6,2026-08-08 00:00:00,437803,18049,2083,1666,review|gaming|viral,awesome fine,False
YT101926,The Truth About the Algorithm,Channel_121,Music,CA,2026-07-25,4,2026-07-23 00:00:00,77889,7214,256,321,trending|2026|review,thoughts upload fantastic channel like review,False
YT101927,I Tried Street Food For 24 Hours,Channel_270,Education,GB,2026-06-22,9,2026-06-22 00:00:00,86040,3967,406,311,funny|highlights|new,okay,False
YT101928,the Stock Market Full Episode | Highlights,Channel_382,Sports,AU,2026-05-29,11,2026-05-26 00:00:00,365178,15957,1808,1149,music|new,thoughts honestly video content thoughts,False
YT101929,OFFICIAL Trailer: TikTok,Channel_313,Comedy,IN,2026-01-13,1,2026-01-12 00:00:00,318917,11753,846,540,funny|review|music,excellent fire upload amazing comment,False
YT101930,TikTok Live Performance 2026,Channel_289,Music,CA,2026-05-21,5,2026-05-21 00:00:00,74107,1446,144,553,new|review|viral,amazing boring worst okay great amazing,False
YT101931,The Truth About the World Cup,Channel_195,News & Politics,US,2026-01-14,4,2026-01-14 00:00:00,476192,14571,808,2108,review|official|highlights|music,comment comment waste like love,False
YT101932,I Tried Robots For 24 Hours,Channel_224,Music,IN,2026-08-14,5,2026-08-11 00:00:00,840125,30712,3263,4993,viral|music,great content love like,False
YT101933,The Truth About the Universe,Channel_158,Science & Technology,AU,2026-04-30,10,2026-04-26 00:00:00,429398,16301,1554,2508,funny|new,best excellent cringe comment waste review,False
YT101934,AI REACTION,Channel_69,Music,IN,2026-02-28,5,2026-02-24 00:00:00,487429,24188,2458,1072,2026|music,flop channel watched,False
YT101935,the Championship Breaking News Update,Channel_325,Gaming,IN,2026-01-26,11,2026-01-25 00:00:00,212248,8206,772,967,highlights|official|funny,honestly love fire thoughts channel,False
YT101936,TikTok Full Episode | Highlights,Channel_323,Science & Technology,IN,2026-06-29,8,2026-06-25 00:00:00,755159,42814,3929,2361,official|new|funny,perfect fine review watched underrated,False
YT101937,the Championship REACTION,Channel_220,Sports,IN,2026-06-18,14,2026-06-18 00:00:00,363814,23375,1651,1093,official|viral,thoughts like amazing,False
YT101938,AI REACTION,Channel_476,People & Blogs,CA,2026-05-18,4,2026-05-18 00:00:00,516112,35281,2102,3140,highlights|2026|new,waste thoughts comment honestly,False
YT101939,New York Breaking News Update,Channel_464,Education,US,2026-04-10,7,2026-04-09 00:00:00,140967,9508,690,468,review|official|highlights|2026,fine waste channel,False
YT101940,Learn the Stock Market in 10 Minutes,Channel_198,Gaming,GB,2026-03-14,10,2026-03-11 00:00:00,517239,29242,2840,2994,2026|trending|official|review,goated,False
YT101941,the Stock Market Breaking News Update,Channel_46,Education,US,2026-08-02,10,2026-07-30 00:00:00,487997,17366,1181,1807,2026|highlights|viral|official,review comment disappointing like great comment,False
YT101942,How Season 5 Changed Everything,Channel_251,People & Blogs,GB,2026-03-16,2,2026-03-14 00:00:00,64249,2087,237,131,music|official,review waste review amazing upload,False
YT101943,my Life Live Performance 2026,Channel_409,News & Politics,IN,2026-03-16,9,2026-03-13 00:00:00,436651,22428,2451,1432,music|trending|review|highlights,comment fire upload,False
YT101944,Learn the Final Boss in 10 Minutes,Channel_233,Sports,US,2026-04-01,14,2026-04-01 00:00:00,63874,3533,109,162,viral|new,excellent goated upload thoughts,False
YT101945,the Stock Market vs Everyone | Full Match,Channel_441,People & Blogs,US,2026-03-29,10,2026-03-25 00:00:00,582073,17627,1326,2814,viral|official|highlights|review,fine cringe underrated honestly,False
YT101946,AI Breaking News Update,Channel_79,Film & Animation,AU,2026-04-20,14,2026-04-17 00:00:00,178718,6568,212,939,2026|viral,excellent upload watched content like upload honestly hate watched okay review,True
YT101947,I Tried the Universe For 24 Hours,Channel_318,Education,GB,2026-08-16,6,2026-08-13 00:00:00,232494,6707,665,1510,2026|funny|new,watched waste review love,False
YT101948,OFFICIAL Trailer: my Life,Channel_94,Sports,US,2026-04-30,12,2026-04-26 00:00:00,279365,11384,1120,1033,funny|gaming|music,waste thoughts okay underrated best,False
YT101949,Gaming Setup Full Episode | Highlights,Channel_416,Comedy,CA,2026-06-12,2,2026-06-08 00:00:00,120349,6612,525,475,2026|music,terrible worst,False
YT101950,Top 10 Season 5 Moments,Channel_183,People & Blogs,CA,2026-03-25,1,2026-03-24 00:00:00,875005,56547,3542,4735,new|trending|review|gaming,channel thoughts hate review,False
YT101951,New York Full Episode | Highlights,Channel_18,Sports,US,2026-01-19,6,2026-01-19 00:00:00,587175,16131,520,1696,2026|viral,awesome honestly watched,False
YT101952,Season 5 vs Everyone | Full Match,Channel_221,Gaming,GB,2026-02-09,3,2026-02-09 00:00:00,2340532,104150,11978,7605,gaming|trending|funny,channel perfect,False
YT101953,OFFICIAL Trailer: the Final Boss,Channel_153,Sports,CA,2026-02-15,1,2026-02-12 00:00:00,531615,16294,1893,2506,2026|new|viral|funny,watched terrible okay upload comment,False
YT101954,Learn the Championship in 10 Minutes,Channel_415,Film & Animation,AU,2026-04-09,9,2026-04-07 00:00:00,220806,7669,848,1156,highlights|official,goated like,False
YT101955,Learn the Stock Market in 10 Minutes,Channel_259,Music,GB,2026-04-19,4,2026-04-17 00:00:00,37586,1628,141,110,new|gaming|highlights,hate okay fantastic,False
YT101956,OFFICIAL Trailer: the Ocean,Channel_394,People & Blogs,AU,2026-04-17,1,2026-04-14 00:00:00,566009,7469,376,3834,trending|funny,thoughts review fantastic fire,False
YT101957,The Truth About New York,Channel_463,Education,CA,2026-04-29,9,2026-04-29 00:00:00,178837,10198,572,620,review|trending,channel content great unwatchable honestly,False
YT101958,OFFICIAL Trailer: Robots,Channel_128,Music,AU,2026-06-08,7,2026-06-07 00:00:00,437167,25997,1617,2194,gaming|official,underrated trash goated hate,False
YT101959,OFFICIAL Trailer: Budget Travel,Channel_178,Comedy,AU,2026-01-21,14,2026-01-17 00:00:00,311682,16156,555,1002,review|gaming,best comment,False
YT101960,OFFICIAL Trailer: the Final Boss,Channel_216,Gaming,GB,2026-02-22,8,2026-02-19 00:00:00,549833,11625,646,2695,review|funny|official,love goated,True
YT101961,Learn TikTok in 10 Minutes,Channel_460,People & Blogs,CA,2026-01-24,6,2026-01-20 00:00:00,314875,14627,1611,1635,music|viral|trending|new,awful goated,False
YT101962,the Algorithm REACTION,Channel_415,Education,GB,2026-06-02,6,2026-06-02 00:00:00,104095,6091,622,194,funny|music|review,video,False
YT101963,AI vs Everyone | Full Match,Channel_51,People & Blogs,AU,2026-01-06,9,2026-01-02 00:00:00,167844,8134,583,573,music|funny|viral,fantastic amazing,False
YT101964,I Tried my Life For 24 Hours,Channel_219,News & Politics,US,2026-02-02,14,2026-01-31 00:00:00,217619,17093,1174,1145,music|new|trending|2026,like channel terrible amazing,False
YT101965,AI vs Everyone | Full Match,Channel_188,Gaming,IN,2026-01-03,7,2025-12-31 00:00:00,641200,36493,1993,2163,viral|music,fire watched goated content,False
YT101966,How New York Changed Everything,Channel_324,Gaming,CA,2026-04-01,13,2026-04-01 00:00:00,455468,21461,942,1969,trending|official|funny|music,channel review review,False
YT101967,the Universe REACTION,Channel_212,Film & Animation,US,2026-07-08,12,2026-07-08 00:00:00,97847,4329,310,301,2026|viral|gaming,awesome okay amazing,False
YT101968,AI Full Episode | Highlights,Channel_218,Comedy,US,2026-03-12,7,2026-03-09 00:00:00,288227,16130,732,743,gaming|new,fine,False
YT101969,How AI Changed Everything,Channel_147,Science & Technology,AU,2026-08-05,9,2026-08-02 00:00:00,108268,5531,564,725,highlights|viral|2026,upload awesome awesome,False
YT101970,the Ocean REACTION,Channel_241,Music,IN,2026-05-21,7,2026-05-19 00:00:00,258163,19189,1364,1403,review|2026|highlights,excellent boring,False
YT101971,I Tried the Championship For 24 Hours,Channel_254,Gaming,IN,2026-04-09,8,2026-04-07 00:00:00,217703,12278,1209,1094,funny|new|gaming,awesome underrated perfect terrible great channel,False
YT101972,OFFICIAL Trailer: Street Food,Channel_267,Comedy,US,2026-08-22,12,2026-08-19 00:00:00,429487,26487,874,2012,new|official|2026|review,watched terrible upload,False
YT101973,How my Life Changed Everything,Channel_189,Music,CA,2026-04-11,14,2026-04-09 00:00:00,117057,5900,596,445,official|viral,terrible boring waste video,False
YT101974,How the World Cup Changed Everything,Channel_138,Music,CA,2026-02-04,14,2026-01-31 00:00:00,276447,6915,788,763,trending|official|music|review,like awesome,False
YT101975,Top 10 Street Food Moments,Channel_327,Entertainment,US,2026-06-10,11,2026-06-06 00:00:00,580781,18909,1095,2326,highlights|trending,review underrated honestly amazing overrated best,False
YT101976,New York Full Episode | Highlights,Channel_374,News & Politics,AU,2026-01-20,14,2026-01-17 00:00:00,103219,4385,201,401,funny|music|new,content fine,False
YT101977,I Tried New York For 24 Hours,Channel_228,Education,GB,2026-08-16,13,2026-08-14 00:00:00,73617,4035,208,316,highlights|gaming,fantastic perfect love thoughts amazing,False
YT101978,Season 5 vs Everyone | Full Match,Channel_139,Entertainment,AU,2026-01-18,3,2026-01-17 00:00:00,1137675,53926,4078,1453,review|highlights,overrated brilliant comment honestly like,False
YT101979,the Universe Breaking News Update,Channel_313,Gaming,US,2026-01-01,9,2025-12-28 00:00:00,343097,18546,1351,727,funny|music|highlights,fire fantastic,False
YT101980,Top 10 TikTok Moments,Channel_114,Gaming,US,2026-08-20,3,2026-08-17 00:00:00,734819,21636,1168,3303,funny|official|trending,disappointing great unwatchable video watched,False
YT101981,the Algorithm REACTION,Channel_403,Education,CA,2026-03-31,2,2026-03-31 00:00:00,297047,14984,1247,676,new|funny|music,content review great brilliant,False
YT101982,OFFICIAL Trailer: New York,Channel_30,Science & Technology,IN,2026-06-12,11,2026-06-10 00:00:00,646218,27828,917,2132,2026|new|review,incredible flop thoughts best honestly,False
YT101983,I Tried the Algorithm For 24 Hours,Channel_188,Entertainment,GB,2026-05-15,13,2026-05-13 00:00:00,387158,9285,973,2455,funny|viral|music|highlights,video channel content watched awesome perfect,True
YT101984,the Ocean REACTION,Channel_333,Sports,GB,2026-06-12,10,2026-06-09 00:00:00,251205,15501,1146,1144,trending|funny,okay comment thoughts flop like,True
YT101985,my Life Breaking News Update,Channel_201,Entertainment,CA,2026-04-17,8,2026-04-13 00:00:00,145867,6671,651,984,viral|official|trending,content boring,False
YT101986,Street Food - Official Music Video,Channel_490,Entertainment,IN,2026-02-25,4,2026-02-22 00:00:00,873651,69140,6120,2683,music|highlights|funny|2026,cringe okay,False
YT101987,Gaming Setup Full Episode | Highlights,Channel_447,Music,GB,2026-07-05,11,2026-07-03 00:00:00,452793,32012,2912,1788,funny|2026|viral|gaming,fine excellent great channel goated,False
YT101988,the Championship REACTION,Channel_498,People & Blogs,IN,2026-06-19,13,2026-06-15 00:00:00,77011,3727,378,241,music|highlights,channel fine review fine fine,False
YT101989,the Championship Live Performance 2026,Channel_345,Comedy,IN,2026-06-13,14,2026-06-10 00:00:00,604797,19756,660,1894,new|official|music|gaming,honestly terrible fantastic,False
YT101990,Season 5 Full Episode | Highlights,Channel_92,People & Blogs,CA,2026-03-18,5,2026-03-16 00:00:00,712362,34525,2174,2542,official|trending|funny|highlights,watched this video,False
YT101991,Robots vs Everyone | Full Match,Channel_362,News & Politics,AU,2026-02-20,3,2026-02-18 00:00:00,96794,3022,149,478,music|review|gaming,underrated upload thoughts channel okay boring underrated terrible,False
YT101992,Learn the Stock Market in 10 Minutes,Channel_292,Music,CA,2026-05-12,2,2026-05-09 00:00:00,200491,10458,713,126,2026|trending,video content watched,False
YT101993,How Robots Changed Everything,Channel_57,Entertainment,CA,2026-04-24,9,2026-04-24 00:00:00,420123,16726,1830,1644,viral|2026,okay trash awesome unwatchable review flop channel like underrated,False
YT101994,OFFICIAL Trailer: the Ocean,Channel_303,Comedy,CA,2026-06-02,13,2026-05-30 00:00:00,411336,34759,4170,2006,highlights|gaming|official|funny,fine watched amazing,False
YT101995,Learn Street Food in 10 Minutes,Channel_123,Gaming,AU,2026-05-30,8,2026-05-29 00:00:00,200871,11496,781,484,funny|official,okay thoughts disappointing honestly,False
YT101996,the Final Boss Breaking News Update,Channel_450,People & Blogs,IN,2026-03-15,7,2026-03-12 00:00:00,64173,4145,213,242,gaming|2026|review,video watched,False
YT101997,Top 10 my Life Moments,Channel_304,Entertainment,AU,2026-05-17,5,2026-05-13 00:00:00,97851,4259,359,282,official|new|viral,waste flop,False
YT101998,The Truth About AI,Channel_465,Science & Technology,GB,2026-06-01,3,2026-06-01 00:00:00,232191,8485,448,1588,2026|review|trending|music,fire review,False
YT101999,OFFICIAL Trailer: the Algorithm,Channel_136,Comedy,GB,2026-06-10,13,2026-06-09 00:00:00,391763,18882,1061,1559,gaming|viral|2026,honestly honestly comment okay,False
YT102000,The Truth About Robots,Channel_357,Gaming,AU,2026-06-24,5,2026-06-20 00:00:00,443107,32774,3197,2029,official|trending|new|gaming,upload,False
YT102001,Learn Gaming Setup in 10 Minutes,Channel_304,People & Blogs,IN,2026-06-06,1,2026-06-06 00:00:00,481506,28526,1819,3048,official|funny|viral,waste okay incredible fine worst fine,False
YT102002,New York - Official Music Video,Channel_407,Sports,GB,2026-08-03,10,2026-08-01 00:00:00,319149,15720,1856,884,trending|music|new|official,channel brilliant,False
YT102003,Top 10 the Final Boss Moments,Channel_431,Gaming,US,2026-07-07,1,2026-07-06 00:00:00,274944,7497,429,1007,viral|official|2026,incredible fire incredible,False
YT102004,the World Cup vs Everyone | Full Match,Channel_126,People & Blogs,CA,2026-06-06,8,2026-06-03 00:00:00,227162,10828,975,1495,funny|2026|new,content thoughts honestly,False
YT102005,the Final Boss - Official Music Video,Channel_262,Entertainment,GB,2026-03-09,9,2026-03-08 00:00:00,120430,7447,871,575,gaming|new,fire awful best comment thoughts okay,False
YT102006,How the Ocean Changed Everything,Channel_278,Comedy,CA,2026-08-03,7,2026-08-02 00:00:00,61689,2595,188,227,new|highlights,perfect,False
YT102007,the Algorithm Live Performance 2026,Channel_70,Education,CA,2026-05-01,4,2026-04-29 00:00:00,154807,9653,1144,830,music|2026|new|highlights,fire upload video channel fantastic,False
YT102008,Street Food vs Everyone | Full Match,Channel_357,Education,CA,2026-06-26,4,2026-06-26 00:00:00,381533,4331,147,1271,new|official,amazing perfect,False
YT102009,How Budget Travel Changed Everything,Channel_131,Comedy,IN,2026-01-16,1,2026-01-15 00:00:00,554012,36923,1766,763,viral|official|new,waste,False
YT102010,OFFICIAL Trailer: Season 5,Channel_257,Film & Animation,AU,2026-01-15,5,2026-01-11 00:00:00,539429,34244,1948,2963,trending|new,upload goated,False
YT102011,Top 10 TikTok Moments,Channel_465,Gaming,CA,2026-08-04,14,2026-07-31 00:00:00,361148,9184,982,1613,highlights|music|2026,best boring honestly channel goated okay,False
YT102012,Learn the Championship in 10 Minutes,Channel_233,News & Politics,GB,2026-03-30,6,2026-03-30 00:00:00,451702,21340,800,2380,music|new,underrated content content fine like,False
YT102013,the Universe Breaking News Update,Channel_294,Music,IN,2026-07-25,2,2026-07-24 00:00:00,512295,23060,1300,2740,music|trending|highlights|funny,brilliant awesome,False
YT102014,How TikTok Changed Everything,Channel_94,Film & Animation,CA,2026-06-03,11,2026-05-31 00:00:00,169715,6648,665,722,highlights|review,channel like fantastic goated,False
YT102015,Gaming Setup Full Episode | Highlights,Channel_168,News & Politics,US,2026-04-20,11,2026-04-17 00:00:00,262004,4708,379,812,music|official|gaming|viral,like upload goated best,False
YT102016,Learn the Final Boss in 10 Minutes,Channel_274,People & Blogs,CA,2026-05-26,13,2026-05-26 00:00:00,125638,5487,386,466,music|new|viral,disappointing like honestly video underrated brilliant excellent comment like fantastic,False
YT102017,Top 10 Season 5 Moments,Channel_142,Education,US,2026-02-06,8,2026-02-05 00:00:00,204805,13658,568,642,2026|gaming|music,amazing,False
YT102018,Learn New York in 10 Minutes,Channel_303,Comedy,AU,2026-04-30,5,2026-04-30 00:00:00,927482,22564,1200,3825,review|music|viral,amazing honestly honestly,False
YT102019,Learn the World Cup in 10 Minutes,Channel_141,Film & Animation,IN,2026-04-05,2,2026-04-03 00:00:00,292621,23392,2519,392,2026|trending|funny|highlights,like video excellent best great fine upload,False
YT102020,the Stock Market Full Episode | Highlights,Channel_436,Music,AU,2026-06-19,11,2026-06-18 00:00:00,1417330,75983,4930,7741,official|viral,comment like great,False
YT102021,the Championship - Official Music Video,Channel_277,Science & Technology,US,2026-07-12,14,2026-07-10 00:00:00,74271,3379,133,353,trending|review|new|music,flop comment video amazing upload,False
YT102022,AI vs Everyone | Full Match,Channel_327,Science & Technology,CA,2026-06-25,2,2026-06-22 00:00:00,150279,5175,337,507,2026|new,watched content,False
YT102023,Robots - Official Music Video,Channel_160,Entertainment,GB,2026-03-19,3,2026-03-16 00:00:00,500351,26842,993,2438,funny|2026|music,video underrated love great,False
YT102024,OFFICIAL Trailer: the Ocean,Channel_462,Gaming,GB,2026-08-03,10,2026-07-30 00:00:00,648972,14958,646,358,new|trending,love comment,False
YT102025,Budget Travel Full Episode | Highlights,Channel_376,Entertainment,CA,2026-05-07,9,2026-05-03 00:00:00,486467,15935,1907,1718,highlights|new,great content worst overrated thoughts,False
YT102026,Learn Street Food in 10 Minutes,Channel_70,News & Politics,AU,2026-06-21,5,2026-06-20 00:00:00,288536,9036,746,1184,new|highlights|trending,excellent best watched review like,False
YT102027,OFFICIAL Trailer: Street Food,Channel_87,Music,IN,2026-07-12,1,2026-07-10 00:00:00,614031,20019,1552,3073,funny|viral|music|trending,amazing upload fine like review brilliant,False
YT102028,I Tried my Life For 24 Hours,Channel_2,Sports,US,2026-03-08,6,2026-03-04 00:00:00,431311,14712,1353,1937,music|viral|trending,thoughts flop watched disappointing video worst incredible,False
YT102029,Season 5 Live Performance 2026,Channel_11,Gaming,CA,2026-08-09,9,2026-08-08 00:00:00,1667567,90621,3514,4571,music|gaming,okay excellent,False
YT102030,OFFICIAL Trailer: the World Cup,Channel_13,Music,IN,2026-05-23,7,2026-05-20 00:00:00,75369,2603,140,288,highlights|2026|funny,cringe content okay fine disappointing best flop,False
YT102031,Learn the Universe in 10 Minutes,Channel_203,People & Blogs,US,2026-05-12,12,2026-05-12 00:00:00,619704,13818,1288,1664,music|new|review,brilliant brilliant hate fine comment upload fantastic,False
YT102032,the Universe - Official Music Video,Channel_122,Science & Technology,US,2026-01-04,6,2026-01-01 00:00:00,148206,7323,439,574,official|viral,video flop brilliant great channel,False
YT102033,the Championship Live Performance 2026,Channel_118,Music,GB,2026-04-20,5,2026-04-20 00:00:00,531342,25731,2905,2678,viral|trending,goated incredible,False
YT102034,Street Food REACTION,Channel_44,Entertainment,IN,2026-08-20,14,2026-08-16 00:00:00,244471,17609,769,1201,review|funny,unwatchable cringe brilliant terrible review,False
YT102035,the World Cup Breaking News Update,Channel_284,Film & Animation,AU,2026-06-21,8,2026-06-17 00:00:00,229111,6326,582,1223,2026|viral,awful like honestly fine thoughts,False
YT102036,the World Cup Full Episode | Highlights,Channel_301,People & Blogs,IN,2026-07-14,10,2026-07-11 00:00:00,395531,22257,980,1553,2026|gaming,review okay,False
YT102037,OFFICIAL Trailer: the Championship,Channel_398,People & Blogs,AU,2026-01-29,6,2026-01-26 00:00:00,224402,11773,926,946,gaming|highlights|new,boring fire fine channel comment amazing,False
YT102038,the Championship vs Everyone | Full Match,Channel_221,Entertainment,CA,2026-07-14,8,2026-07-12 00:00:00,282323,15395,1746,1091,funny|highlights|gaming,watched incredible honestly worst awful watched,False
YT102039,AI Full Episode | Highlights,Channel_205,Music,IN,2026-06-30,11,2026-06-29 00:00:00,228441,14443,890,875,official|gaming|2026|highlights,thoughts fire awful,False
YT102040,The Truth About the Universe,Channel_317,Gaming,IN,2026-05-04,5,2026-05-02 00:00:00,521198,34668,2676,1712,music|2026,okay okay comment,False
YT102041,Learn Robots in 10 Minutes,Channel_73,Sports,CA,2026-07-09,6,2026-07-07 00:00:00,335288,16013,962,1613,2026|highlights|review,excellent,False
YT102042,Learn the Universe in 10 Minutes,Channel_402,Gaming,GB,2026-03-10,11,2026-03-09 00:00:00,169499,8767,1047,888,highlights|viral,disappointing content waste fantastic,False
YT102043,Top 10 Gaming Setup Moments,Channel_425,Music,GB,2026-06-25,10,2026-06-22 00:00:00,738547,28664,2571,2229,gaming|new,boring goated okay content boring,False
YT102044,I Tried the Stock Market For 24 Hours,Channel_297,Entertainment,CA,2026-04-10,10,2026-04-07 00:00:00,672874,57023,3696,2394,2026|official|viral|gaming,watched fire thoughts,False
YT102045,Learn the Algorithm in 10 Minutes,Channel_308,People & Blogs,AU,2026-03-24,2,2026-03-20 00:00:00,144575,7203,305,643,funny|highlights|gaming|review,fire channel okay fine,False
YT102046,the Ocean vs Everyone | Full Match,Channel_298,News & Politics,IN,2026-07-31,4,2026-07-29 00:00:00,525853,16909,938,2320,viral|review|new|music,excellent incredible great fine video,False
YT102047,Top 10 Season 5 Moments,Channel_16,Sports,IN,2026-05-17,4,2026-05-13 00:00:00,295988,8642,883,794,funny|highlights,review watched,False
YT102048,the World Cup vs Everyone | Full Match,Channel_397,News & Politics,US,2026-02-21,9,2026-02-18 00:00:00,453147,2265,90,2506,trending|gaming|highlights|review,like goated watched,False
YT102049,the Final Boss vs Everyone | Full Match,Channel_494,Entertainment,CA,2026-04-17,3,2026-04-17 00:00:00,378691,18503,1700,2074,2026|gaming,best thoughts okay thoughts fine review content awful,False
YT102050,New York - Official Music Video,Channel_382,Sports,IN,2026-07-19,1,2026-07-16 00:00:00,246078,9358,575,689,trending|viral|highlights,honestly brilliant,False
YT102051,How the Ocean Changed Everything,Channel_481,Sports,AU,2026-07-09,4,2026-07-06 00:00:00,1134182,31432,2463,4303,review|highlights|viral|new,unwatchable honestly excellent,False
YT102052,New York REACTION,Channel_10,Gaming,AU,2026-02-13,7,2026-02-10 00:00:00,291755,12754,637,1640,funny|2026,thoughts underrated fantastic like okay incredible fire,False
YT102053,Learn the Final Boss in 10 Minutes,Channel_126,Education,CA,2026-04-08,5,2026-04-07 00:00:00,64353,3453,317,395,highlights|viral,channel fire,False
YT102054,I Tried the Universe For 24 Hours,Channel_279,Music,IN,2026-08-27,13,2026-08-23 00:00:00,789718,16575,773,2648,new|highlights|trending|review,fine trash great excellent review unwatchable content okay,False
YT102055,Learn the Stock Market in 10 Minutes,Channel_123,Music,GB,2026-01-25,9,2026-01-22 00:00:00,502857,26827,1163,2470,highlights|funny,terrible awful like,False
YT102056,I Tried TikTok For 24 Hours,Channel_458,Comedy,US,2026-03-18,7,2026-03-15 00:00:00,674477,21589,1776,2722,highlights|music|funny,review comment channel,False
YT102057,the Universe REACTION,Channel_95,Science & Technology,IN,2026-08-11,10,2026-08-10 00:00:00,123462,7322,796,350,2026|highlights|gaming|viral,great content brilliant fine fantastic waste,False
YT102058,New York Full Episode | Highlights,Channel_66,Science & Technology,AU,2026-07-19,2,2026-07-15 00:00:00,25938,224,24,61,viral|new,goated okay,False
YT102059,the Championship vs Everyone | Full Match,Channel_221,Entertainment,US,2026-08-16,1,2026-08-15 00:00:00,738074,47952,1635,2538,funny|gaming|highlights|official,amazing channel incredible best content like awesome channel review channel,False
YT102060,the Universe vs Everyone | Full Match,Channel_175,Film & Animation,IN,2026-05-26,12,2026-05-25 00:00:00,198089,5750,579,970,funny|trending,watched this video,False
YT102061,the Stock Market Breaking News Update,Channel_131,Sports,GB,2026-06-20,3,2026-06-19 00:00:00,140982,1782,161,557,music|highlights,best watched awesome unwatchable like trash,False
YT102062,The Truth About the Championship,Channel_448,Gaming,AU,2026-02-27,14,2026-02-24 00:00:00,789107,48675,5184,3453,official|viral|gaming|highlights,worst honestly like flop,False
YT102063,Robots - Official Music Video,Channel_237,Film & Animation,IN,2026-06-27,5,2026-06-23 00:00:00,410840,15857,1140,3236,music|2026,amazing best best review,False
YT102064,AI REACTION,Channel_34,News & Politics,GB,2026-04-02,13,2026-03-29 00:00:00,188651,4446,386,632,review|viral|official|gaming,amazing okay content okay,False
YT102065,the Final Boss - Official Music Video,Channel_127,Entertainment,IN,2026-01-15,14,2026-01-12 00:00:00,1259490,45516,5010,4640,funny|trending,terrible fantastic awesome fine love channel,False
YT102066,OFFICIAL Trailer: Season 5,Channel_200,Education,IN,2026-08-16,2,2026-08-13 00:00:00,82905,4388,266,296,music|new|gaming|official,love brilliant fine honestly excellent,False
YT102067,the Universe Full Episode | Highlights,Channel_161,Gaming,AU,2026-02-25,5,2026-02-23 00:00:00,457910,19716,827,1987,2026|highlights|official,underrated great,False
YT102068,my Life Full Episode | Highlights,Channel_9,News & Politics,AU,2026-04-24,9,2026-04-21 00:00:00,346998,21459,1288,1832,music|trending,brilliant fine okay,False
YT102069,Street Food Full Episode | Highlights,Channel_191,News & Politics,AU,2026-08-28,10,2026-08-26 00:00:00,412491,30445,1893,2785,new|highlights|viral,trash watched love,False
YT102070,OFFICIAL Trailer: the World Cup,Channel_25,Music,AU,2026-03-14,14,2026-03-11 00:00:00,722812,16343,1000,1729,official|new|viral,review flop upload flop awesome like,False
YT102071,the World Cup vs Everyone | Full Match,Channel_441,Comedy,GB,2026-03-17,8,2026-03-17 00:00:00,196033,11533,1236,361,2026|viral|funny,incredible fire boring video,False
YT102072,AI REACTION,Channel_127,Film & Animation,US,2026-05-31,5,2026-05-30 00:00:00,771319,11305,419,2083,viral|trending|official|review,goated like fire,False
YT102073,the Stock Market vs Everyone | Full Match,Channel_278,Sports,GB,2026-08-17,14,2026-08-13 00:00:00,68138,4143,398,209,gaming|review,flop unwatchable watched brilliant honestly brilliant,False
YT102074,Budget Travel Live Performance 2026,Channel_265,Entertainment,CA,2026-01-08,3,2026-01-04 00:00:00,1149287,52880,2488,4093,funny|review|highlights,channel cringe thoughts like,False
YT102075,Learn the Stock Market in 10 Minutes,Channel_365,Gaming,GB,2026-05-01,12,2026-05-01 00:00:00,284866,9861,352,1286,highlights|new|official|review,best worst honestly review brilliant brilliant,False
YT102076,The Truth About the Stock Market,Channel_329,Entertainment,US,2026-04-20,7,2026-04-16 00:00:00,1547169,81999,9273,8890,new|highlights|viral|gaming,upload incredible great okay channel,False
YT102077,The Truth About New York,Channel_113,Film & Animation,GB,2026-02-23,10,2026-02-23 00:00:00,146996,10223,420,960,trending|new|funny|review,underrated upload,False
YT102078,Learn Season 5 in 10 Minutes,Channel_163,Film & Animation,CA,2026-04-19,1,2026-04-18 00:00:00,439907,16307,1775,1907,review|funny,content great trash underrated comment disappointing fine,False
YT102079,Street Food Full Episode | Highlights,Channel_341,People & Blogs,AU,2026-07-13,7,2026-07-10 00:00:00,380127,3264,258,1289,music|highlights|trending|gaming,review channel thoughts honestly,False
YT102080,the Final Boss Full Episode | Highlights,Channel_206,People & Blogs,AU,2026-03-16,13,2026-03-12 00:00:00,115416,3075,122,23,2026|funny|highlights,great content comment fine comment review overrated,False
YT102081,Top 10 Robots Moments,Channel_35,Science & Technology,GB,2026-06-21,12,2026-06-21 00:00:00,29737,494,44,82,viral|music,thoughts best great thoughts like,False
YT102082,Gaming Setup Live Performance 2026,Channel_312,Music,US,2026-01-02,5,2026-01-01 00:00:00,80721,4109,482,168,official|viral|2026|music,honestly fantastic comment great,False
YT102083,New York - Official Music Video,Channel_472,Education,CA,2026-06-04,3,2026-06-03 00:00:00,129354,5277,520,845,2026|official|new|highlights,like review great,False
YT102084,the Stock Market Full Episode | Highlights,Channel_71,Film & Animation,AU,2026-08-08,10,2026-08-06 00:00:00,153092,5928,527,481,gaming|official|funny,great brilliant fantastic channel excellent,False
YT102085,Season 5 Live Performance 2026,Channel_145,Music,AU,2026-01-16,2,2026-01-16 00:00:00,523414,15534,1576,2077,review|trending,upload honestly,False
YT102086,Gaming Setup Full Episode | Highlights,Channel_100,Sports,IN,2026-04-03,10,2026-03-31 00:00:00,308089,13798,1331,1095,new|review|viral,great watched underrated okay,False
YT102087,Top 10 Robots Moments,Channel_266,News & Politics,US,2026-03-16,4,2026-03-12 00:00:00,93997,5482,166,360,review|funny|trending,fire content honestly comment,False
YT102088,Budget Travel vs Everyone | Full Match,Channel_258,News & Politics,AU,2026-03-12,2,2026-03-11 00:00:00,303973,13453,821,1271,gaming|new|music,unwatchable watched honestly boring,False
YT102089,The Truth About the Championship,Channel_403,Film & Animation,GB,2026-08-08,7,2026-08-08 00:00:00,10922,530,32,26,highlights|official|trending|music,disappointing love amazing perfect fire amazing,False
YT102090,Learn the Championship in 10 Minutes,Channel_247,Science & Technology,AU,2026-01-06,13,2026-01-04 00:00:00,661544,37401,3523,3266,review|highlights,watched cringe thoughts honestly,False
YT102091,the Ocean vs Everyone | Full Match,Channel_9,Music,IN,2026-04-30,6,2026-04-26 00:00:00,303913,22624,1684,802,highlights|music|official|2026,okay like content upload amazing okay perfect honestly underrated video,False
YT102092,TikTok vs Everyone | Full Match,Channel_460,Music,CA,2026-01-04,2,2025-12-31 00:00:00,348841,12169,443,771,funny|trending|viral,brilliant content,False
YT102093,Gaming Setup Breaking News Update,Channel_40,Entertainment,GB,2026-02-10,11,2026-02-08 00:00:00,641109,13363,401,2028,music|trending|2026,watched hate review worst goated,False
YT102094,The Truth About the Universe,Channel_397,Film & Animation,AU,2026-03-30,13,2026-03-29 00:00:00,881642,54081,2147,2523,viral|2026|music|funny,thoughts brilliant goated upload fine,False
YT102095,the World Cup - Official Music Video,Channel_456,Science & Technology,US,2026-01-16,11,2026-01-16 00:00:00,69564,3289,390,202,highlights|2026,channel okay awesome excellent comment honestly,False
YT102096,I Tried AI For 24 Hours,Channel_276,People & Blogs,US,2026-04-30,5,2026-04-27 00:00:00,406416,12407,819,2088,viral|funny,perfect love cringe,False
YT102097,Top 10 the Universe Moments,Channel_331,Gaming,AU,2026-05-28,12,2026-05-24 00:00:00,408772,13272,904,1515,new|music|viral,best love video,False
YT102098,Street Food REACTION,Channel_256,Entertainment,CA,2026-08-09,3,2026-08-07 00:00:00,699503,28765,2151,1576,2026|music|highlights,like best fire video amazing like,False
YT102099,the Championship REACTION,Channel_293,Entertainment,CA,2026-02-27,13,2026-02-26 00:00:00,972401,51069,5787,1972,music|highlights|trending,goated comment boring trash content okay,False
YT102100,I Tried the Final Boss For 24 Hours,Channel_251,News & Politics,GB,2026-04-04,3,2026-03-31 00:00:00,325495,16948,959,97,music|gaming|new|trending,love amazing,False
YT102101,TikTok Full Episode | Highlights,Channel_40,News & Politics,IN,2026-06-17,2,2026-06-15 00:00:00,263953,8773,831,1457,review|trending|funny|music,review goated disappointing unwatchable,False
YT102102,The Truth About the Championship,Channel_205,Music,IN,2026-08-06,2,2026-08-06 00:00:00,448570,31380,968,1369,trending|new|viral,okay unwatchable content awesome waste,False
YT102103,the Ocean - Official Music Video,Channel_397,Gaming,AU,2026-01-20,12,2026-01-20 00:00:00,970273,40455,1781,8111,review|gaming,flop fine cringe review like,False
YT102104,I Tried Gaming Setup For 24 Hours,Channel_88,News & Politics,GB,2026-07-26,11,2026-07-25 00:00:00,82715,4419,430,60,new|gaming|trending,love fine amazing great content,False
YT102105,The Truth About the Algorithm,Channel_174,Education,IN,2026-01-01,12,2025-12-28 00:00:00,429998,20815,1583,2003,trending|2026|viral,fine unwatchable like brilliant unwatchable,False
YT102106,The Truth About TikTok,Channel_389,Gaming,GB,2026-04-29,8,2026-04-26 00:00:00,300571,7580,680,1145,trending|official,honestly underrated channel content,False
YT102107,OFFICIAL Trailer: Gaming Setup,Channel_375,Education,CA,2026-05-09,14,2026-05-05 00:00:00,269587,8429,466,1041,new|official|gaming,flop excellent worst,False
YT102108,Learn the Ocean in 10 Minutes,Channel_73,Education,GB,2026-06-04,2,2026-06-01 00:00:00,485639,26182,2376,2234,highlights|2026,okay honestly unwatchable trash perfect underrated awesome,False
YT102109,Top 10 AI Moments,Channel_125,People & Blogs,US,2026-04-07,10,2026-04-06 00:00:00,82581,4869,393,230,2026|official|review,fine underrated fine video channel content fine fine,False
YT102110,the Ocean Full Episode | Highlights,Channel_348,News & Politics,AU,2026-05-12,11,2026-05-11 00:00:00,600162,16524,802,2090,gaming|2026,content brilliant incredible,False
YT102111,TikTok Live Performance 2026,Channel_151,Music,IN,2026-02-15,9,2026-02-15 00:00:00,1251104,47351,2608,4950,new|music|viral,like,False
YT102112,Top 10 Robots Moments,Channel_63,Music,US,2026-06-08,10,2026-06-05 00:00:00,572055,19332,2286,1806,2026|music|funny,awful unwatchable okay love like,False
YT102113,I Tried TikTok For 24 Hours,Channel_415,Entertainment,GB,2026-01-25,9,2026-01-23 00:00:00,468361,24105,2688,1022,funny|new,channel love okay love,False
YT102114,the Stock Market Full Episode | Highlights,Channel_306,People & Blogs,IN,2026-01-02,3,2026-01-01 00:00:00,276941,13452,736,1201,review|viral|music|official,upload fantastic fire channel fantastic,False
YT102115,How New York Changed Everything,Channel_162,News & Politics,GB,2026-04-12,13,2026-04-12 00:00:00,530484,29291,2944,1726,gaming|trending|music|official,fine great excellent,False
YT102116,Budget Travel Live Performance 2026,Channel_406,Education,AU,2026-07-20,10,2026-07-16 00:00:00,283629,18142,1748,657,review|highlights|2026|funny,great watched incredible goated,False
YT102117,Robots vs Everyone | Full Match,Channel_218,People & Blogs,CA,2026-01-11,9,2026-01-09 00:00:00,191483,10282,956,614,new|2026,content great,False
YT102118,Budget Travel - Official Music Video,Channel_465,Music,US,2026-05-27,6,2026-05-23 00:00:00,468051,33730,1855,561,funny|new|review|gaming,okay video,False
YT102119,Top 10 Gaming Setup Moments,Channel_96,Film & Animation,US,2026-04-14,1,2026-04-13 00:00:00,212756,7563,626,821,highlights|funny|review|music,like trash,False
YT102120,The Truth About AI,Channel_332,Sports,US,2026-01-28,4,2026-01-26 00:00:00,702237,25868,863,2751,music|new,review overrated comment honestly perfect upload perfect,False
YT102121,How the Final Boss Changed Everything,Channel_1,Comedy,CA,2026-01-15,4,2026-01-13 00:00:00,410649,21122,754,1857,highlights|music,content goated thoughts great unwatchable perfect,False
YT102122,TikTok REACTION,Channel_495,Gaming,CA,2026-06-19,4,2026-06-18 00:00:00,147622,6488,265,714,2026|new|official|music,incredible content fine comment,False
YT102123,Street Food vs Everyone | Full Match,Channel_348,Sports,AU,2026-07-08,11,2026-07-07 00:00:00,377250,25272,1915,800,official|new|music,awful great watched cringe,True
YT102124,Top 10 the Championship Moments,Channel_483,Science & Technology,CA,2026-03-09,5,2026-03-06 00:00:00,262908,14829,913,247,music|trending|official,upload brilliant worst waste awesome video trash,False
YT102125,the Ocean - Official Music Video,Channel_53,Science & Technology,IN,2026-03-07,14,2026-03-07 00:00:00,225319,16895,1717,922,new|official|gaming|review,watched,False
YT102126,Robots - Official Music Video,Channel_241,Music,US,2026-01-13,10,2026-01-10 00:00:00,722018,37185,3905,3659,highlights|official|funny,honestly awful boring honestly,False
YT102127,The Truth About Street Food,Channel_141,Gaming,IN,2026-07-23,12,2026-07-23 00:00:00,397268,13113,605,194,music|new|highlights,review,False
YT102128,Learn Street Food in 10 Minutes,Channel_267,Entertainment,GB,2026-04-23,13,2026-04-22 00:00:00,539177,27295,3156,1030,funny|music|review,incredible overrated perfect comment excellent like content perfect boring trash,False
YT102129,the Ocean REACTION,Channel_473,Education,AU,2026-07-06,12,2026-07-04 00:00:00,452076,16399,1270,748,funny|new|music|trending,channel unwatchable boring trash thoughts,False
YT102130,Top 10 the Algorithm Moments,Channel_52,Education,GB,2026-05-25,1,2026-05-25 00:00:00,354864,19134,1592,1016,official|2026|viral|trending,watched perfect cringe watched honestly,False
YT102131,I Tried AI For 24 Hours,Channel_441,Sports,AU,2026-03-09,12,2026-03-07 00:00:00,535167,17348,1504,1459,official|music|funny|trending,fire,False
YT102132,Gaming Setup vs Everyone | Full Match,Channel_432,Comedy,US,2026-01-28,6,2026-01-24 00:00:00,280416,10858,453,740,highlights|2026,best okay trash worst,False
YT102133,Gaming Setup - Official Music Video,Channel_309,People & Blogs,GB,2026-01-23,4,2026-01-19 00:00:00,178051,5467,482,807,music|gaming|funny|viral,brilliant comment okay upload,False
YT102134,the Algorithm Full Episode | Highlights,Channel_211,Entertainment,IN,2026-08-09,12,2026-08-08 00:00:00,112055,3229,186,551,new|music|review,comment comment goated worst great upload,False
YT102135,Street Food REACTION,Channel_173,Science & Technology,CA,2026-05-10,8,2026-05-08 00:00:00,189718,6973,320,564,2026|viral|trending|official,review comment love goated amazing love,False
YT102136,the Championship Full Episode | Highlights,Channel_335,Sports,CA,2026-07-21,13,2026-07-21 00:00:00,535399,19209,918,1670,gaming|official,thoughts great fantastic,False
YT102137,Learn Season 5 in 10 Minutes,Channel_259,People & Blogs,GB,2026-01-10,6,2026-01-06 00:00:00,46780,2303,237,171,music|viral,upload waste,False
YT102138,OFFICIAL Trailer: the World Cup,Channel_202,Sports,IN,2026-01-17,6,2026-01-13 00:00:00,580151,22584,988,1567,2026|trending,thoughts perfect,False
YT102139,I Tried Season 5 For 24 Hours,Channel_241,Comedy,CA,2026-07-30,6,2026-07-29 00:00:00,1614305,64433,3042,4984,highlights|funny|new,watched honestly incredible,False
YT102140,Top 10 Budget Travel Moments,Channel_363,Music,US,2026-03-22,4,2026-03-21 00:00:00,416186,12744,1228,1223,gaming|review|funny,honestly honestly comment content awesome,False
YT102141,I Tried Gaming Setup For 24 Hours,Channel_164,Music,US,2026-02-24,6,2026-02-20 00:00:00,366713,17923,683,833,review|highlights|trending|2026,honestly best love like comment,False
YT102142,TikTok Full Episode | Highlights,Channel_183,Education,IN,2026-03-13,4,2026-03-12 00:00:00,41829,1441,65,151,music|funny|trending|gaming,perfect fire okay,False
YT102143,The Truth About the Final Boss,Channel_269,Gaming,IN,2026-07-28,13,2026-07-25 00:00:00,632600,30230,2422,1848,viral|music|trending|new,waste,False
YT102144,I Tried the Universe For 24 Hours,Channel_212,Film & Animation,IN,2026-05-27,12,2026-05-25 00:00:00,739560,25993,929,3134,official|2026|music|funny,watched this video,False
YT102145,How Gaming Setup Changed Everything,Channel_63,Entertainment,US,2026-01-08,10,2026-01-07 00:00:00,210885,12305,1051,1170,music|official|gaming,channel fantastic like,False
YT102146,the Stock Market Full Episode | Highlights,Channel_157,Entertainment,GB,2026-03-04,9,2026-02-28 00:00:00,97645,4666,557,449,funny|2026,incredible excellent great fire flop,False
YT102147,The Truth About New York,Channel_461,Film & Animation,AU,2026-02-23,12,2026-02-23 00:00:00,315884,15790,751,1067,official|2026|viral|music,amazing watched,False
YT102148,The Truth About TikTok,Channel_48,Film & Animation,CA,2026-08-16,6,2026-08-12 00:00:00,444268,20775,2030,1605,highlights|2026,fine comment,False
YT102149,Learn TikTok in 10 Minutes,Channel_56,Education,IN,2026-08-06,14,2026-08-03 00:00:00,249757,12469,1028,251,new|highlights,content upload excellent awesome,False
YT102150,OFFICIAL Trailer: Budget Travel,Channel_429,Film & Animation,US,2026-07-16,3,2026-07-12 00:00:00,291920,10427,535,772,funny|highlights,like video hate video,False
YT102151,OFFICIAL Trailer: Season 5,Channel_68,Gaming,US,2026-03-08,3,2026-03-07 00:00:00,1188233,67251,3711,1341,review|viral,watched watched underrated comment upload,False
YT102152,I Tried the World Cup For 24 Hours,Channel_368,Entertainment,IN,2026-05-02,1,2026-04-28 00:00:00,555458,45150,3137,3850,music|trending,video awful upload best awful review amazing,False
YT102153,Gaming Setup - Official Music Video,Channel_462,Sports,CA,2026-04-08,1,2026-04-04 00:00:00,539783,16728,1604,1570,viral|2026,watched brilliant flop brilliant comment,False
YT102154,OFFICIAL Trailer: Budget Travel,Channel_465,Music,GB,2026-05-06,14,2026-05-06 00:00:00,1561585,65722,6157,3101,review|trending|highlights|official,upload unwatchable best love fantastic cringe like watched underrated,False
YT102155,OFFICIAL Trailer: Budget Travel,Channel_453,Music,CA,2026-01-16,14,2026-01-14 00:00:00,862595,49883,5867,2353,viral|highlights|official|gaming,channel terrible thoughts goated content like boring content incredible love fire channel amazing,False
YT102156,my Life - Official Music Video,Channel_185,Entertainment,GB,2026-03-27,13,2026-03-27 00:00:00,449475,15114,1587,2132,review|gaming,amazing honestly brilliant comment,False
YT102157,OFFICIAL Trailer: my Life,Channel_124,Film & Animation,IN,2026-01-15,10,2026-01-15 00:00:00,419173,22842,1438,1933,highlights|official,worst okay fantastic hate comment,False
YT102158,Top 10 Budget Travel Moments,Channel_232,Music,CA,2026-07-21,12,2026-07-18 00:00:00,755092,13431,1327,4645,new|viral|funny|review,fine best,False
YT102159,Season 5 Live Performance 2026,Channel_139,Entertainment,GB,2026-05-24,6,2026-05-20 00:00:00,53060,1702,134,120,viral|funny|music,content,False
YT102160,Learn Budget Travel in 10 Minutes,Channel_155,Sports,US,2026-01-04,11,2026-01-04 00:00:00,477577,19377,2044,2611,2026|gaming,upload underrated best upload cringe,False
YT102161,The Truth About my Life,Channel_1,Music,US,2026-02-22,14,2026-02-21 00:00:00,1515488,72491,4878,5696,new|2026,perfect amazing excellent,False
YT102162,the World Cup Full Episode | Highlights,Channel_487,Science & Technology,US,2026-05-22,5,2026-05-19 00:00:00,161227,5731,328,524,highlights|music|gaming,honestly perfect content disappointing flop watched,False
YT102163,Learn Gaming Setup in 10 Minutes,Channel_127,Film & Animation,AU,2026-02-17,2,2026-02-16 00:00:00,124909,4318,406,555,official|viral|highlights,love comment comment upload fantastic brilliant amazing,False
YT102164,Street Food Live Performance 2026,Channel_493,Entertainment,GB,2026-05-22,14,2026-05-20 00:00:00,355376,24102,781,1318,music|viral|official|funny,fine worst disappointing perfect fire okay,False
YT102165,Learn my Life in 10 Minutes,Channel_237,Gaming,CA,2026-06-27,1,2026-06-26 00:00:00,482363,31368,3147,2575,gaming|2026,okay,False
YT102166,TikTok - Official Music Video,Channel_173,Comedy,CA,2026-06-25,3,2026-06-25 00:00:00,296860,7526,899,1437,trending|funny|music|highlights,watched okay best review fine trash honestly love,False
YT102167,How the Stock Market Changed Everything,Channel_82,Entertainment,IN,2026-06-20,1,2026-06-19 00:00:00,266083,17891,635,1438,2026|funny|highlights,okay upload incredible,False
YT102168,the Championship vs Everyone | Full Match,Channel_253,Music,US,2026-07-25,10,2026-07-24 00:00:00,516500,30170,2932,103,official|music,comment overrated honestly terrible like like excellent,False
YT102169,The Truth About Budget Travel,Channel_471,People & Blogs,AU,2026-02-03,10,2026-01-30 00:00:00,629291,35281,2251,2562,highlights|music|funny|2026,channel brilliant fine fine watched,False
YT102170,Learn Budget Travel in 10 Minutes,Channel_402,Science & Technology,US,2026-04-21,10,2026-04-20 00:00:00,547013,28480,2133,2096,trending|gaming|funny,honestly unwatchable excellent,False
YT102171,I Tried the Algorithm For 24 Hours,Channel_368,Comedy,US,2026-08-18,14,2026-08-16 00:00:00,302571,8317,400,855,funny|viral|gaming|new,awesome goated fine watched overrated overrated,True
YT102172,The Truth About Budget Travel,Channel_231,Gaming,IN,2026-02-05,1,2026-02-02 00:00:00,195506,3051,108,568,gaming|official|new|highlights,terrible perfect fine like fantastic thoughts,False
YT102173,How the Stock Market Changed Everything,Channel_236,Gaming,CA,2026-03-22,13,2026-03-18 00:00:00,212025,9630,674,811,highlights|music,channel goated fire hate best,False
YT102174,OFFICIAL Trailer: Season 5,Channel_413,Entertainment,CA,2026-08-04,9,2026-08-04 00:00:00,279224,17188,1552,1283,new|viral|funny|highlights,overrated review love thoughts incredible like fine awful waste video awful,False
YT102175,OFFICIAL Trailer: New York,Channel_97,Entertainment,IN,2026-04-06,1,2026-04-05 00:00:00,479133,29100,1127,1397,new|highlights,incredible flop,False
YT102176,I Tried Robots For 24 Hours,Channel_266,Entertainment,US,2026-07-06,3,2026-07-04 00:00:00,1052021,60288,6730,5370,review|funny|viral,terrible watched like,False
YT102177,The Truth About AI,Channel_153,Science & Technology,CA,2026-07-14,8,2026-07-14 00:00:00,316113,19520,1801,677,new|official|review,excellent unwatchable boring,False
YT102178,The Truth About Budget Travel,Channel_240,Gaming,GB,2026-07-07,3,2026-07-05 00:00:00,906106,59584,6156,2662,music|trending,upload honestly okay underrated excellent okay flop,False
YT102179,How the World Cup Changed Everything,Channel_421,Music,GB,2026-08-27,11,2026-08-26 00:00:00,241632,9698,862,604,funny|highlights|official,like video trash perfect great awesome thoughts incredible,False
YT102180,Learn Street Food in 10 Minutes,Channel_252,Entertainment,US,2026-03-07,5,2026-03-06 00:00:00,389083,11818,732,1610,viral|2026,waste flop channel goated thoughts best,False
YT102181,How Robots Changed Everything,Channel_49,Comedy,AU,2026-01-28,12,2026-01-26 00:00:00,218422,9311,288,1123,review|new|trending|viral,incredible brilliant,False
YT102182,Learn the Championship in 10 Minutes,Channel_135,People & Blogs,AU,2026-02-16,14,2026-02-16 00:00:00,642877,30189,2998,2738,trending|official|highlights,love hate comment goated terrible awesome,False
YT102183,the World Cup Breaking News Update,Channel_111,People & Blogs,IN,2026-01-23,2,2026-01-19 00:00:00,75332,4388,352,212,official|funny,like disappointing love comment,False
YT102184,The Truth About Street Food,Channel_332,Education,IN,2026-04-13,14,2026-04-10 00:00:00,188946,11948,399,843,highlights|review,excellent like incredible,False
YT102185,TikTok Breaking News Update,Channel_414,Sports,GB,2026-05-07,11,2026-05-05 00:00:00,196037,4057,441,563,new|funny|2026,incredible content,False
YT102186,OFFICIAL Trailer: Street Food,Channel_94,Gaming,IN,2026-04-03,3,2026-04-02 00:00:00,2160281,65969,2568,11786,trending|music|official|review,upload content comment underrated comment,False
YT102187,the Stock Market - Official Music Video,Channel_125,Music,AU,2026-06-14,11,2026-06-10 00:00:00,541930,38869,1207,3082,viral|review,overrated thoughts hate waste,False
YT102188,The Truth About Budget Travel,Channel_54,Entertainment,CA,2026-05-27,2,2026-05-27 00:00:00,207621,10246,317,1333,viral|review|official,review comment incredible goated,False
YT102189,Learn Gaming Setup in 10 Minutes,Channel_326,Science & Technology,GB,2026-05-19,6,2026-05-16 00:00:00,586506,6017,543,826,music|review|trending|highlights,okay brilliant,False
YT102190,Top 10 my Life Moments,Channel_307,Entertainment,AU,2026-05-21,2,2026-05-20 00:00:00,65066,2813,304,345,trending|gaming,comment content trash review brilliant excellent watched cringe video,False
YT102191,TikTok - Official Music Video,Channel_179,Gaming,CA,2026-07-01,10,2026-06-30 00:00:00,386194,19422,940,2641,gaming|viral|2026|review,terrible upload like okay,False
YT102192,the Championship Breaking News Update,Channel_467,Comedy,GB,2026-02-02,13,2026-01-29 00:00:00,574970,14722,1190,2339,2026|review|trending,upload upload flop disappointing fine,False
YT102193,the Stock Market Live Performance 2026,Channel_163,News & Politics,US,2026-01-16,6,2026-01-16 00:00:00,387637,19932,870,1828,official|2026,okay,False
YT102194,I Tried AI For 24 Hours,Channel_469,Music,AU,2026-02-12,7,2026-02-12 00:00:00,419092,19471,1264,840,viral|trending|2026,awful best awesome,False
YT102195,OFFICIAL Trailer: the Stock Market,Channel_76,Science & Technology,IN,2026-08-25,4,2026-08-23 00:00:00,523012,21756,1207,1988,music|viral,upload worst incredible overrated review,False
YT102196,Gaming Setup vs Everyone | Full Match,Channel_350,Entertainment,CA,2026-08-02,2,2026-07-30 00:00:00,137500,3637,227,178,music|official|gaming|highlights,video thoughts fantastic,False
YT102197,Street Food Live Performance 2026,Channel_78,News & Politics,IN,2026-03-15,10,2026-03-13 00:00:00,197810,6446,455,513,2026|trending,best thoughts content awesome like flop fine brilliant,False
YT102198,the Stock Market Breaking News Update,Channel_280,Music,IN,2026-02-20,12,2026-02-17 00:00:00,192122,12877,1138,488,official|viral|new,love perfect fine amazing fine video disappointing watched,False
YT102199,the Championship Breaking News Update,Channel_281,News & Politics,AU,2026-02-10,12,2026-02-08 00:00:00,228211,6955,213,884,gaming|review|funny|2026,watched like video,False
YT102200,The Truth About Season 5,Channel_186,Education,CA,2026-05-27,8,2026-05-27 00:00:00,124991,5845,470,780,highlights|gaming,upload video,False
YT102201,OFFICIAL Trailer: Street Food,Channel_12,Sports,IN,2026-01-21,8,2026-01-17 00:00:00,215044,7117,669,1074,new|highlights|official,channel fine watched best honestly worst,False
YT102202,New York vs Everyone | Full Match,Channel_86,Gaming,GB,2026-05-13,1,2026-05-09 00:00:00,708236,32340,3689,1731,funny|highlights|gaming|official,perfect comment fine cringe,False
YT102203,I Tried my Life For 24 Hours,Channel_127,Film & Animation,AU,2026-06-08,1,2026-06-07 00:00:00,168998,8837,843,848,gaming|review,upload disappointing,False
YT102204,I Tried the Championship For 24 Hours,Channel_414,Comedy,IN,2026-05-31,10,2026-05-31 00:00:00,301736,15135,1580,2288,review|trending|highlights|gaming,channel great,False
YT102205,I Tried the World Cup For 24 Hours,Channel_260,Music,US,2026-08-14,14,2026-08-10 00:00:00,707498,30359,2220,2057,review|2026|official,underrated comment okay,False
YT102206,the Championship vs Everyone | Full Match,Channel_92,Gaming,IN,2026-05-03,9,2026-05-02 00:00:00,295682,17260,1869,587,highlights|funny,honestly excellent excellent,True
YT102207,the Universe - Official Music Video,Channel_451,Comedy,US,2026-01-31,5,2026-01-27 00:00:00,45226,1410,154,213,trending|music,boring okay honestly incredible awesome honestly,False
YT102208,I Tried AI For 24 Hours,Channel_278,Sports,US,2026-01-15,5,2026-01-13 00:00:00,598735,30499,1530,3369,review|gaming|new,incredible channel fire best fine,False
YT102209,the Stock Market REACTION,Channel_430,Sports,IN,2026-04-27,4,2026-04-23 00:00:00,762766,27395,2368,4618,music|funny,brilliant trash fantastic cringe thoughts video content,False
YT102210,Robots REACTION,Channel_85,Comedy,AU,2026-07-31,13,2026-07-29 00:00:00,207317,10374,647,759,review|2026,watched channel,False
YT102211,Season 5 Full Episode | Highlights,Channel_390,Entertainment,US,2026-08-17,6,2026-08-13 00:00:00,513100,14893,633,1590,trending|viral|new|funny,thoughts upload review,False
YT102212,OFFICIAL Trailer: Robots,Channel_349,Film & Animation,IN,2026-01-07,3,2026-01-05 00:00:00,446356,24133,2704,1675,official|new|2026,review thoughts underrated,False
YT102213,I Tried Robots For 24 Hours,Channel_479,People & Blogs,US,2026-01-14,7,2026-01-10 00:00:00,213917,12589,681,1385,new|music,awesome disappointing fantastic,False
YT102214,New York Breaking News Update,Channel_46,Sports,US,2026-06-21,12,2026-06-19 00:00:00,690415,16153,893,1722,trending|gaming|funny,best watched great watched unwatchable like,False
YT102215,Top 10 AI Moments,Channel_191,Science & Technology,GB,2026-02-04,1,2026-02-04 00:00:00,587992,12586,844,3311,viral|new|gaming|review,worst unwatchable,False
YT102216,Gaming Setup Breaking News Update,Channel_162,Entertainment,IN,2026-03-09,9,2026-03-06 00:00:00,260745,14979,1388,1327,gaming|funny|review,okay best unwatchable brilliant,False
YT102217,Season 5 Breaking News Update,Channel_347,Sports,GB,2026-02-17,7,2026-02-14 00:00:00,110366,2940,294,279,2026|highlights|review|viral,unwatchable,False
YT102218,the Universe - Official Music Video,Channel_313,News & Politics,US,2026-07-14,8,2026-07-12 00:00:00,960732,48808,5765,2303,review|trending,fire terrible,False
YT102219,Top 10 the Championship Moments,Channel_241,Gaming,GB,2026-06-12,3,2026-06-09 00:00:00,439770,22767,1944,2177,official|funny|new|2026,thoughts review incredible channel,False
YT102220,the Final Boss Breaking News Update,Channel_164,Science & Technology,CA,2026-04-06,12,2026-04-06 00:00:00,272072,10483,902,159,official|review|gaming,perfect thoughts watched fine comment comment watched,False
YT102221,TikTok vs Everyone | Full Match,Channel_240,Science & Technology,US,2026-06-08,1,2026-06-07 00:00:00,202955,5870,305,598,highlights|new,great watched comment boring,False
YT102222,Top 10 Season 5 Moments,Channel_23,Science & Technology,CA,2026-04-24,4,2026-04-20 00:00:00,279038,22715,1462,1762,highlights|viral|2026,upload review,False
YT102223,The Truth About the Stock Market,Channel_115,Comedy,AU,2026-03-21,9,2026-03-18 00:00:00,333148,18812,1837,741,viral|highlights|review,love fire okay,False
YT102224,Top 10 the Final Boss Moments,Channel_296,Gaming,AU,2026-03-18,14,2026-03-17 00:00:00,241995,11953,914,552,viral|funny|music,video perfect thoughts amazing content,False
YT102225,Street Food REACTION,Channel_103,People & Blogs,GB,2026-08-11,9,2026-08-09 00:00:00,113227,5401,178,230,gaming|new|official|2026,fine review terrible fine goated thoughts like,False
YT102226,I Tried Budget Travel For 24 Hours,Channel_138,Entertainment,GB,2026-01-18,14,2026-01-15 00:00:00,707893,39766,2497,2089,gaming|music|viral,content,False
YT102227,New York Live Performance 2026,Channel_190,People & Blogs,AU,2026-06-07,9,2026-06-06 00:00:00,361970,20279,1813,1610,music|official|review,terrible,False
YT102228,OFFICIAL Trailer: the Stock Market,Channel_60,Comedy,CA,2026-05-01,2,2026-05-01 00:00:00,534421,17103,643,2676,new|trending|viral|review,content content excellent,False
YT102229,Learn Robots in 10 Minutes,Channel_339,Music,IN,2026-04-12,1,2026-04-11 00:00:00,576616,42864,4558,2306,funny|review|2026|official,okay,False
YT102230,The Truth About Season 5,Channel_240,Music,AU,2026-04-29,1,2026-04-25 00:00:00,522950,28698,1339,3119,official|highlights|trending|music,watched video perfect disappointing perfect fantastic,False
YT102231,the Ocean Breaking News Update,Channel_269,Music,GB,2026-05-14,14,2026-05-12 00:00:00,445133,22228,2456,1483,music|viral,disappointing fantastic excellent cringe disappointing,False
YT102232,the Ocean Live Performance 2026,Channel_344,Film & Animation,IN,2026-06-30,11,2026-06-28 00:00:00,557805,23985,751,3066,2026|viral|official|gaming,great goated thoughts love amazing best channel overrated watched,False
YT102233,The Truth About the Algorithm,Channel_490,Science & Technology,US,2026-06-14,10,2026-06-13 00:00:00,287837,14136,1194,1384,music|trending,boring content thoughts honestly,False
YT102234,OFFICIAL Trailer: the Final Boss,Channel_358,Music,US,2026-04-18,1,2026-04-15 00:00:00,53702,1960,80,164,gaming|review,incredible content flop amazing fantastic okay upload,False
YT102235,The Truth About the Algorithm,Channel_357,Entertainment,AU,2026-07-15,3,2026-07-13 00:00:00,621577,25660,2013,1723,new|official,content disappointing overrated boring channel best awful worst goated great excellent fire,False
YT102236,AI Live Performance 2026,Channel_191,Comedy,IN,2026-06-21,10,2026-06-19 00:00:00,331176,9683,780,1778,viral|highlights,trash underrated awesome fire watched okay,False
YT102237,Learn the Universe in 10 Minutes,Channel_440,Comedy,US,2026-03-02,13,2026-03-02 00:00:00,875085,48696,3049,2116,trending|official,honestly terrible perfect love excellent goated,False
YT102238,the Stock Market Live Performance 2026,Channel_128,Music,GB,2026-02-12,8,2026-02-09 00:00:00,456462,17549,865,2208,funny|highlights|gaming,awesome underrated,False
YT102239,I Tried the Universe For 24 Hours,Channel_371,Music,IN,2026-07-28,13,2026-07-26 00:00:00,955377,43981,1940,2839,trending|gaming,waste incredible comment,False
YT102240,Top 10 the Algorithm Moments,Channel_113,Gaming,GB,2026-02-15,12,2026-02-14 00:00:00,397555,16309,1543,1408,viral|2026|review,flop like honestly review content upload,False
YT102241,the Ocean Full Episode | Highlights,Channel_45,Comedy,GB,2026-01-11,2,2026-01-11 00:00:00,36077,1225,137,108,official|trending|review|highlights,incredible like cringe excellent,False
YT102242,AI Breaking News Update,Channel_323,News & Politics,US,2026-08-13,10,2026-08-09 00:00:00,205939,11105,838,694,official|gaming,great awful okay like,False
YT102243,I Tried my Life For 24 Hours,Channel_433,News & Politics,AU,2026-05-08,9,2026-05-08 00:00:00,222580,12884,1099,852,viral|official|music,worst fire fine hate,False
YT102244,Gaming Setup vs Everyone | Full Match,Channel_124,Entertainment,GB,2026-08-22,2,2026-08-22 00:00:00,141077,3667,303,445,funny|official|music,comment flop,False
YT102245,the Stock Market Live Performance 2026,Channel_102,Music,IN,2026-01-01,7,2025-12-30 00:00:00,1557098,36523,1611,6033,gaming|review|music|new,comment love watched,False
YT102246,New York vs Everyone | Full Match,Channel_313,People & Blogs,AU,2026-02-10,10,2026-02-06 00:00:00,179995,12126,564,792,2026|music|official,boring channel amazing awesome,False
YT102247,How Robots Changed Everything,Channel_26,Gaming,IN,2026-08-28,8,2026-08-27 00:00:00,56475,1630,97,181,review|viral|music|trending,love excellent fine,False
YT102248,the Ocean Live Performance 2026,Channel_117,Music,US,2026-07-05,2,2026-07-01 00:00:00,133800,5320,385,26,review|trending|2026,brilliant channel fire,False
YT102249,OFFICIAL Trailer: the Final Boss,Channel_223,Music,US,2026-07-19,8,2026-07-18 00:00:00,273201,13836,1167,1042,official|new|viral,trash incredible,False
YT102250,Top 10 the Algorithm Moments,Channel_373,News & Politics,US,2026-03-10,5,2026-03-09 00:00:00,99349,5441,423,502,official|trending,review boring thoughts hate love like excellent watched,False
YT102251,Learn the Championship in 10 Minutes,Channel_199,Film & Animation,IN,2026-07-01,2,2026-06-28 00:00:00,265847,8714,771,461,gaming|official,trash,False
YT102252,the Final Boss Live Performance 2026,Channel_200,People & Blogs,IN,2026-07-25,8,2026-07-25 00:00:00,567890,52226,4780,1821,funny|new,review comment perfect,False
YT102253,The Truth About the World Cup,Channel_407,Entertainment,AU,2026-03-29,6,2026-03-26 00:00:00,228310,12075,906,1147,review|new|gaming,best worst,False
YT102254,Learn Gaming Setup in 10 Minutes,Channel_37,Education,IN,2026-05-18,2,2026-05-17 00:00:00,120524,5007,520,280,trending|viral|2026,goated terrible,False
YT102255,I Tried New York For 24 Hours,Channel_38,Film & Animation,IN,2026-08-04,13,2026-08-04 00:00:00,304262,18268,721,554,funny|highlights,comment goated comment,False
YT102256,AI Live Performance 2026,Channel_304,Comedy,CA,2026-06-19,9,2026-06-19 00:00:00,1098791,59845,5347,6539,review|viral|funny|new,upload content worst,False
YT102257,the Universe Breaking News Update,Channel_323,Film & Animation,IN,2026-07-08,8,2026-07-07 00:00:00,1323947,49758,4995,7486,trending|review|highlights,underrated comment watched thoughts,False
YT102258,How TikTok Changed Everything,Channel_215,Music,IN,2026-08-01,12,2026-08-01 00:00:00,130581,6337,684,357,viral|2026,fine fantastic,False
YT102259,the Ocean Breaking News Update,Channel_379,Sports,US,2026-02-09,2,2026-02-09 00:00:00,522292,21391,2550,1848,gaming|trending|highlights,review awful trash perfect watched goated,False
YT102260,my Life - Official Music Video,Channel_37,Entertainment,IN,2026-08-04,5,2026-08-03 00:00:00,60463,3007,340,211,new|music,amazing channel unwatchable honestly fine fire underrated,False
YT102261,the Championship vs Everyone | Full Match,Channel_33,Sports,AU,2026-07-18,6,2026-07-16 00:00:00,169521,8566,696,640,official|review|viral,perfect video review okay fire,False
YT102262,New York - Official Music Video,Channel_335,Science & Technology,US,2026-07-19,11,2026-07-17 00:00:00,396710,7592,612,1410,funny|2026|viral,unwatchable,False
YT102263,Robots vs Everyone | Full Match,Channel_229,News & Politics,IN,2026-08-10,12,2026-08-07 00:00:00,72797,4840,221,361,funny|trending|new,upload love watched worst,False
YT102264,Street Food vs Everyone | Full Match,Channel_17,Gaming,AU,2026-05-22,7,2026-05-18 00:00:00,144044,3185,131,463,viral|new,great fine brilliant incredible love watched excellent,False
YT102265,OFFICIAL Trailer: the Stock Market,Channel_253,Music,US,2026-04-08,6,2026-04-04 00:00:00,290249,9338,517,2519,funny|official|2026,like channel flop disappointing perfect,False
YT102266,Top 10 the Algorithm Moments,Channel_358,News & Politics,AU,2026-03-20,3,2026-03-16 00:00:00,158560,2635,138,767,viral|funny|highlights|review,fine upload,False
YT102267,OFFICIAL Trailer: Gaming Setup,Channel_320,Sports,GB,2026-07-27,10,2026-07-24 00:00:00,458772,28531,2955,2715,review|2026|trending|funny,incredible excellent brilliant perfect fine incredible,False
YT102268,How AI Changed Everything,Channel_51,Entertainment,AU,2026-07-04,9,2026-07-01 00:00:00,380502,15589,631,1556,review|trending|new|music,like watched fine amazing,False
YT102269,How Season 5 Changed Everything,Channel_165,Gaming,IN,2026-01-14,4,2026-01-14 00:00:00,103933,5039,175,727,gaming|viral,okay fantastic okay hate,False
YT102270,The Truth About the Universe,Channel_41,Comedy,GB,2026-02-17,4,2026-02-17 00:00:00,399478,23022,2330,1819,review|trending,terrible channel comment awesome,True
YT102271,the Final Boss - Official Music Video,Channel_447,News & Politics,GB,2026-05-11,14,2026-05-09 00:00:00,727521,32252,2682,2088,viral|review,okay,False
YT102272,How Season 5 Changed Everything,Channel_454,Entertainment,US,2026-07-31,13,2026-07-29 00:00:00,983023,39551,4075,2863,viral|review|funny,content awesome content awesome,False
YT102273,Learn the Championship in 10 Minutes,Channel_320,Entertainment,US,2026-06-29,12,2026-06-27 00:00:00,692437,31570,1502,2759,review|viral,fine awesome channel upload brilliant thoughts hate disappointing honestly okay,False
YT102274,the World Cup Live Performance 2026,Channel_476,Music,CA,2026-06-14,7,2026-06-12 00:00:00,608735,26278,3083,3625,highlights|2026|funny,waste watched upload like thoughts honestly awesome,False
YT102275,OFFICIAL Trailer: the Universe,Channel_81,Music,AU,2026-03-21,8,2026-03-17 00:00:00,2007119,116362,8548,4090,2026|official|highlights,incredible fire excellent,False
YT102276,the World Cup Full Episode | Highlights,Channel_39,Music,US,2026-02-05,8,2026-02-01 00:00:00,816882,64562,5533,2571,trending|new|funny,like awful fire like,False
YT102277,the Stock Market Breaking News Update,Channel_395,Entertainment,US,2026-04-11,1,2026-04-08 00:00:00,91845,2414,201,18,official|2026|viral|trending,fantastic watched channel underrated cringe,False
YT102278,the Final Boss - Official Music Video,Channel_387,Music,CA,2026-04-03,4,2026-03-30 00:00:00,474387,18463,1461,3048,review|music|funny|2026,honestly underrated unwatchable,False
YT102279,Learn AI in 10 Minutes,Channel_421,Comedy,IN,2026-08-19,6,2026-08-15 00:00:00,310151,18840,2104,1376,funny|2026|gaming|trending,thoughts great content goated worst fantastic,False
YT102280,Season 5 Breaking News Update,Channel_256,News & Politics,IN,2026-02-26,10,2026-02-23 00:00:00,212792,12791,1509,822,viral|2026|trending|highlights,perfect comment underrated flop great review watched,True
YT102281,I Tried Robots For 24 Hours,Channel_188,Comedy,IN,2026-03-03,1,2026-03-01 00:00:00,549705,32351,3275,2515,highlights|funny,like video comment fine awful,False
YT102282,TikTok Full Episode | Highlights,Channel_213,Music,GB,2026-06-13,12,2026-06-11 00:00:00,523882,21811,1334,2267,viral|highlights|2026|funny,waste fine best upload honestly,False
YT102283,Robots Full Episode | Highlights,Channel_310,Film & Animation,IN,2026-04-28,2,2026-04-28 00:00:00,654364,36829,1350,1711,highlights|review,fine content channel awful,False
YT102284,TikTok Full Episode | Highlights,Channel_321,Science & Technology,AU,2026-06-10,1,2026-06-10 00:00:00,228457,10982,1244,533,review|official|highlights|gaming,fantastic like terrible thoughts goated awesome comment waste,False
YT102285,How Season 5 Changed Everything,Channel_397,People & Blogs,GB,2026-02-10,9,2026-02-10 00:00:00,208898,12275,851,793,2026|gaming|trending,comment perfect excellent,False
YT102286,AI Live Performance 2026,Channel_94,People & Blogs,CA,2026-07-06,3,2026-07-06 00:00:00,260503,12284,834,1114,2026|music,comment great worst fine hate,False
YT102287,I Tried TikTok For 24 Hours,Channel_494,Music,CA,2026-06-28,12,2026-06-25 00:00:00,798700,40614,3000,3012,new|trending,fantastic,False
YT102288,Top 10 the Ocean Moments,Channel_126,Music,US,2026-04-16,11,2026-04-12 00:00:00,1455103,61924,4398,6498,2026|review|highlights|music,boring love review comment content perfect fantastic watched watched awesome,False
YT102289,Street Food REACTION,Channel_291,Sports,AU,2026-06-18,8,2026-06-17 00:00:00,226900,8891,316,1552,official|funny|new,watched this video,False
YT102290,Street Food Live Performance 2026,Channel_199,Gaming,US,2026-04-28,3,2026-04-25 00:00:00,637541,7652,467,4854,trending|2026|music|gaming,upload okay like awesome,False
YT102291,Top 10 the World Cup Moments,Channel_171,Music,AU,2026-02-22,9,2026-02-18 00:00:00,1558504,90822,5855,7013,gaming|review|new,excellent terrible excellent brilliant best channel upload,False
YT102292,AI Live Performance 2026,Channel_30,Gaming,GB,2026-05-17,7,2026-05-16 00:00:00,1008860,60614,5930,4740,official|gaming,content hate,False
YT102293,the Final Boss - Official Music Video,Channel_155,Entertainment,CA,2026-04-14,1,2026-04-11 00:00:00,427351,14567,1469,2520,music|official,review,False
YT102294,How Gaming Setup Changed Everything,Channel_194,News & Politics,CA,2026-02-26,12,2026-02-26 00:00:00,330710,7744,603,1355,highlights|trending|gaming,video waste upload,False
YT102295,Learn the Universe in 10 Minutes,Channel_202,Sports,CA,2026-08-23,9,2026-08-23 00:00:00,517391,19495,1967,2163,2026|review,okay amazing review thoughts,False
YT102296,I Tried Gaming Setup For 24 Hours,Channel_169,Comedy,CA,2026-03-25,8,2026-03-24 00:00:00,592876,28925,1926,1885,gaming|trending|new|viral,okay like terrible incredible awesome perfect,False
YT102297,Learn AI in 10 Minutes,Channel_378,Education,AU,2026-07-28,9,2026-07-27 00:00:00,498664,18287,1584,1864,review|2026,flop awesome fire,False
YT102298,Learn the Algorithm in 10 Minutes,Channel_418,Music,GB,2026-06-26,13,2026-06-24 00:00:00,972039,60440,6746,8993,official|review,perfect comment amazing,False
YT102299,AI Live Performance 2026,Channel_329,Music,GB,2026-07-08,14,2026-07-06 00:00:00,349123,16431,920,1076,music|review,awesome watched incredible channel goated,False
YT102300,AI Live Performance 2026,Channel_95,Gaming,AU,2026-06-12,2,2026-06-11 00:00:00,1748520,42345,1580,6296,2026|review|viral,fantastic amazing awesome channel comment honestly video okay incredible,False
YT102301,my Life REACTION,Channel_482,Film & Animation,IN,2026-05-10,10,2026-05-07 00:00:00,728421,26393,2787,2741,gaming|official,great fine,False
YT102302,the Ocean REACTION,Channel_116,Sports,US,2026-07-24,14,2026-07-24 00:00:00,379773,14811,824,2380,funny|official,awesome underrated fine,False
YT102303,The Truth About the World Cup,Channel_341,Education,AU,2026-04-11,11,2026-04-07 00:00:00,225047,8773,492,296,highlights|new,honestly like,False
YT102304,TikTok Live Performance 2026,Channel_7,Education,CA,2026-07-29,10,2026-07-27 00:00:00,286688,14904,774,1056,review|viral,terrible overrated okay upload best best thoughts,False
YT102305,the Algorithm REACTION,Channel_137,Science & Technology,US,2026-02-02,3,2026-01-31 00:00:00,130248,10565,664,224,new|funny,awesome perfect upload,True
YT102306,the Ocean - Official Music Video,Channel_425,Sports,AU,2026-04-15,14,2026-04-15 00:00:00,181898,9816,526,892,highlights|review|viral|official,content fire honestly best,False
YT102307,the Final Boss vs Everyone | Full Match,Channel_27,Entertainment,GB,2026-04-06,7,2026-04-05 00:00:00,57160,1186,61,239,funny|music|2026,channel,False
YT102308,the Stock Market Breaking News Update,Channel_102,Music,AU,2026-05-06,7,2026-05-06 00:00:00,1007042,44728,2812,3250,music|official|review,boring channel best channel fire,False
YT102309,Learn the Stock Market in 10 Minutes,Channel_233,Film & Animation,IN,2026-05-06,7,2026-05-04 00:00:00,461219,14047,1484,2658,new|highlights|gaming|funny,video,False
YT102310,AI REACTION,Channel_57,Gaming,IN,2026-05-25,7,2026-05-25 00:00:00,129294,2888,171,743,review|trending|music,perfect flop comment great,False
YT102311,The Truth About the Championship,Channel_491,Film & Animation,AU,2026-01-23,5,2026-01-22 00:00:00,299509,15106,948,777,funny|viral,best okay love hate,False
YT102312,the Final Boss Breaking News Update,Channel_298,Sports,AU,2026-03-23,8,2026-03-19 00:00:00,570197,11835,419,1631,new|review,watched thoughts upload unwatchable okay comment,False
YT102313,Budget Travel Live Performance 2026,Channel_190,Sports,IN,2026-02-06,3,2026-02-06 00:00:00,251256,6633,425,1119,new|review,boring thoughts upload unwatchable,False
YT102314,Season 5 vs Everyone | Full Match,Channel_320,Gaming,IN,2026-04-10,12,2026-04-10 00:00:00,386818,10100,777,1300,gaming|new|music,awful great thoughts excellent,False
YT102315,OFFICIAL Trailer: Budget Travel,Channel_109,Sports,GB,2026-03-19,5,2026-03-16 00:00:00,652778,44839,5329,3581,review|2026,okay thoughts overrated honestly goated excellent,False
YT102316,Learn AI in 10 Minutes,Channel_421,News & Politics,AU,2026-05-01,10,2026-05-01 00:00:00,373827,23038,1143,1784,viral|review,comment excellent goated upload cringe watched fine,False
YT102317,the Algorithm - Official Music Video,Channel_359,People & Blogs,GB,2026-03-27,3,2026-03-26 00:00:00,89153,6492,626,440,new|trending,awesome excellent channel perfect underrated fantastic like content,False
YT102318,Street Food - Official Music Video,Channel_200,Film & Animation,IN,2026-01-03,3,2026-01-03 00:00:00,399514,18089,1873,867,trending|2026|official,comment like,False
YT102319,Budget Travel REACTION,Channel_265,Music,IN,2026-06-05,8,2026-06-03 00:00:00,589729,26472,2299,2709,official|funny|2026|trending,excellent watched,False
YT102320,I Tried Season 5 For 24 Hours,Channel_174,Entertainment,GB,2026-07-28,4,2026-07-24 00:00:00,116906,6037,613,585,2026|viral|new,honestly perfect amazing fine brilliant great,False
YT102321,Season 5 Full Episode | Highlights,Channel_63,Gaming,US,2026-06-27,6,2026-06-23 00:00:00,625675,28033,2712,3072,official|highlights|trending,perfect goated thoughts review channel,False
YT102322,the Final Boss Live Performance 2026,Channel_170,Music,CA,2026-02-13,1,2026-02-13 00:00:00,551113,31611,3278,1409,funny|gaming|music|new,content watched disappointing comment video,False
YT102323,Top 10 the Final Boss Moments,Channel_309,Comedy,AU,2026-08-24,7,2026-08-24 00:00:00,613064,10315,650,914,new|highlights|review,overrated,False
YT102324,How the Ocean Changed Everything,Channel_103,Education,IN,2026-01-12,12,2026-01-08 00:00:00,302884,13950,1299,1856,gaming|music,channel okay flop upload fine video overrated thoughts,False
YT102325,Street Food Breaking News Update,Channel_289,Music,AU,2026-04-04,11,2026-04-03 00:00:00,1660114,103762,10996,7287,gaming|official|review|2026,review upload love amazing love okay,False
YT102326,Top 10 the Championship Moments,Channel_235,People & Blogs,GB,2026-07-08,9,2026-07-06 00:00:00,140173,5148,260,331,gaming|new,overrated awesome upload love,False
YT102327,I Tried the Ocean For 24 Hours,Channel_422,Gaming,GB,2026-06-16,7,2026-06-16 00:00:00,411344,10065,537,1818,new|funny|highlights|music,best content watched honestly,False
YT102328,OFFICIAL Trailer: the World Cup,Channel_390,Gaming,GB,2026-07-05,11,2026-07-03 00:00:00,592754,46557,4587,2777,trending|highlights,video fine incredible,False
YT102329,the World Cup vs Everyone | Full Match,Channel_322,News & Politics,AU,2026-02-07,1,2026-02-06 00:00:00,272121,7952,910,549,funny|viral|2026|gaming,watched love excellent love,False
YT102330,OFFICIAL Trailer: Budget Travel,Channel_105,Science & Technology,CA,2026-01-21,13,2026-01-21 00:00:00,107052,1598,82,433,2026|trending|review|funny,watched best like content fine upload channel,False
YT102331,Robots - Official Music Video,Channel_256,Sports,CA,2026-06-25,2,2026-06-23 00:00:00,295409,1522,52,1149,new|gaming,great video channel hate watched,False
YT102332,the Algorithm Full Episode | Highlights,Channel_78,Science & Technology,GB,2026-04-29,11,2026-04-25 00:00:00,279763,18570,759,1148,official|music|new|viral,best channel underrated,False
YT102333,the Stock Market REACTION,Channel_407,Music,US,2026-08-15,9,2026-08-12 00:00:00,504716,25318,1860,2422,new|funny|2026,content underrated content,False
YT102334,the Championship REACTION,Channel_489,Music,CA,2026-03-18,2,2026-03-16 00:00:00,498829,20110,1210,3027,gaming|review|funny|official,love boring okay okay fire,False
YT102335,Learn the Final Boss in 10 Minutes,Channel_119,Sports,AU,2026-03-07,5,2026-03-03 00:00:00,1321597,47231,1641,4482,music|highlights|funny,fantastic awesome like goated perfect,False
YT102336,the Ocean REACTION,Channel_191,Entertainment,GB,2026-02-24,1,2026-02-23 00:00:00,164418,8815,578,516,gaming|funny,awesome amazing fine video watched goated worst thoughts,False
YT102337,Learn the Algorithm in 10 Minutes,Channel_393,News & Politics,US,2026-07-09,1,2026-07-09 00:00:00,634642,13025,1370,2683,2026|highlights,watched content perfect honestly overrated awesome,False
YT102338,Gaming Setup - Official Music Video,Channel_382,News & Politics,CA,2026-01-04,5,2026-01-02 00:00:00,72583,4713,275,394,music|2026|review|new,great,True
YT102339,the Final Boss Breaking News Update,Channel_410,Film & Animation,IN,2026-03-18,13,2026-03-14 00:00:00,493115,19462,1174,2503,viral|gaming,okay incredible cringe trash like,False
YT102340,the Algorithm Live Performance 2026,Channel_372,Gaming,IN,2026-05-25,9,2026-05-23 00:00:00,166268,7294,371,384,2026|highlights|official|trending,goated watched,False
YT102341,New York vs Everyone | Full Match,Channel_430,People & Blogs,GB,2026-03-19,11,2026-03-19 00:00:00,41315,3861,258,152,music|funny,goated fire underrated content channel best trash,False
YT102342,How the World Cup Changed Everything,Channel_424,Comedy,IN,2026-05-04,11,2026-05-01 00:00:00,602057,39008,4045,1319,official|trending,fire excellent channel,False
YT102343,AI - Official Music Video,Channel_97,Music,CA,2026-04-10,9,2026-04-06 00:00:00,987237,47113,1911,5630,new|gaming,amazing review amazing perfect review,False
YT102344,Learn the Championship in 10 Minutes,Channel_366,Comedy,AU,2026-03-24,5,2026-03-22 00:00:00,588176,18355,1210,793,review|2026|highlights,like honestly,False
YT102345,AI - Official Music Video,Channel_366,Music,US,2026-07-20,7,2026-07-17 00:00:00,51414,2877,252,78,2026|review,fine content fantastic,False
YT102346,Budget Travel vs Everyone | Full Match,Channel_106,Film & Animation,US,2026-07-07,13,2026-07-05 00:00:00,721324,23411,790,4321,funny|highlights|review|new,content video love,False
YT102347,OFFICIAL Trailer: the Stock Market,Channel_395,Sports,GB,2026-06-27,9,2026-06-27 00:00:00,435403,17415,568,2065,official|highlights|new|trending,video upload upload,False
YT102348,AI vs Everyone | Full Match,Channel_198,People & Blogs,IN,2026-04-20,13,2026-04-17 00:00:00,406578,22604,2449,1916,review|viral,fantastic cringe,False
YT102349,Street Food vs Everyone | Full Match,Channel_84,Film & Animation,IN,2026-08-15,6,2026-08-12 00:00:00,581716,34486,1662,2583,new|funny,cringe awful boring video underrated content fire brilliant,False
YT102350,The Truth About Street Food,Channel_279,Gaming,GB,2026-01-25,5,2026-01-22 00:00:00,493492,22573,2193,2526,2026|viral|music|gaming,underrated review review content love,False
YT102351,Top 10 Budget Travel Moments,Channel_136,People & Blogs,GB,2026-06-22,2,2026-06-21 00:00:00,162445,8313,854,376,new|funny|viral|highlights,love thoughts boring,False
YT102352,How New York Changed Everything,Channel_227,Sports,GB,2026-03-03,9,2026-02-27 00:00:00,295073,8651,833,1393,viral|trending|music,fantastic okay fantastic terrible content,False
YT102353,Robots Full Episode | Highlights,Channel_432,Gaming,GB,2026-02-14,8,2026-02-10 00:00:00,1088195,58966,5867,4950,funny|official,thoughts trash comment,False
YT102354,How the Universe Changed Everything,Channel_68,Comedy,GB,2026-08-20,8,2026-08-20 00:00:00,905050,54838,3418,1826,funny|review,great upload video overrated,False
YT102355,OFFICIAL Trailer: TikTok,Channel_268,Gaming,IN,2026-02-19,9,2026-02-17 00:00:00,258841,11018,884,686,new|trending|gaming|official,best fire review goated honestly underrated,False
YT102356,The Truth About the World Cup,Channel_447,Film & Animation,US,2026-02-28,12,2026-02-26 00:00:00,77676,1915,90,277,viral|new|review|funny,best goated,False
YT102357,OFFICIAL Trailer: Street Food,Channel_354,News & Politics,US,2026-01-13,8,2026-01-09 00:00:00,624372,3121,174,3064,2026|music,perfect fine upload,False
YT102358,the Universe Breaking News Update,Channel_410,Entertainment,IN,2026-02-28,11,2026-02-26 00:00:00,826046,38909,3595,3835,music|viral,incredible best,False
YT102359,Gaming Setup REACTION,Channel_130,Sports,IN,2026-04-17,1,2026-04-14 00:00:00,158833,794,50,466,music|2026|review|funny,honestly underrated brilliant awesome fine watched,False
YT102360,the Stock Market Live Performance 2026,Channel_109,Comedy,AU,2026-01-19,1,2026-01-15 00:00:00,296606,16723,969,59,highlights|2026|official|music,video,False
YT102361,The Truth About Gaming Setup,Channel_125,Gaming,IN,2026-03-19,5,2026-03-19 00:00:00,529196,24445,1324,1801,music|trending|new,channel worst excellent trash,False
YT102362,Street Food Full Episode | Highlights,Channel_430,Science & Technology,AU,2026-05-08,5,2026-05-07 00:00:00,17119,753,90,65,review|2026,honestly upload content honestly awesome,False
YT102363,The Truth About the Final Boss,Channel_103,Film & Animation,CA,2026-06-01,5,2026-05-29 00:00:00,70499,2980,155,213,official|funny,overrated fine honestly,False
YT102364,Top 10 my Life Moments,Channel_64,Comedy,GB,2026-06-02,3,2026-06-02 00:00:00,158830,4549,455,335,funny|highlights,honestly honestly great great watched fire awesome okay,False
YT102365,Learn the World Cup in 10 Minutes,Channel_486,Entertainment,CA,2026-05-15,7,2026-05-13 00:00:00,247000,10955,329,1657,new|official|highlights,underrated,False
YT102366,OFFICIAL Trailer: Robots,Channel_385,Gaming,CA,2026-06-12,5,2026-06-09 00:00:00,578451,24026,913,4228,highlights|new|funny,awesome awful fine,True
YT102367,the World Cup Full Episode | Highlights,Channel_68,Film & Animation,IN,2026-01-04,10,2026-01-03 00:00:00,194509,11455,666,1377,2026|gaming,channel disappointing best okay,False
YT102368,the Algorithm - Official Music Video,Channel_283,Science & Technology,US,2026-08-26,12,2026-08-22 00:00:00,369605,6707,721,2035,gaming|review,brilliant great awesome,False
YT102369,Top 10 the Ocean Moments,Channel_481,Gaming,IN,2026-02-24,4,2026-02-23 00:00:00,202284,12175,1173,1138,official|trending|gaming,like boring terrible brilliant,False
YT102370,the Universe Live Performance 2026,Channel_242,Comedy,AU,2026-03-31,10,2026-03-28 00:00:00,822076,17685,1692,2125,trending|music|official|gaming,thoughts channel amazing perfect watched goated thoughts love,False
YT102371,Gaming Setup Full Episode | Highlights,Channel_336,Comedy,AU,2026-03-10,7,2026-03-10 00:00:00,194647,6800,253,1119,gaming|2026|highlights|new,fire review channel watched brilliant unwatchable,False
YT102372,Top 10 New York Moments,Channel_315,Entertainment,IN,2026-04-22,5,2026-04-22 00:00:00,452412,18582,1692,875,trending|music|official,content underrated honestly honestly thoughts unwatchable disappointing honestly love video,False
YT102373,Street Food Breaking News Update,Channel_299,Comedy,US,2026-05-19,3,2026-05-18 00:00:00,952799,48133,5769,3742,highlights|2026,okay love comment honestly thoughts,False
YT102374,I Tried the Algorithm For 24 Hours,Channel_413,People & Blogs,US,2026-07-08,7,2026-07-07 00:00:00,204819,14762,808,1097,review|viral,awful,False
YT102375,The Truth About the Championship,Channel_218,Comedy,CA,2026-07-30,9,2026-07-27 00:00:00,417616,38807,1194,2630,highlights|gaming,like content honestly video content best,False
YT102376,I Tried the Final Boss For 24 Hours,Channel_254,Comedy,US,2026-06-22,8,2026-06-18 00:00:00,383698,17944,1056,2127,new|trending,love excellent comment content honestly,False
YT102377,the Stock Market Breaking News Update,Channel_311,Sports,IN,2026-04-27,11,2026-04-24 00:00:00,118377,5265,196,180,music|gaming,awful underrated like,False
YT102378,Gaming Setup Breaking News Update,Channel_38,People & Blogs,US,2026-07-12,2,2026-07-09 00:00:00,225764,13225,737,891,new|2026|music|highlights,thoughts content flop goated fire like watched,False
YT102379,the World Cup Full Episode | Highlights,Channel_250,News & Politics,IN,2026-08-01,8,2026-07-29 00:00:00,473167,25567,1518,1130,gaming|funny,honestly best excellent,False
YT102380,Street Food - Official Music Video,Channel_159,Education,CA,2026-06-11,14,2026-06-07 00:00:00,497404,33178,2279,2275,new|highlights|music,honestly channel awful awesome waste goated,False
YT102381,I Tried the Final Boss For 24 Hours,Channel_295,News & Politics,IN,2026-08-06,2,2026-08-06 00:00:00,502211,26291,2782,2254,funny|review|highlights,fine underrated,False
YT102382,the Stock Market - Official Music Video,Channel_68,Entertainment,IN,2026-06-27,11,2026-06-26 00:00:00,145131,4159,474,583,gaming|viral|new|funny,review goated flop incredible content best thoughts,False
YT102383,Top 10 my Life Moments,Channel_44,Comedy,IN,2026-08-05,3,2026-08-03 00:00:00,543286,34650,1959,2980,highlights|viral|official,channel watched goated fantastic fantastic,False
YT102384,How New York Changed Everything,Channel_55,Music,IN,2026-05-27,10,2026-05-24 00:00:00,136229,10795,852,617,new|official,amazing watched trash,False
YT102385,OFFICIAL Trailer: my Life,Channel_146,Comedy,IN,2026-06-17,6,2026-06-17 00:00:00,129703,3068,131,367,review|viral|funny,review worst brilliant,False
YT102386,How the Stock Market Changed Everything,Channel_19,Comedy,US,2026-08-16,14,2026-08-14 00:00:00,441822,33459,2076,2912,highlights|new|funny|official,great fantastic underrated watched fantastic disappointing,False
YT102387,I Tried the Final Boss For 24 Hours,Channel_268,Music,GB,2026-01-11,11,2026-01-08 00:00:00,782635,14603,1742,2536,trending|review|highlights|music,goated watched upload,False
YT102388,How AI Changed Everything,Channel_97,Education,CA,2026-05-14,6,2026-05-14 00:00:00,331650,22852,1678,1414,highlights|trending,content overrated review content comment awesome,False
YT102389,New York Breaking News Update,Channel_392,Comedy,US,2026-05-06,4,2026-05-04 00:00:00,207375,9233,867,1077,funny|highlights|official,flop honestly like review,False
YT102390,Budget Travel Full Episode | Highlights,Channel_184,People & Blogs,CA,2026-04-05,1,2026-04-02 00:00:00,445657,21244,1809,2241,trending|official|gaming,content content content overrated okay perfect,False
YT102391,The Truth About the Final Boss,Channel_9,Entertainment,IN,2026-01-03,9,2026-01-01 00:00:00,281023,10422,670,1297,review|official,review content fine great best,False
YT102392,OFFICIAL Trailer: my Life,Channel_398,Film & Animation,AU,2026-06-13,9,2026-06-10 00:00:00,220476,14737,893,709,new|highlights,like like brilliant,False
YT102393,Robots REACTION,Channel_373,Sports,US,2026-05-14,5,2026-05-10 00:00:00,265767,14333,1706,1249,trending|new,fantastic watched like okay comment channel fine,False
YT102394,the Ocean vs Everyone | Full Match,Channel_363,Music,US,2026-08-03,14,2026-08-01 00:00:00,306934,9093,903,1564,funny|review|music|new,worst comment,False
YT102395,Top 10 my Life Moments,Channel_19,People & Blogs,IN,2026-06-27,7,2026-06-26 00:00:00,422874,18136,1418,678,highlights|official,watched thoughts awful watched thoughts,False
YT102396,the Ocean - Official Music Video,Channel_378,News & Politics,AU,2026-02-20,10,2026-02-17 00:00:00,47856,1024,65,120,viral|funny|2026|music,content like amazing awesome love,False
YT102397,Top 10 TikTok Moments,Channel_250,Sports,IN,2026-05-30,10,2026-05-26 00:00:00,490315,13012,990,818,funny|trending,fine great hate terrible incredible,False
YT102398,the Championship - Official Music Video,Channel_95,Science & Technology,CA,2026-03-21,11,2026-03-20 00:00:00,111117,6467,259,606,official|trending|review,fine okay cringe like trash,False
YT102399,OFFICIAL Trailer: AI,Channel_317,People & Blogs,GB,2026-07-19,9,2026-07-18 00:00:00,294469,12569,866,1973,gaming|viral|new,thoughts watched awesome video underrated,False
YT102400,How Street Food Changed Everything,Channel_226,Film & Animation,US,2026-02-07,8,2026-02-05 00:00:00,73492,2027,63,318,funny|2026|viral,awful underrated video,False
YT102401,the Algorithm REACTION,Channel_160,Film & Animation,GB,2026-02-05,9,2026-02-01 00:00:00,623902,32853,1224,2422,gaming|highlights|new|trending,video awful content watched,False
YT102402,OFFICIAL Trailer: Street Food,Channel_239,Entertainment,AU,2026-05-06,6,2026-05-02 00:00:00,95409,4104,417,415,new|trending|2026,best fine overrated comment excellent,False
YT102403,I Tried the Stock Market For 24 Hours,Channel_374,Comedy,CA,2026-02-13,10,2026-02-12 00:00:00,284662,15463,671,1299,music|trending|gaming|official,unwatchable thoughts terrible watched best,False
YT102404,I Tried Gaming Setup For 24 Hours,Channel_79,Gaming,CA,2026-01-08,2,2026-01-08 00:00:00,343447,6250,733,1831,2026|highlights|review|gaming,fine flop like channel perfect comment,False
YT102405,OFFICIAL Trailer: the Stock Market,Channel_302,Entertainment,IN,2026-08-07,14,2026-08-04 00:00:00,1133276,64230,3985,2716,funny|viral|music|new,fine underrated excellent,False
YT102406,the Ocean REACTION,Channel_251,Music,GB,2026-07-08,3,2026-07-04 00:00:00,494023,30623,1779,2256,review|viral,fire,True
YT102407,the World Cup Full Episode | Highlights,Channel_61,Gaming,IN,2026-08-17,13,2026-08-16 00:00:00,659430,31317,1733,1912,trending|gaming|official,fire amazing fire amazing love best love,False
YT102408,How New York Changed Everything,Channel_191,Sports,GB,2026-05-16,11,2026-05-14 00:00:00,133622,7315,779,746,trending|new,review like flop boring excellent worst okay thoughts,False
YT102409,I Tried New York For 24 Hours,Channel_208,Sports,US,2026-06-30,11,2026-06-29 00:00:00,112599,2997,283,209,music|official|2026|review,watched flop awful,False
YT102410,AI Breaking News Update,Channel_272,Gaming,IN,2026-08-14,8,2026-08-13 00:00:00,332613,9913,562,1234,gaming|music|funny|highlights,fire best waste trash honestly,False
YT102411,Street Food REACTION,Channel_357,Education,CA,2026-01-23,1,2026-01-19 00:00:00,148051,5521,645,466,new|highlights,fantastic fine review,False
YT102412,The Truth About the Ocean,Channel_188,Comedy,CA,2026-03-16,4,2026-03-16 00:00:00,611050,35376,1615,2458,trending|funny|highlights,thoughts content awful content channel great best okay,False
YT102413,Top 10 the World Cup Moments,Channel_77,Sports,AU,2026-01-22,7,2026-01-19 00:00:00,322207,10520,762,1104,official|viral|new,awesome amazing watched,False
YT102414,the Final Boss - Official Music Video,Channel_322,Comedy,IN,2026-05-01,9,2026-04-29 00:00:00,233163,4804,509,1188,official|review,upload hate,False
YT102415,the Ocean REACTION,Channel_318,Sports,CA,2026-08-07,12,2026-08-05 00:00:00,135003,6695,357,454,highlights|funny|new,excellent content unwatchable upload honestly okay,False
YT102416,TikTok - Official Music Video,Channel_199,Science & Technology,IN,2026-03-13,1,2026-03-13 00:00:00,85242,4470,480,335,2026|trending|highlights,like brilliant fine,False
YT102417,I Tried Budget Travel For 24 Hours,Channel_11,Music,AU,2026-01-10,12,2026-01-09 00:00:00,684755,38090,1865,2953,2026|new|review,thoughts,False
YT102418,OFFICIAL Trailer: the Algorithm,Channel_466,Music,US,2026-04-08,10,2026-04-06 00:00:00,420515,2102,172,1612,trending|viral,fine fine love brilliant perfect comment,False
YT102419,I Tried Gaming Setup For 24 Hours,Channel_425,Film & Animation,CA,2026-04-10,11,2026-04-08 00:00:00,368847,29548,3191,2407,gaming|new|2026,honestly,False
YT102420,the Championship vs Everyone | Full Match,Channel_84,Film & Animation,GB,2026-04-11,10,2026-04-10 00:00:00,367536,24027,1210,2423,funny|viral|2026,awful awesome,False
YT102421,the Universe Breaking News Update,Channel_141,Music,CA,2026-04-22,1,2026-04-21 00:00:00,531736,24264,1639,3334,official|new|trending|gaming,content upload waste,False
YT102422,Top 10 the Championship Moments,Channel_104,People & Blogs,GB,2026-03-03,2,2026-03-01 00:00:00,167595,2858,152,616,highlights|funny|trending,okay,False
YT102423,Street Food Breaking News Update,Channel_277,Sports,CA,2026-02-21,12,2026-02-19 00:00:00,180481,5676,247,772,review|funny|gaming,hate,False
YT102424,the Final Boss Live Performance 2026,Channel_371,Entertainment,GB,2026-04-10,9,2026-04-08 00:00:00,283505,17794,1165,1095,gaming|trending,comment underrated fine,False
YT102425,I Tried Budget Travel For 24 Hours,Channel_63,Music,US,2026-01-29,6,2026-01-26 00:00:00,760279,57318,6652,3202,official|gaming|funny,amazing amazing comment,False
YT102426,Robots - Official Music Video,Channel_34,Music,CA,2026-07-22,9,2026-07-21 00:00:00,263599,13448,1105,600,music|official|viral,content upload thoughts unwatchable cringe incredible,False
YT102427,the Algorithm REACTION,Channel_18,Science & Technology,AU,2026-03-20,9,2026-03-17 00:00:00,357642,13429,1590,1149,review|2026|music,incredible amazing great,False
YT102428,Street Food Breaking News Update,Channel_240,Music,US,2026-07-01,3,2026-06-27 00:00:00,1393903,95074,9483,5017,official|funny|review,watched underrated content brilliant,False
YT102429,Learn the Championship in 10 Minutes,Channel_260,Entertainment,AU,2026-05-23,11,2026-05-21 00:00:00,459060,25913,1888,2066,music|trending,cringe upload trash,False
YT102430,the Ocean Breaking News Update,Channel_195,Education,GB,2026-02-16,9,2026-02-12 00:00:00,166543,5162,229,609,2026|official,comment like fine terrible okay worst,False
YT102431,the Championship Live Performance 2026,Channel_345,News & Politics,GB,2026-06-16,9,2026-06-14 00:00:00,317584,11849,1072,771,review|official|new|2026,overrated love like video,False
YT102432,the Ocean - Official Music Video,Channel_25,Sports,GB,2026-04-10,8,2026-04-09 00:00:00,238681,11647,1047,888,trending|music|2026,fine underrated fantastic fire honestly,False
YT102433,the Final Boss - Official Music Video,Channel_66,Education,IN,2026-01-13,5,2026-01-09 00:00:00,452194,15911,1019,2106,viral|gaming|funny,fantastic boring fire fantastic content,False
YT102434,Robots Full Episode | Highlights,Channel_490,People & Blogs,US,2026-06-25,13,2026-06-25 00:00:00,180979,12266,699,476,highlights|gaming|trending|music,excellent great honestly,False
YT102435,New York - Official Music Video,Channel_166,Sports,GB,2026-04-12,1,2026-04-08 00:00:00,338001,21384,1934,1462,official|viral|2026,upload hate,False
YT102436,Top 10 my Life Moments,Channel_404,Comedy,CA,2026-03-14,13,2026-03-12 00:00:00,162588,9147,659,250,official|highlights,fire perfect incredible goated review,False
YT102437,The Truth About the Stock Market,Channel_292,News & Politics,CA,2026-04-15,13,2026-04-12 00:00:00,303699,17189,1135,1764,highlights|2026,perfect great underrated,False
YT102438,The Truth About the Final Boss,Channel_378,Entertainment,IN,2026-03-23,12,2026-03-19 00:00:00,520701,22218,1399,2042,music|viral|trending,amazing,False
YT102439,Learn Season 5 in 10 Minutes,Channel_4,Science & Technology,GB,2026-08-19,1,2026-08-19 00:00:00,353411,19674,1553,1957,viral|highlights|new|funny,watched overrated channel underrated channel,True
YT102440,the Championship Live Performance 2026,Channel_328,People & Blogs,IN,2026-04-16,8,2026-04-16 00:00:00,442060,25627,2597,1735,review|funny|2026,awesome upload upload terrible boring review content best,False
YT102441,AI Full Episode | Highlights,Channel_443,News & Politics,GB,2026-04-29,2,2026-04-25 00:00:00,761356,43177,4614,3076,2026|official,channel okay upload cringe thoughts,False
YT102442,How New York Changed Everything,Channel_151,Film & Animation,GB,2026-06-24,3,2026-06-23 00:00:00,320265,16983,1910,187,gaming|new|funny,okay honestly video,False
YT102443,Learn Season 5 in 10 Minutes,Channel_151,Film & Animation,AU,2026-05-12,6,2026-05-11 00:00:00,243507,13044,446,1021,highlights|music,watched review upload,False
YT102444,I Tried New York For 24 Hours,Channel_389,People & Blogs,AU,2026-03-02,1,2026-02-28 00:00:00,394558,14476,641,1309,official|highlights|gaming,fire excellent okay okay,False
YT102445,Street Food vs Everyone | Full Match,Channel_152,Science & Technology,GB,2026-04-04,5,2026-04-03 00:00:00,445374,9842,829,1982,highlights|official|2026|review,boring awesome awesome watched review,False
YT102446,How the Championship Changed Everything,Channel_129,Sports,GB,2026-08-21,11,2026-08-18 00:00:00,119792,5680,402,565,trending|gaming|official|2026,video boring review review awful incredible content,False
YT102447,the Ocean Full Episode | Highlights,Channel_223,Film & Animation,AU,2026-08-15,8,2026-08-11 00:00:00,184940,8586,942,1022,highlights|2026|review|official,unwatchable boring,False
YT102448,Learn the Final Boss in 10 Minutes,Channel_44,Music,IN,2026-06-27,4,2026-06-27 00:00:00,162937,10080,779,627,music|highlights|new|trending,awful video watched comment video like perfect review goated,False
YT102449,I Tried Budget Travel For 24 Hours,Channel_85,Education,AU,2026-03-25,5,2026-03-22 00:00:00,108026,5193,301,468,music|trending|viral,fine amazing,False
YT102450,Season 5 - Official Music Video,Channel_462,News & Politics,AU,2026-01-28,14,2026-01-24 00:00:00,82998,2487,142,299,highlights|official|review|gaming,upload honestly fine awesome,False
YT102451,Robots - Official Music Video,Channel_473,Film & Animation,AU,2026-01-20,10,2026-01-19 00:00:00,322492,16834,507,1162,trending|new|2026|funny,underrated upload excellent love comment,False
YT102452,New York vs Everyone | Full Match,Channel_320,Gaming,AU,2026-04-20,11,2026-04-18 00:00:00,1057298,59956,5733,4277,review|highlights|viral,upload fire,False
YT102453,Learn the Universe in 10 Minutes,Channel_392,People & Blogs,IN,2026-08-08,13,2026-08-06 00:00:00,117144,6484,760,295,trending|viral|review|funny,trash best love like,False
YT102454,The Truth About the Ocean,Channel_76,Entertainment,US,2026-08-23,10,2026-08-23 00:00:00,165445,11314,1254,369,new|2026,underrated best upload watched boring fire upload,False
YT102455,Gaming Setup Full Episode | Highlights,Channel_162,News & Politics,GB,2026-04-03,5,2026-03-31 00:00:00,572838,34675,1739,2600,official|viral|highlights,upload fine,False
YT102456,I Tried the Final Boss For 24 Hours,Channel_389,Science & Technology,CA,2026-08-09,4,2026-08-08 00:00:00,365846,18384,1559,914,trending|music,watched content excellent review disappointing,False
YT102457,the World Cup Full Episode | Highlights,Channel_27,Music,CA,2026-07-10,10,2026-07-10 00:00:00,451343,18056,1968,167,funny|viral|official|review,excellent watched cringe thoughts content underrated goated goated,False
YT102458,How AI Changed Everything,Channel_290,Gaming,US,2026-07-30,11,2026-07-29 00:00:00,318697,14216,547,361,2026|trending|review|new,channel disappointing fantastic okay,False
YT102459,Top 10 Season 5 Moments,Channel_328,Gaming,GB,2026-07-24,12,2026-07-22 00:00:00,157298,6644,319,783,gaming|music|funny|new,goated channel thoughts,False
YT102460,the Ocean Full Episode | Highlights,Channel_1,Sports,CA,2026-07-08,13,2026-07-08 00:00:00,251634,12321,674,2078,official|gaming,excellent upload awesome,False
YT102461,the Algorithm Breaking News Update,Channel_59,Film & Animation,IN,2026-04-24,3,2026-04-21 00:00:00,437594,20080,1357,1381,highlights|music|official,like perfect honestly great waste goated,False
YT102462,How the Algorithm Changed Everything,Channel_312,News & Politics,GB,2026-06-06,5,2026-06-03 00:00:00,326913,15285,463,996,gaming|music,content brilliant awesome waste brilliant brilliant okay,False
YT102463,my Life vs Everyone | Full Match,Channel_176,People & Blogs,GB,2026-02-25,1,2026-02-24 00:00:00,213904,16182,754,1395,viral|2026,comment watched unwatchable incredible,False
YT102464,OFFICIAL Trailer: the Championship,Channel_455,Education,US,2026-02-01,12,2026-01-30 00:00:00,102662,4686,509,497,new|funny|music,fire amazing okay fine perfect,False
YT102465,I Tried my Life For 24 Hours,Channel_98,Science & Technology,IN,2026-01-23,7,2026-01-19 00:00:00,175217,6053,487,263,viral|new,review,True
YT102466,the Algorithm REACTION,Channel_315,Entertainment,US,2026-06-27,7,2026-06-26 00:00:00,444182,18322,1011,1594,viral|music,brilliant fine cringe awful underrated channel,False
YT102467,Learn Gaming Setup in 10 Minutes,Channel_441,Film & Animation,CA,2026-03-04,13,2026-03-03 00:00:00,138717,6165,481,538,review|viral|music|2026,perfect fire,True
YT102468,Learn TikTok in 10 Minutes,Channel_486,People & Blogs,AU,2026-04-22,9,2026-04-20 00:00:00,295541,20323,2294,1179,trending|funny|gaming|highlights,content channel comment trash goated video awesome,False
YT102469,the Championship - Official Music Video,Channel_223,Comedy,US,2026-02-01,13,2026-01-30 00:00:00,778485,35460,4235,1747,funny|official|2026|trending,thoughts flop worst cringe best,False
YT102470,Top 10 the Stock Market Moments,Channel_127,People & Blogs,US,2026-08-12,5,2026-08-08 00:00:00,442108,25520,1343,1256,2026|new|official,awesome,False
YT102471,New York Full Episode | Highlights,Channel_380,Entertainment,GB,2026-07-06,5,2026-07-05 00:00:00,1942184,77589,3342,5313,trending|new,awful fantastic thoughts,False
YT102472,my Life Breaking News Update,Channel_279,News & Politics,US,2026-06-13,14,2026-06-13 00:00:00,183747,7936,824,131,gaming|review|trending,trash okay best amazing,False
YT102473,Learn the Universe in 10 Minutes,Channel_443,Gaming,US,2026-05-04,8,2026-05-01 00:00:00,390392,26820,1648,713,trending|viral,review love honestly awesome honestly flop,False
YT102474,my Life REACTION,Channel_279,Entertainment,CA,2026-02-22,11,2026-02-19 00:00:00,429135,21252,2257,2227,official|viral|gaming,like awesome comment,False
YT102475,Budget Travel REACTION,Channel_25,Music,CA,2026-03-13,9,2026-03-09 00:00:00,389020,17375,1441,1633,funny|highlights|viral,excellent terrible,False
YT102476,How the Universe Changed Everything,Channel_184,Music,CA,2026-04-04,10,2026-04-02 00:00:00,599928,25616,1027,3123,review|trending|music,unwatchable incredible underrated thoughts okay,False
YT102477,How Budget Travel Changed Everything,Channel_255,News & Politics,AU,2026-08-04,9,2026-08-01 00:00:00,914005,46494,5336,3455,highlights|funny|trending,watched thoughts watched goated thoughts,False
YT102478,the Universe - Official Music Video,Channel_473,Gaming,CA,2026-03-26,14,2026-03-22 00:00:00,436842,19450,1992,2928,music|trending|funny,channel okay awesome,False
YT102479,the Championship vs Everyone | Full Match,Channel_232,Sports,CA,2026-03-13,4,2026-03-09 00:00:00,407931,20484,1392,1218,trending|official|viral|new,fire hate,False
YT102480,How the Stock Market Changed Everything,Channel_53,Sports,IN,2026-04-04,3,2026-04-02 00:00:00,447484,22965,1237,747,highlights|official|viral|new,hate amazing goated worst,False
YT102481,the Stock Market Live Performance 2026,Channel_247,Music,US,2026-08-28,11,2026-08-24 00:00:00,1250786,47049,3746,3435,review|highlights|music|funny,overrated thoughts awesome,False
YT102482,New York Breaking News Update,Channel_450,Gaming,IN,2026-08-22,3,2026-08-21 00:00:00,552505,16233,1353,1362,trending|new|review|official,flop excellent incredible,True
YT102483,Top 10 New York Moments,Channel_308,Science & Technology,GB,2026-01-08,11,2026-01-04 00:00:00,64460,1618,160,234,2026|gaming|funny,perfect love,False
YT102484,the Algorithm - Official Music Video,Channel_260,Gaming,IN,2026-02-04,8,2026-02-02 00:00:00,938367,29020,2371,4338,2026|highlights|trending,honestly awful great underrated goated like content okay upload,False
YT102485,the Algorithm vs Everyone | Full Match,Channel_481,People & Blogs,IN,2026-06-16,3,2026-06-13 00:00:00,389335,19025,1833,1339,official|new|trending,hate awesome best brilliant worst,False
YT102486,Learn the Stock Market in 10 Minutes,Channel_294,Music,US,2026-08-07,6,2026-08-05 00:00:00,516658,17079,550,1859,new|official|highlights,upload love love content thoughts awesome honestly okay,False
YT102487,The Truth About the Championship,Channel_235,News & Politics,IN,2026-08-20,12,2026-08-20 00:00:00,383170,18097,1956,1075,2026|new|gaming,like review perfect video honestly okay hate,False
YT102488,my Life REACTION,Channel_30,Music,AU,2026-03-02,12,2026-02-27 00:00:00,413830,26242,1787,2239,trending|new|gaming,fine like honestly honestly,False
YT102489,Learn New York in 10 Minutes,Channel_50,Science & Technology,CA,2026-08-04,7,2026-08-02 00:00:00,44465,2161,134,243,funny|2026|trending|official,like awesome review honestly watched like,False
YT102490,Learn the Championship in 10 Minutes,Channel_315,Gaming,US,2026-08-06,6,2026-08-06 00:00:00,415112,19507,2266,2865,music|viral,worst best best great excellent disappointing,False
YT102491,OFFICIAL Trailer: the Algorithm,Channel_108,People & Blogs,AU,2026-01-14,3,2026-01-13 00:00:00,694903,31765,1445,554,2026|music|gaming,excellent content content thoughts overrated,False
YT102492,Robots REACTION,Channel_13,Film & Animation,GB,2026-05-19,14,2026-05-16 00:00:00,889905,52971,1846,1911,funny|viral,best thoughts love,False
YT102493,OFFICIAL Trailer: Budget Travel,Channel_306,Music,CA,2026-06-26,1,2026-06-22 00:00:00,307842,21307,866,1181,official|funny|gaming|new,content content awful video,False
YT102494,How New York Changed Everything,Channel_292,Education,US,2026-04-12,10,2026-04-12 00:00:00,194387,2615,114,715,highlights|music,honestly,True
YT102495,How the Stock Market Changed Everything,Channel_379,Sports,US,2026-04-26,10,2026-04-22 00:00:00,781939,30208,2538,2437,review|2026|trending,content terrible great content,False
YT102496,Learn the Algorithm in 10 Minutes,Channel_477,Gaming,US,2026-05-08,13,2026-05-04 00:00:00,313388,12019,501,1352,review|funny,channel upload review worst overrated,False
YT102497,OFFICIAL Trailer: Robots,Channel_89,Science & Technology,CA,2026-04-29,1,2026-04-28 00:00:00,205514,10711,1139,611,review|official|viral|music,underrated underrated great,True
YT102498,The Truth About the Stock Market,Channel_336,News & Politics,CA,2026-03-12,8,2026-03-09 00:00:00,339607,18121,664,2040,review|funny,content,False
YT102499,I Tried the Stock Market For 24 Hours,Channel_35,Entertainment,IN,2026-05-25,14,2026-05-22 00:00:00,131498,3798,387,524,review|highlights|trending|gaming,thoughts boring great love,False
YT102500,the Ocean - Official Music Video,Channel_174,News & Politics,US,2026-04-19,14,2026-04-17 00:00:00,195078,9566,400,894,new|viral|2026,boring fantastic content,False
YT102501,Top 10 the Universe Moments,Channel_417,People & Blogs,AU,2026-07-26,3,2026-07-25 00:00:00,783637,46625,5105,4155,funny|music,awesome,False
YT102502,OFFICIAL Trailer: the Stock Market,Channel_140,Entertainment,GB,2026-08-10,14,2026-08-06 00:00:00,476725,30854,3101,107,trending|gaming,review fire fine waste great boring comment,False
YT102503,New York Breaking News Update,Channel_249,Gaming,GB,2026-05-06,13,2026-05-04 00:00:00,289294,11528,1062,1586,review|new,upload watched okay trash comment,False
YT102504,Top 10 Budget Travel Moments,Channel_256,Education,CA,2026-01-02,7,2026-01-01 00:00:00,181193,6636,605,943,new|official,like okay disappointing video fine great content,False
YT102505,Top 10 Season 5 Moments,Channel_87,Sports,AU,2026-04-08,11,2026-04-04 00:00:00,514525,24842,1405,1613,official|new|music,like waste,False
YT102506,I Tried Robots For 24 Hours,Channel_293,Music,US,2026-01-16,8,2026-01-16 00:00:00,187982,6071,460,554,highlights|new|gaming,perfect incredible content,False
YT102507,the Final Boss Live Performance 2026,Channel_128,Science & Technology,IN,2026-05-29,10,2026-05-25 00:00:00,344653,14244,523,2023,official|gaming|viral|trending,excellent excellent fine,False
YT102508,Robots Breaking News Update,Channel_307,Film & Animation,CA,2026-03-16,4,2026-03-15 00:00:00,439037,21715,1154,1532,review|viral|trending,like underrated channel,False
YT102509,Learn AI in 10 Minutes,Channel_10,Entertainment,US,2026-01-11,3,2026-01-07 00:00:00,178790,10990,834,1006,viral|official|2026|music,great watched,True
YT102510,Top 10 the Universe Moments,Channel_96,Sports,GB,2026-07-03,8,2026-06-30 00:00:00,1040450,19196,801,5320,2026|gaming,channel awful,False
YT102511,Street Food vs Everyone | Full Match,Channel_187,Comedy,GB,2026-02-23,5,2026-02-21 00:00:00,120248,4230,444,601,review|new,watched this video,False
YT102512,my Life Breaking News Update,Channel_169,Gaming,US,2026-04-25,2,2026-04-24 00:00:00,718569,13170,1171,2360,viral|official,goated brilliant,False
YT102513,The Truth About the Stock Market,Channel_120,Entertainment,US,2026-03-21,10,2026-03-20 00:00:00,269085,8445,260,750,2026|viral,honestly channel okay,False
YT102514,AI vs Everyone | Full Match,Channel_62,Comedy,IN,2026-04-15,5,2026-04-15 00:00:00,139024,8213,407,388,new|official|highlights|music,hate excellent fire,False
YT102515,The Truth About AI,Channel_432,Entertainment,GB,2026-07-19,12,2026-07-16 00:00:00,905637,34045,3659,4133,2026|music,brilliant comment okay perfect,False
YT102516,Robots REACTION,Channel_134,Gaming,IN,2026-01-09,11,2026-01-07 00:00:00,196284,6192,535,804,review|gaming|trending|music,excellent great disappointing content,False
YT102517,the Algorithm Live Performance 2026,Channel_320,Music,IN,2026-05-13,1,2026-05-10 00:00:00,872740,49541,5718,3389,music|trending,incredible watched like,False
YT102518,Learn the World Cup in 10 Minutes,Channel_260,Education,IN,2026-06-28,8,2026-06-24 00:00:00,127236,7636,231,467,viral|new|funny|trending,brilliant incredible best review,False
YT102519,the Ocean Live Performance 2026,Channel_115,Science & Technology,CA,2026-08-22,4,2026-08-19 00:00:00,71199,2111,195,202,music|highlights|gaming|official,like disappointing fine awful,False
YT102520,the Ocean REACTION,Channel_328,News & Politics,GB,2026-03-07,7,2026-03-04 00:00:00,312323,23278,775,1535,trending|viral,incredible comment,False
YT102521,my Life Live Performance 2026,Channel_416,News & Politics,AU,2026-05-23,3,2026-05-23 00:00:00,136535,5731,666,939,gaming|2026|review|official,trash perfect comment watched,False
YT102522,the Final Boss REACTION,Channel_486,Music,GB,2026-02-13,12,2026-02-09 00:00:00,207647,7189,712,686,music|gaming|viral,incredible video review comment,False
YT102523,the Universe Full Episode | Highlights,Channel_407,Comedy,US,2026-04-15,10,2026-04-15 00:00:00,377518,10204,657,1870,funny|viral,comment amazing,False
YT102524,I Tried Budget Travel For 24 Hours,Channel_371,Entertainment,US,2026-04-13,3,2026-04-13 00:00:00,1242975,91724,7886,4047,gaming|viral|review,fantastic incredible great best unwatchable watched content,False
YT102525,I Tried Budget Travel For 24 Hours,Channel_490,Gaming,CA,2026-02-16,12,2026-02-14 00:00:00,439351,27006,2082,1591,funny|2026,excellent worst,False
YT102526,OFFICIAL Trailer: the Universe,Channel_262,People & Blogs,GB,2026-01-14,9,2026-01-10 00:00:00,262524,9836,443,811,music|review|official,like upload,False
YT102527,Gaming Setup - Official Music Video,Channel_145,Gaming,IN,2026-04-27,11,2026-04-23 00:00:00,135208,7216,465,455,official|review|2026,watched upload brilliant fire goated,False
YT102528,Season 5 REACTION,Channel_340,Gaming,CA,2026-02-21,5,2026-02-17 00:00:00,579942,22590,1862,1930,official|funny,video thoughts,False
YT102529,Learn the Universe in 10 Minutes,Channel_441,Film & Animation,IN,2026-04-15,2,2026-04-13 00:00:00,226775,14120,561,989,review|trending,disappointing flop goated like like fine,False
YT102530,Top 10 Season 5 Moments,Channel_70,People & Blogs,CA,2026-06-23,3,2026-06-22 00:00:00,694518,39349,1236,2452,highlights|music,thoughts thoughts comment content honestly,False
YT102531,Top 10 the Championship Moments,Channel_403,Education,CA,2026-03-08,8,2026-03-08 00:00:00,264450,12776,593,1320,official|music|new,video channel channel,False
YT102532,my Life vs Everyone | Full Match,Channel_188,Education,CA,2026-07-21,11,2026-07-17 00:00:00,53707,2344,106,106,new|music|2026|trending,watched this video,False
YT102533,the Universe - Official Music Video,Channel_217,News & Politics,US,2026-08-22,4,2026-08-19 00:00:00,475206,19443,2118,2181,gaming|music|trending|official,okay channel excellent,False
YT102534,The Truth About Season 5,Channel_469,Music,CA,2026-07-04,7,2026-06-30 00:00:00,438501,20166,1648,1797,trending|new|review|viral,awesome underrated review,False
YT102535,Learn Gaming Setup in 10 Minutes,Channel_7,Comedy,IN,2026-02-28,5,2026-02-24 00:00:00,353999,20937,1842,2091,2026|funny,amazing thoughts cringe cringe thoughts fine thoughts upload,False
YT102536,the Algorithm Full Episode | Highlights,Channel_239,Education,GB,2026-03-20,7,2026-03-19 00:00:00,532478,13236,674,2357,2026|highlights|new|trending,hate review amazing love,False
YT102537,the Algorithm Full Episode | Highlights,Channel_144,Entertainment,US,2026-01-25,8,2026-01-21 00:00:00,122411,3824,328,569,trending|gaming,amazing okay channel great,False
YT102538,The Truth About the Ocean,Channel_15,Gaming,IN,2026-05-26,3,2026-05-26 00:00:00,373938,10272,631,2934,trending|highlights,awful great perfect great,False
YT102539,Top 10 the Final Boss Moments,Channel_379,Entertainment,US,2026-02-13,13,2026-02-13 00:00:00,128046,5846,304,602,funny|viral|music|2026,goated fire channel channel,False
YT102540,the Ocean REACTION,Channel_343,Comedy,CA,2026-06-25,10,2026-06-25 00:00:00,268601,9498,1056,676,viral|funny|2026|gaming,worst upload video review,False
YT102541,the Final Boss - Official Music Video,Channel_455,Comedy,GB,2026-08-21,10,2026-08-18 00:00:00,743169,44010,3237,1624,2026|review|music|gaming,fantastic fantastic disappointing review awesome,False
YT102542,TikTok - Official Music Video,Channel_165,Sports,CA,2026-01-27,5,2026-01-27 00:00:00,191556,9276,905,1054,official|2026|highlights|viral,fine fire honestly overrated goated thoughts awesome watched worst terrible honestly,False
YT102543,the Algorithm REACTION,Channel_172,Gaming,IN,2026-01-10,1,2026-01-10 00:00:00,157690,5289,630,693,gaming|trending|review|new,overrated comment excellent brilliant perfect fine amazing unwatchable,False
YT102544,The Truth About the Final Boss,Channel_488,Education,CA,2026-04-30,14,2026-04-29 00:00:00,147869,9651,414,442,viral|music|review,brilliant upload upload upload comment okay comment incredible thoughts,False
YT102545,The Truth About the Ocean,Channel_208,Comedy,US,2026-02-15,5,2026-02-12 00:00:00,495232,15579,1173,2209,review|2026,content honestly upload content waste comment,False
YT102546,Budget Travel Live Performance 2026,Channel_170,Film & Animation,IN,2026-07-07,10,2026-07-06 00:00:00,321144,17643,1767,1341,gaming|highlights,okay perfect video,False
YT102547,the Algorithm Full Episode | Highlights,Channel_485,Comedy,AU,2026-03-12,12,2026-03-11 00:00:00,425527,20500,980,1672,music|viral|gaming|official,okay best unwatchable fantastic excellent terrible,False
YT102548,Top 10 AI Moments,Channel_369,News & Politics,CA,2026-04-17,7,2026-04-13 00:00:00,205317,5133,498,733,official|highlights|viral|new,worst perfect review overrated like,False
YT102549,Top 10 the Championship Moments,Channel_62,Gaming,CA,2026-03-06,8,2026-03-03 00:00:00,321006,12754,713,1773,gaming|highlights|funny,incredible honestly content upload comment incredible,False
YT102550,the Ocean Live Performance 2026,Channel_495,Entertainment,AU,2026-08-02,3,2026-08-02 00:00:00,682393,31380,3549,1839,review|music|trending|new,watched this video,False
YT102551,Gaming Setup Full Episode | Highlights,Channel_99,Science & Technology,US,2026-04-28,3,2026-04-27 00:00:00,405534,28998,1082,2030,highlights|funny|review,hate,False
YT102552,the Final Boss REACTION,Channel_422,Film & Animation,US,2026-07-07,7,2026-07-04 00:00:00,480632,18767,1456,2403,highlights|viral|funny|gaming,honestly watched trash content thoughts,False
YT102553,the Algorithm Breaking News Update,Channel_80,Music,IN,2026-03-20,5,2026-03-17 00:00:00,258412,14227,1113,1094,viral|official,trash fire hate watched goated okay like brilliant,False
YT102554,the Algorithm Breaking News Update,Channel_60,People & Blogs,AU,2026-01-10,13,2026-01-06 00:00:00,619277,35327,1983,1650,official|trending|highlights|gaming,awesome okay,False
YT102555,AI REACTION,Channel_275,Music,GB,2026-03-31,3,2026-03-31 00:00:00,404366,16391,1515,904,new|funny|trending|official,video boring amazing,False
YT102556,New York Breaking News Update,Channel_332,News & Politics,IN,2026-06-01,10,2026-06-01 00:00:00,25267,591,61,135,viral|new,comment content video,False
YT102557,How the Final Boss Changed Everything,Channel_55,Comedy,US,2026-03-04,8,2026-03-04 00:00:00,375520,15230,952,1678,review|gaming|2026,cringe great watched underrated,False
YT102558,Gaming Setup - Official Music Video,Channel_369,Science & Technology,CA,2026-01-23,8,2026-01-22 00:00:00,401667,22951,2398,1210,review|viral,trash flop amazing,False
YT102559,the Final Boss vs Everyone | Full Match,Channel_143,News & Politics,US,2026-03-02,2,2026-02-26 00:00:00,369955,13018,590,2092,highlights|funny|2026|gaming,goated video,False
YT102560,the Universe REACTION,Channel_12,Comedy,AU,2026-03-22,9,2026-03-18 00:00:00,33269,166,15,78,viral|trending,content unwatchable watched,False
YT102561,How TikTok Changed Everything,Channel_499,Gaming,CA,2026-08-08,8,2026-08-08 00:00:00,152453,6346,222,680,highlights|2026|viral|gaming,cringe flop worst fine fantastic best,False
YT102562,the Universe Live Performance 2026,Channel_249,Entertainment,IN,2026-05-20,11,2026-05-16 00:00:00,258489,12776,781,1109,new|music|2026|official,fine,False
YT102563,the Ocean Full Episode | Highlights,Channel_211,Music,CA,2026-05-09,3,2026-05-09 00:00:00,322800,15000,1029,1913,funny|review|official|highlights,excellent video awful unwatchable awful watched underrated,False
YT102564,How the Stock Market Changed Everything,Channel_91,Music,AU,2026-02-07,12,2026-02-04 00:00:00,191022,6768,454,364,2026|official,watched review okay watched upload,False
YT102565,Robots REACTION,Channel_270,News & Politics,CA,2026-02-07,14,2026-02-07 00:00:00,384058,19782,1952,1612,review|music|gaming|official,love review,False
YT102566,Budget Travel Full Episode | Highlights,Channel_199,Entertainment,IN,2026-06-17,14,2026-06-13 00:00:00,218978,10129,1098,963,viral|funny,video honestly fire,False
YT102567,The Truth About Season 5,Channel_91,Entertainment,US,2026-08-03,10,2026-08-01 00:00:00,439322,32397,1738,644,review|2026|trending|new,watched terrible,False
YT102568,TikTok Breaking News Update,Channel_418,Music,CA,2026-04-29,8,2026-04-28 00:00:00,1778713,33109,2137,5969,viral|2026,terrible awful,False
YT102569,Gaming Setup Full Episode | Highlights,Channel_65,People & Blogs,GB,2026-02-21,11,2026-02-19 00:00:00,796890,51189,5364,2968,new|official|review|gaming,goated excellent flop,False
YT102570,Learn Budget Travel in 10 Minutes,Channel_462,Entertainment,US,2026-02-27,11,2026-02-25 00:00:00,444825,24161,2784,1467,official|review,overrated,False
YT102571,OFFICIAL Trailer: AI,Channel_163,Film & Animation,GB,2026-02-15,14,2026-02-12 00:00:00,434581,22052,1855,1131,highlights|official|trending,watched awesome video excellent,False
YT102572,the Championship vs Everyone | Full Match,Channel_418,Sports,AU,2026-07-31,9,2026-07-28 00:00:00,524566,13744,713,2533,highlights|2026|trending|gaming,fire excellent,False
YT102573,Budget Travel Breaking News Update,Channel_162,Comedy,US,2026-06-23,9,2026-06-22 00:00:00,510320,14192,632,1731,trending|viral|2026|official,amazing amazing review best cringe content,False
YT102574,I Tried the World Cup For 24 Hours,Channel_139,Gaming,US,2026-03-19,5,2026-03-15 00:00:00,941761,32240,3788,4247,official|music,honestly best perfect video watched like video,False
YT102575,the World Cup Full Episode | Highlights,Channel_202,News & Politics,AU,2026-01-11,6,2026-01-11 00:00:00,20597,961,31,122,funny|gaming|review,like disappointing fine fine channel,False
YT102576,How the Final Boss Changed Everything,Channel_69,Film & Animation,AU,2026-04-15,5,2026-04-15 00:00:00,383604,16723,1473,2139,music|new|official|trending,honestly video love like great cringe video,False
YT102577,How Budget Travel Changed Everything,Channel_111,Sports,CA,2026-01-05,8,2026-01-03 00:00:00,620505,37038,3792,2506,official|review|music|highlights,fine channel content disappointing goated,False
YT102578,Robots vs Everyone | Full Match,Channel_125,Entertainment,GB,2026-06-09,5,2026-06-08 00:00:00,732613,14422,1315,3563,2026|gaming,worst honestly unwatchable brilliant thoughts like,False
YT102579,New York Breaking News Update,Channel_15,Education,IN,2026-08-18,2,2026-08-15 00:00:00,315530,14819,1167,351,music|viral,trash best,False
YT102580,New York REACTION,Channel_350,People & Blogs,US,2026-06-28,7,2026-06-24 00:00:00,432636,26670,2171,2264,2026|viral|new,best okay like awesome,False
YT102581,the Universe Full Episode | Highlights,Channel_2,Film & Animation,GB,2026-01-02,14,2026-01-01 00:00:00,255842,10940,1151,886,2026|highlights|review|official,content perfect watched content,False
YT102582,TikTok REACTION,Channel_307,Gaming,US,2026-01-13,5,2026-01-12 00:00:00,380458,12281,1358,1794,funny|2026,awful brilliant content,False
YT102583,the Universe Live Performance 2026,Channel_149,Music,US,2026-04-16,11,2026-04-13 00:00:00,185897,7849,463,1070,music|trending|funny|official,okay like great,False
YT102584,the Ocean vs Everyone | Full Match,Channel_17,Gaming,GB,2026-06-19,6,2026-06-16 00:00:00,615584,30604,1975,1293,new|official|music,excellent love fine,False
YT102585,my Life REACTION,Channel_490,People & Blogs,CA,2026-01-27,11,2026-01-25 00:00:00,119703,8767,823,327,funny|viral|review|official,great okay perfect,False
YT102586,the Championship Full Episode | Highlights,Channel_283,Gaming,CA,2026-06-12,8,2026-06-11 00:00:00,203615,11652,1266,653,music|trending,perfect review fine fine terrible perfect,False
YT102587,I Tried the Algorithm For 24 Hours,Channel_386,News & Politics,GB,2026-03-19,2,2026-03-15 00:00:00,376185,21166,838,1717,new|gaming,flop hate upload,False
YT102588,New York Breaking News Update,Channel_172,Gaming,IN,2026-01-29,5,2026-01-28 00:00:00,501419,19683,1344,1538,gaming|viral|official,review waste honestly watched waste fantastic,False
YT102589,Top 10 the Stock Market Moments,Channel_115,Sports,AU,2026-07-14,7,2026-07-10 00:00:00,346172,22410,1886,906,gaming|trending|new|highlights,okay watched fine like,False
YT102590,Top 10 TikTok Moments,Channel_279,Film & Animation,CA,2026-06-10,10,2026-06-07 00:00:00,216394,9480,452,1024,trending|highlights,honestly perfect flop watched,False
YT102591,Robots Live Performance 2026,Channel_13,Sports,AU,2026-03-26,8,2026-03-22 00:00:00,704755,21788,2175,1820,funny|review|trending|gaming,upload love disappointing trash underrated brilliant,False
YT102592,the Universe - Official Music Video,Channel_381,Comedy,GB,2026-04-05,3,2026-04-02 00:00:00,143184,5899,431,754,gaming|official|viral,fire brilliant waste love unwatchable fire,False
YT102593,Street Food REACTION,Channel_119,Gaming,US,2026-01-18,12,2026-01-16 00:00:00,498977,38399,4164,1610,trending|highlights|gaming|new,trash,False
YT102594,OFFICIAL Trailer: my Life,Channel_413,News & Politics,GB,2026-02-01,5,2026-02-01 00:00:00,755506,27901,3282,3495,review|highlights,thoughts love excellent,False
YT102595,I Tried Gaming Setup For 24 Hours,Channel_196,News & Politics,CA,2026-02-08,8,2026-02-08 00:00:00,269630,11478,572,1095,funny|gaming|music,watched waste,False
YT102596,Street Food REACTION,Channel_363,Gaming,IN,2026-08-09,4,2026-08-05 00:00:00,1614692,79763,6662,6143,gaming|trending|review|highlights,great comment,False
YT102597,the Universe REACTION,Channel_473,Comedy,IN,2026-08-23,9,2026-08-21 00:00:00,570998,23011,1718,2299,official|2026|trending,watched fine,False
YT102598,TikTok Breaking News Update,Channel_33,Entertainment,IN,2026-04-21,11,2026-04-19 00:00:00,752148,32298,2200,3891,new|funny,content perfect comment okay,False
YT102599,Learn Gaming Setup in 10 Minutes,Channel_382,Music,GB,2026-07-21,4,2026-07-18 00:00:00,950177,62759,7432,3399,funny|highlights,comment cringe hate comment overrated great okay,False
YT102600,I Tried the Championship For 24 Hours,Channel_170,Entertainment,AU,2026-05-22,1,2026-05-21 00:00:00,287545,17649,720,1328,highlights|trending,channel upload excellent awesome great comment fine,False
YT102601,How my Life Changed Everything,Channel_185,Music,US,2026-03-07,12,2026-03-05 00:00:00,26747,966,86,162,music|funny|new|highlights,review honestly,False
YT102602,the World Cup - Official Music Video,Channel_123,Film & Animation,US,2026-06-30,14,2026-06-27 00:00:00,455790,13781,1157,2447,gaming|review,perfect amazing like,False
YT102603,Budget Travel Live Performance 2026,Channel_1,Entertainment,US,2026-03-14,7,2026-03-12 00:00:00,136859,6458,430,865,2026|review,content amazing watched great great,False
YT102604,The Truth About the World Cup,Channel_428,Music,IN,2026-03-17,4,2026-03-16 00:00:00,1332370,56222,2088,9669,viral|gaming,flop perfect love watched cringe thoughts upload,False
YT102605,New York Full Episode | Highlights,Channel_212,Music,US,2026-04-14,2,2026-04-12 00:00:00,1258854,29421,3352,7778,viral|official|trending|music,love excellent comment honestly love cringe fire,False
YT102606,How the Final Boss Changed Everything,Channel_106,Comedy,IN,2026-05-12,2,2026-05-09 00:00:00,523042,10784,537,2169,official|highlights|new,cringe awesome love,False
YT102607,OFFICIAL Trailer: New York,Channel_287,Film & Animation,AU,2026-06-26,5,2026-06-23 00:00:00,38693,1865,106,126,funny|viral|new,waste excellent,False
YT102608,How Gaming Setup Changed Everything,Channel_455,News & Politics,US,2026-01-21,6,2026-01-21 00:00:00,91092,4264,234,346,music|trending|funny|highlights,great thoughts awesome channel fantastic,False
YT102609,OFFICIAL Trailer: TikTok,Channel_306,People & Blogs,IN,2026-04-07,5,2026-04-05 00:00:00,81878,1826,181,53,music|funny|2026|new,cringe trash channel thoughts,False
YT102610,the World Cup Full Episode | Highlights,Channel_178,Gaming,IN,2026-01-29,7,2026-01-27 00:00:00,310192,8369,613,1591,gaming|official|2026|trending,fine flop,False
YT102611,The Truth About TikTok,Channel_108,Comedy,GB,2026-02-06,13,2026-02-06 00:00:00,197171,4496,270,278,viral|funny|2026,upload upload goated honestly honestly like,True
YT102612,I Tried the Championship For 24 Hours,Channel_206,Entertainment,US,2026-04-11,13,2026-04-08 00:00:00,448648,8066,582,1392,review|gaming|2026,fantastic flop fire goated,False
YT102613,Season 5 vs Everyone | Full Match,Channel_148,Gaming,US,2026-06-26,9,2026-06-22 00:00:00,462610,19687,2237,1218,official|new|viral,goated channel flop channel content,False
YT102614,How TikTok Changed Everything,Channel_147,Comedy,GB,2026-05-27,1,2026-05-26 00:00:00,263486,8063,610,790,viral|highlights|review,comment thoughts review,False
YT102615,Season 5 Live Performance 2026,Channel_491,Sports,US,2026-08-28,11,2026-08-27 00:00:00,82233,3104,193,256,official|music,unwatchable underrated underrated fantastic,False
YT102616,the Stock Market Full Episode | Highlights,Channel_436,Gaming,CA,2026-04-23,10,2026-04-20 00:00:00,621287,17126,1003,1759,funny|music,unwatchable,False
YT102617,Learn the Championship in 10 Minutes,Channel_390,Entertainment,US,2026-01-29,2,2026-01-28 00:00:00,796003,32600,3484,4437,music|gaming|highlights,waste hate underrated hate goated worst,False
YT102618,How Budget Travel Changed Everything,Channel_380,Comedy,CA,2026-08-09,3,2026-08-05 00:00:00,239258,9693,514,825,review|official,amazing goated trash video goated,False
YT102619,New York - Official Music Video,Channel_218,Comedy,GB,2026-06-26,11,2026-06-24 00:00:00,35320,466,21,194,viral|review|2026,okay fantastic,False
YT102620,Learn the Universe in 10 Minutes,Channel_230,Film & Animation,CA,2026-07-23,5,2026-07-23 00:00:00,139357,4298,243,691,funny|official,thoughts brilliant okay upload fine hate boring,False
YT102621,Top 10 TikTok Moments,Channel_219,Music,US,2026-02-27,1,2026-02-27 00:00:00,731881,9345,1047,3696,funny|viral,upload flop amazing,False
YT102622,the Championship REACTION,Channel_303,Comedy,CA,2026-06-30,3,2026-06-30 00:00:00,188498,9017,773,966,new|official|funny|highlights,watched waste underrated video fantastic trash,False
YT102623,the Ocean Breaking News Update,Channel_92,Education,US,2026-03-10,2,2026-03-07 00:00:00,356327,16555,1177,2377,viral|highlights,worst best honestly,False
YT102624,the Stock Market vs Everyone | Full Match,Channel_294,People & Blogs,US,2026-02-02,12,2026-01-31 00:00:00,344081,18632,1495,1710,funny|official,amazing waste thoughts,False
YT102625,I Tried the Championship For 24 Hours,Channel_297,Entertainment,GB,2026-02-10,7,2026-02-08 00:00:00,202555,9377,763,822,2026|highlights,fine content,False
YT102626,the Ocean Live Performance 2026,Channel_134,Music,IN,2026-01-23,13,2026-01-20 00:00:00,152103,5790,511,946,highlights|2026|trending|official,comment underrated awesome flop thoughts excellent,False
YT102627,the Ocean REACTION,Channel_483,Entertainment,CA,2026-03-05,8,2026-03-01 00:00:00,534961,24534,1703,1000,trending|music,upload like,False
YT102628,Top 10 Robots Moments,Channel_78,People & Blogs,AU,2026-07-18,9,2026-07-17 00:00:00,293651,18781,1946,965,music|gaming,fantastic,False
YT102629,The Truth About the World Cup,Channel_496,Gaming,AU,2026-01-03,2,2026-01-03 00:00:00,357304,14097,1339,1610,viral|music|gaming,watched thoughts,False
YT102630,OFFICIAL Trailer: Street Food,Channel_22,News & Politics,US,2026-01-22,12,2026-01-22 00:00:00,698897,11852,1186,412,new|funny|trending,upload,False
YT102631,OFFICIAL Trailer: Season 5,Channel_125,Sports,CA,2026-02-20,10,2026-02-20 00:00:00,383857,13607,1179,1541,highlights|2026|music,honestly watched honestly,False
YT102632,Top 10 Street Food Moments,Channel_420,Entertainment,GB,2026-04-12,5,2026-04-08 00:00:00,266735,15689,1614,975,highlights|viral|funny,incredible content,True
YT102633,I Tried Gaming Setup For 24 Hours,Channel_145,Entertainment,IN,2026-02-05,1,2026-02-01 00:00:00,1013656,32023,2782,603,highlights|2026,like perfect great awesome underrated honestly review,False
YT102634,the Universe vs Everyone | Full Match,Channel_51,People & Blogs,CA,2026-06-29,13,2026-06-25 00:00:00,519086,30820,3159,2694,2026|funny,disappointing overrated upload watched,False
YT102635,my Life Breaking News Update,Channel_471,Science & Technology,GB,2026-01-25,9,2026-01-23 00:00:00,147161,9869,365,531,official|music|2026,watched fine,False
YT102636,The Truth About AI,Channel_130,Sports,AU,2026-05-16,7,2026-05-12 00:00:00,127950,6256,740,250,music|2026|review|official,love best worst,False
YT102637,Learn Street Food in 10 Minutes,Channel_171,News & Politics,GB,2026-05-29,7,2026-05-25 00:00:00,351950,10365,410,1097,2026|music|trending|review,content fantastic,False
YT102638,the Ocean Live Performance 2026,Channel_490,Gaming,GB,2026-07-21,2,2026-07-18 00:00:00,814206,53492,5434,2943,new|2026,fantastic thoughts comment best,False
YT102639,Robots vs Everyone | Full Match,Channel_171,Film & Animation,GB,2026-03-25,2,2026-03-25 00:00:00,134555,8773,422,177,new|2026|trending|official,awesome trash review amazing,False
YT102640,the Algorithm - Official Music Video,Channel_228,Gaming,IN,2026-01-13,11,2026-01-12 00:00:00,497496,27291,2078,1385,highlights|gaming|2026,goated fire excellent,False
YT102641,my Life Breaking News Update,Channel_456,Film & Animation,CA,2026-04-09,13,2026-04-09 00:00:00,342653,1713,173,1343,trending|2026|highlights|music,comment love awesome content,False
YT102642,Learn the Championship in 10 Minutes,Channel_16,Gaming,IN,2026-01-26,10,2026-01-25 00:00:00,273095,16409,1665,531,review|2026|new,incredible love upload trash perfect upload love waste,False
YT102643,TikTok Full Episode | Highlights,Channel_289,News & Politics,GB,2026-03-26,1,2026-03-24 00:00:00,114608,3072,363,536,funny|viral|music|2026,content comment review review fine,False
YT102644,the Stock Market Breaking News Update,Channel_190,Gaming,GB,2026-08-23,2,2026-08-22 00:00:00,700018,19983,1430,1647,music|review,honestly worst channel thoughts unwatchable worst,True
YT102645,the Universe Full Episode | Highlights,Channel_163,Gaming,CA,2026-07-07,8,2026-07-05 00:00:00,208234,4980,257,851,funny|2026|gaming|new,flop fire fine disappointing okay,False
YT102646,my Life vs Everyone | Full Match,Channel_215,Comedy,AU,2026-07-07,12,2026-07-05 00:00:00,520169,29547,3454,2766,official|gaming|2026,okay unwatchable boring like thoughts review comment,False
YT102647,the Stock Market Full Episode | Highlights,Channel_439,Music,IN,2026-05-14,5,2026-05-11 00:00:00,764070,44294,4657,4682,review|funny,excellent comment,False
YT102648,Learn the Final Boss in 10 Minutes,Channel_236,Entertainment,GB,2026-08-13,10,2026-08-11 00:00:00,422669,22964,2180,540,trending|official|gaming,cringe thoughts brilliant honestly,False
YT102649,Top 10 Season 5 Moments,Channel_289,News & Politics,US,2026-03-27,14,2026-03-26 00:00:00,924521,40441,4606,184,new|trending,content amazing fire fine worst,False
YT102650,Street Food Live Performance 2026,Channel_249,Music,CA,2026-05-14,11,2026-05-14 00:00:00,607563,29570,929,2885,2026|new|viral|music,upload comment content okay okay okay love,False
YT102651,the Universe Full Episode | Highlights,Channel_352,Entertainment,CA,2026-03-16,14,2026-03-16 00:00:00,1159349,69029,7351,3112,highlights|review,brilliant fine perfect okay thoughts perfect fantastic,True
YT102652,OFFICIAL Trailer: the Universe,Channel_486,News & Politics,GB,2026-08-15,4,2026-08-13 00:00:00,109829,2526,280,514,funny|review|2026,amazing watched video video,False
YT102653,New York - Official Music Video,Channel_494,News & Politics,US,2026-01-22,11,2026-01-19 00:00:00,647914,51169,2687,1963,viral|music|review,excellent great,True
YT102654,the Stock Market Breaking News Update,Channel_13,News & Politics,GB,2026-07-06,2,2026-07-04 00:00:00,1230099,21574,2131,4449,music|new|viral|gaming,watched this video,False
YT102655,Season 5 Full Episode | Highlights,Channel_293,Entertainment,US,2026-08-10,6,2026-08-10 00:00:00,251220,13106,1333,774,music|highlights|trending,awesome excellent,False
YT102656,OFFICIAL Trailer: the World Cup,Channel_8,Sports,GB,2026-07-10,12,2026-07-09 00:00:00,254386,5122,497,1124,2026|review|viral,goated boring content video like,False
YT102657,The Truth About Season 5,Channel_77,Film & Animation,IN,2026-03-16,9,2026-03-14 00:00:00,417916,18788,1712,1311,highlights|gaming|new|2026,waste like content cringe,False
YT102658,the Ocean Breaking News Update,Channel_444,People & Blogs,AU,2026-04-17,4,2026-04-14 00:00:00,141991,4535,154,510,music|trending,goated like okay watched best,True
YT102659,I Tried my Life For 24 Hours,Channel_298,Gaming,IN,2026-06-17,5,2026-06-16 00:00:00,650705,22918,2574,3034,music|new|review,content,False
YT102660,the Final Boss REACTION,Channel_413,Entertainment,GB,2026-03-15,3,2026-03-15 00:00:00,351524,12851,684,1787,new|2026,worst review review,False
YT102661,Top 10 the Universe Moments,Channel_179,People & Blogs,GB,2026-04-17,14,2026-04-16 00:00:00,331130,7575,887,1588,highlights|2026,channel cringe perfect best,False
YT102662,Learn the Algorithm in 10 Minutes,Channel_360,Film & Animation,IN,2026-01-09,10,2026-01-07 00:00:00,323546,18141,1805,497,funny|official|new,incredible fire thoughts incredible terrible,False
YT102663,OFFICIAL Trailer: Gaming Setup,Channel_127,Sports,IN,2026-05-17,3,2026-05-13 00:00:00,405171,28765,1306,1729,review|gaming|viral|music,upload excellent honestly terrible,False
YT102664,Street Food vs Everyone | Full Match,Channel_29,People & Blogs,US,2026-02-26,6,2026-02-25 00:00:00,393324,11685,593,1108,new|viral|trending,brilliant brilliant watched review excellent comment,False
YT102665,Robots Live Performance 2026,Channel_314,Gaming,CA,2026-08-24,2,2026-08-21 00:00:00,284537,10426,1175,1061,highlights|2026,awesome okay okay goated fine upload fire fantastic,False
YT102666,OFFICIAL Trailer: Robots,Channel_332,People & Blogs,CA,2026-06-06,12,2026-06-02 00:00:00,294262,17952,2056,1273,gaming|trending|2026,incredible disappointing content like waste,False
YT102667,Learn the Universe in 10 Minutes,Channel_143,Gaming,GB,2026-02-28,8,2026-02-26 00:00:00,1182125,79851,2869,7881,official|trending|highlights,content review honestly goated watched,False
YT102668,Street Food REACTION,Channel_173,Music,AU,2026-04-28,7,2026-04-25 00:00:00,1588025,67590,2763,4519,gaming|trending,hate channel video love,False
YT102669,the Universe Breaking News Update,Channel_1,Education,IN,2026-06-23,14,2026-06-19 00:00:00,100320,7506,768,538,2026|funny|highlights|trending,comment goated hate waste,False
YT102670,Street Food Breaking News Update,Channel_429,Gaming,US,2026-07-03,5,2026-06-30 00:00:00,1064504,43426,1888,5354,trending|viral,amazing awful video overrated amazing,False
YT102671,OFFICIAL Trailer: the Stock Market,Channel_236,Entertainment,CA,2026-06-08,4,2026-06-05 00:00:00,1175369,52682,4252,4500,viral|trending,fine thoughts content overrated incredible,False
YT102672,Gaming Setup Live Performance 2026,Channel_344,Sports,CA,2026-07-24,6,2026-07-22 00:00:00,234027,2902,184,1298,trending|funny|new,flop content,False
YT102673,my Life - Official Music Video,Channel_175,Sports,AU,2026-08-06,4,2026-08-06 00:00:00,687585,32046,3555,2413,2026|highlights|music|funny,upload amazing love boring,False
YT102674,Gaming Setup vs Everyone | Full Match,Channel_66,Music,CA,2026-05-14,1,2026-05-13 00:00:00,535369,16962,534,2019,funny|highlights|2026,channel fire excellent underrated honestly video okay,False
YT102675,Learn the Universe in 10 Minutes,Channel_136,Education,IN,2026-06-21,8,2026-06-21 00:00:00,176934,8016,265,897,viral|highlights,fine disappointing video best like okay,False
YT102676,OFFICIAL Trailer: Season 5,Channel_10,Entertainment,CA,2026-01-29,3,2026-01-29 00:00:00,219422,10378,505,559,trending|official,review thoughts honestly okay video,False
YT102677,Robots Full Episode | Highlights,Channel_473,Education,US,2026-07-20,9,2026-07-20 00:00:00,77800,3044,97,388,trending|new|review,incredible hate watched underrated,True
YT102678,the Final Boss REACTION,Channel_492,Music,GB,2026-08-15,10,2026-08-11 00:00:00,587920,28251,2658,2356,music|funny|new|official,awesome video thoughts perfect like,False
YT102679,Learn Robots in 10 Minutes,Channel_265,Comedy,AU,2026-03-22,8,2026-03-19 00:00:00,369507,10887,1268,1586,new|viral,video upload honestly upload content,False
YT102680,Top 10 the Championship Moments,Channel_233,Comedy,CA,2026-07-17,9,2026-07-16 00:00:00,158021,4482,147,844,viral|highlights,fantastic upload waste worst,False
YT102681,OFFICIAL Trailer: Gaming Setup,Channel_216,Sports,US,2026-04-30,2,2026-04-26 00:00:00,372462,26886,2660,840,music|2026|funny,trash fine fire channel perfect awful,False
YT102682,the Universe REACTION,Channel_89,Entertainment,CA,2026-08-02,10,2026-07-31 00:00:00,122988,9655,476,608,gaming|viral|2026|trending,channel terrible great,False
YT102683,Season 5 Breaking News Update,Channel_452,Film & Animation,AU,2026-06-06,2,2026-06-04 00:00:00,611122,39401,1412,2634,music|trending|gaming|new,fantastic goated,False
YT102684,the Championship - Official Music Video,Channel_158,Music,US,2026-03-31,7,2026-03-27 00:00:00,995955,6788,803,5888,music|highlights|official,awesome like okay video fine thoughts,False
YT102685,the Championship Breaking News Update,Channel_227,Music,GB,2026-07-05,4,2026-07-01 00:00:00,460925,20737,2446,2266,trending|funny,underrated fantastic underrated great upload channel flop comment,False
YT102686,Gaming Setup Live Performance 2026,Channel_343,Music,US,2026-05-13,10,2026-05-13 00:00:00,1444653,85382,7461,4963,funny|highlights|review,review okay underrated fire review worst,False
YT102687,How Gaming Setup Changed Everything,Channel_22,Sports,US,2026-08-27,10,2026-08-27 00:00:00,278643,14046,860,746,highlights|new|funny,watched this video,True
YT102688,Season 5 Live Performance 2026,Channel_130,Music,IN,2026-08-22,6,2026-08-20 00:00:00,688476,37069,4009,2642,review|highlights|music|trending,fantastic perfect,False
YT102689,Budget Travel REACTION,Channel_71,Entertainment,GB,2026-06-18,14,2026-06-18 00:00:00,347205,5397,546,1912,viral|review,fine perfect,True
YT102690,the Universe REACTION,Channel_69,Sports,GB,2026-02-20,5,2026-02-17 00:00:00,800781,23619,2610,4893,funny|new|gaming|2026,boring trash boring review content,False
YT102691,OFFICIAL Trailer: Gaming Setup,Channel_87,Gaming,AU,2026-08-05,13,2026-08-01 00:00:00,1043438,24827,2399,2721,gaming|music|funny,fine worst,False
YT102692,I Tried the Universe For 24 Hours,Channel_370,Film & Animation,CA,2026-06-10,2,2026-06-10 00:00:00,90618,4895,406,431,viral|trending|2026|new,waste best review awesome,False
YT102693,the Ocean REACTION,Channel_266,News & Politics,IN,2026-04-19,2,2026-04-15 00:00:00,156047,8814,1046,340,2026|trending|review,watched this video,False
YT102694,Budget Travel - Official Music Video,Channel_172,Music,GB,2026-04-22,2,2026-04-18 00:00:00,444364,19349,2273,1743,trending|highlights,thoughts fantastic worst fine trash,False
YT102695,the Universe Breaking News Update,Channel_429,Music,GB,2026-06-08,5,2026-06-05 00:00:00,695067,24779,2300,1098,viral|music|official|review,perfect goated content goated,False
YT102696,the Stock Market vs Everyone | Full Match,Channel_112,Music,AU,2026-08-01,8,2026-08-01 00:00:00,538739,15403,1803,1585,gaming|highlights|official,cringe review fire fire,False
YT102697,Street Food Breaking News Update,Channel_344,Entertainment,CA,2026-03-02,2,2026-03-02 00:00:00,1084819,35585,3396,4162,viral|official|2026,review excellent waste watched,True
YT102698,the Final Boss Breaking News Update,Channel_40,People & Blogs,AU,2026-03-26,8,2026-03-26 00:00:00,554414,28628,3112,3079,highlights|official,underrated disappointing video worst comment content,False
YT102699,Top 10 the Universe Moments,Channel_476,Entertainment,AU,2026-02-23,10,2026-02-20 00:00:00,207877,11139,1321,531,trending|viral|gaming|review,thoughts video great,False
YT102700,New York - Official Music Video,Channel_209,Entertainment,CA,2026-02-04,11,2026-02-02 00:00:00,205139,9262,542,646,review|2026,boring awful review,False
YT102701,Gaming Setup Full Episode | Highlights,Channel_68,Science & Technology,AU,2026-06-21,12,2026-06-19 00:00:00,580179,15844,553,3044,trending|music,perfect like honestly review,False
YT102702,Season 5 Breaking News Update,Channel_394,Gaming,US,2026-03-29,9,2026-03-25 00:00:00,609203,17781,1276,1793,official|review|music,channel video,False
YT102703,How the Final Boss Changed Everything,Channel_262,News & Politics,CA,2026-02-10,14,2026-02-10 00:00:00,549505,40342,1329,996,gaming|trending|highlights,great fine great unwatchable awful,False
YT102704,the Universe Live Performance 2026,Channel_255,Film & Animation,IN,2026-03-22,2,2026-03-18 00:00:00,812596,51116,2647,1675,gaming|music|viral|trending,upload video love brilliant goated thoughts,False
YT102705,the World Cup - Official Music Video,Channel_195,Film & Animation,CA,2026-08-01,4,2026-07-28 00:00:00,554499,18807,936,1304,music|review|gaming|new,video,False
YT102706,the Stock Market Live Performance 2026,Channel_108,Education,CA,2026-03-03,1,2026-02-27 00:00:00,360416,16637,1177,2101,gaming|viral|highlights|official,content incredible love,False
YT102707,OFFICIAL Trailer: my Life,Channel_333,Entertainment,IN,2026-07-24,6,2026-07-22 00:00:00,703185,31143,3062,2289,funny|highlights|2026,brilliant fire,False
YT102708,Learn my Life in 10 Minutes,Channel_169,Comedy,AU,2026-01-16,1,2026-01-12 00:00:00,401031,33014,2388,673,new|review|trending,awesome content great,False
YT102709,Learn Robots in 10 Minutes,Channel_398,Science & Technology,GB,2026-04-25,8,2026-04-25 00:00:00,497864,30680,1357,1886,funny|highlights|official,content best amazing comment perfect content,False
YT102710,the Universe Full Episode | Highlights,Channel_183,Gaming,US,2026-05-05,7,2026-05-01 00:00:00,499376,26044,2018,2204,official|gaming|funny,content unwatchable great comment watched video brilliant,False
YT102711,Season 5 REACTION,Channel_278,Gaming,AU,2026-04-24,4,2026-04-20 00:00:00,188594,10729,1023,422,trending|funny,review okay worst incredible,False
YT102712,the Algorithm vs Everyone | Full Match,Channel_400,News & Politics,AU,2026-08-01,4,2026-07-30 00:00:00,27389,1880,184,80,music|gaming|funny,incredible hate comment,False
YT102713,New York Full Episode | Highlights,Channel_81,People & Blogs,AU,2026-06-24,4,2026-06-24 00:00:00,163047,5703,505,776,review|funny|music,excellent honestly comment incredible thoughts,False
YT102714,the World Cup REACTION,Channel_289,Film & Animation,AU,2026-02-13,6,2026-02-09 00:00:00,357038,11746,1027,1670,trending|gaming|official|highlights,fantastic comment watched,False
YT102715,the Universe vs Everyone | Full Match,Channel_474,Science & Technology,US,2026-07-29,1,2026-07-26 00:00:00,169967,5032,287,836,music|trending,like video comment perfect,False
YT102716,Budget Travel Live Performance 2026,Channel_259,Entertainment,CA,2026-08-18,12,2026-08-16 00:00:00,408071,31740,3211,1492,funny|new|music,flop goated okay waste,False
YT102717,I Tried the Final Boss For 24 Hours,Channel_398,Gaming,US,2026-06-28,11,2026-06-28 00:00:00,554013,25598,1129,2500,official|2026|funny|review,watched thoughts awesome video,False
YT102718,the Algorithm vs Everyone | Full Match,Channel_368,Film & Animation,CA,2026-02-13,9,2026-02-10 00:00:00,476708,14867,929,2252,official|new,incredible,False
YT102719,OFFICIAL Trailer: the Championship,Channel_92,News & Politics,AU,2026-07-03,5,2026-06-29 00:00:00,459135,22505,1085,741,music|official|review,excellent thoughts cringe amazing,False
YT102720,Budget Travel Live Performance 2026,Channel_477,Comedy,US,2026-02-13,13,2026-02-13 00:00:00,968321,39020,2215,638,new|review|gaming|music,excellent unwatchable great waste,False
YT102721,Season 5 Breaking News Update,Channel_398,Education,IN,2026-03-07,14,2026-03-06 00:00:00,264354,10746,613,1934,music|highlights|official,fine review upload video upload incredible,False
YT102722,the Ocean Full Episode | Highlights,Channel_261,Music,AU,2026-01-17,4,2026-01-14 00:00:00,304301,9179,719,1158,funny|gaming|official|viral,thoughts fine great,False
YT102723,Learn the Ocean in 10 Minutes,Channel_197,People & Blogs,GB,2026-05-07,12,2026-05-04 00:00:00,353028,18064,881,1761,viral|new|funny|gaming,content comment upload,False
YT102724,New York Live Performance 2026,Channel_482,Entertainment,GB,2026-06-07,4,2026-06-05 00:00:00,781553,53198,3326,3400,highlights|gaming|2026|viral,channel love incredible fantastic,False
YT102725,Learn the Stock Market in 10 Minutes,Channel_300,Science & Technology,US,2026-05-19,6,2026-05-16 00:00:00,21210,1446,81,89,trending|funny|2026|official,overrated awesome fantastic okay flop,False
YT102726,Top 10 the Ocean Moments,Channel_107,News & Politics,IN,2026-03-19,9,2026-03-18 00:00:00,233382,7433,442,1146,music|viral,awesome,False
YT102727,The Truth About the Final Boss,Channel_319,Education,AU,2026-05-19,5,2026-05-16 00:00:00,376007,12733,420,1775,trending|2026|highlights,okay goated flop okay,False
YT102728,Street Food - Official Music Video,Channel_417,Gaming,IN,2026-05-06,12,2026-05-06 00:00:00,1433275,70270,2604,7252,music|gaming|trending,incredible underrated,False
YT102729,AI Live Performance 2026,Channel_71,Science & Technology,US,2026-03-20,4,2026-03-20 00:00:00,178921,4652,519,445,review|2026|highlights,brilliant video brilliant,False
YT102730,OFFICIAL Trailer: the Universe,Channel_408,Film & Animation,US,2026-06-09,9,2026-06-07 00:00:00,206502,15620,1347,851,new|review,video cringe love incredible fantastic excellent okay,False
YT102731,Learn the Championship in 10 Minutes,Channel_430,Entertainment,CA,2026-03-30,2,2026-03-26 00:00:00,402544,20581,1898,1228,gaming|trending|music,honestly love okay underrated comment brilliant channel video,False
YT102732,New York - Official Music Video,Channel_245,Comedy,IN,2026-04-11,7,2026-04-07 00:00:00,1032953,29186,1586,2054,viral|music,like,False
YT102733,Top 10 Gaming Setup Moments,Channel_152,Entertainment,GB,2026-08-11,3,2026-08-08 00:00:00,321689,12923,1124,1769,music|new,waste fantastic thoughts brilliant,False
YT102734,TikTok Breaking News Update,Channel_324,Gaming,CA,2026-06-17,12,2026-06-14 00:00:00,746221,33559,2837,1412,gaming|trending,fine video upload awful brilliant amazing,False
YT102735,OFFICIAL Trailer: the World Cup,Channel_82,Film & Animation,CA,2026-04-09,2,2026-04-05 00:00:00,443615,19019,2122,1112,funny|viral|new,review honestly waste,False
YT102736,the Championship Live Performance 2026,Channel_479,Music,AU,2026-02-10,4,2026-02-10 00:00:00,1396097,80182,5223,6540,review|gaming,like content brilliant,False
YT102737,TikTok Breaking News Update,Channel_82,Music,GB,2026-01-23,14,2026-01-19 00:00:00,244071,12060,610,1583,music|new,honestly,False
YT102738,I Tried AI For 24 Hours,Channel_329,Science & Technology,IN,2026-06-07,11,2026-06-06 00:00:00,63134,2741,228,261,funny|2026|official,thoughts,False
YT102739,AI REACTION,Channel_90,Sports,CA,2026-06-27,11,2026-06-27 00:00:00,395930,20805,1980,1565,2026|gaming|viral,content upload watched thoughts,False
YT102740,How Gaming Setup Changed Everything,Channel_431,Film & Animation,US,2026-05-23,12,2026-05-20 00:00:00,471681,22960,2316,2104,trending|funny|2026,awesome,False
YT102741,New York REACTION,Channel_102,Film & Animation,CA,2026-05-01,10,2026-04-30 00:00:00,418360,19224,866,2312,2026|gaming|highlights|trending,hate okay channel,False
YT102742,Learn my Life in 10 Minutes,Channel_320,Music,IN,2026-06-08,10,2026-06-05 00:00:00,479860,27263,2481,966,funny|review|music|new,review perfect,False
YT102743,How Season 5 Changed Everything,Channel_346,Science & Technology,CA,2026-06-18,4,2026-06-15 00:00:00,106162,6461,373,263,review|trending,channel comment channel amazing content,False
YT102744,the Ocean vs Everyone | Full Match,Channel_220,Gaming,CA,2026-04-04,4,2026-04-02 00:00:00,273702,12484,1240,756,gaming|viral|review,incredible like,False
YT102745,How the World Cup Changed Everything,Channel_397,Music,GB,2026-03-04,13,2026-02-28 00:00:00,1064854,60181,4540,787,official|gaming|viral|music,best fine upload upload amazing content,False
YT102746,the Stock Market - Official Music Video,Channel_85,Entertainment,CA,2026-04-19,8,2026-04-19 00:00:00,413608,10646,1027,1674,new|highlights,content upload best okay,False
YT102747,OFFICIAL Trailer: my Life,Channel_464,Comedy,CA,2026-01-15,10,2026-01-14 00:00:00,283154,11266,550,715,2026|official|gaming|highlights,upload,False
YT102748,New York vs Everyone | Full Match,Channel_290,Entertainment,IN,2026-08-09,5,2026-08-08 00:00:00,99282,5577,668,327,music|viral|trending|gaming,worst video flop,False
YT102749,the Ocean REACTION,Channel_27,Music,AU,2026-04-13,12,2026-04-09 00:00:00,320432,13348,801,944,music|2026|gaming,upload,False
YT102750,Learn the Algorithm in 10 Minutes,Channel_345,Science & Technology,CA,2026-07-25,10,2026-07-22 00:00:00,246038,19443,601,205,music|highlights|official|viral,excellent fantastic great fine fine honestly watched underrated watched,False
YT102751,I Tried Robots For 24 Hours,Channel_491,Film & Animation,GB,2026-05-13,11,2026-05-09 00:00:00,411167,18408,660,1719,new|trending,terrible fine,False
YT102752,the World Cup Breaking News Update,Channel_122,Science & Technology,US,2026-08-14,9,2026-08-10 00:00:00,808011,26469,1426,4436,2026|viral,unwatchable honestly goated fine content comment comment,False
YT102753,I Tried Street Food For 24 Hours,Channel_301,Gaming,US,2026-08-18,4,2026-08-17 00:00:00,486215,21448,1528,1087,funny|highlights|new,watched watched review unwatchable watched goated review,False
YT102754,The Truth About Gaming Setup,Channel_390,Film & Animation,GB,2026-06-23,7,2026-06-21 00:00:00,465535,9277,643,1352,viral|official|trending|gaming,okay excellent flop hate worst underrated okay,False
YT102755,I Tried AI For 24 Hours,Channel_267,Sports,IN,2026-06-23,6,2026-06-19 00:00:00,390542,11475,960,1593,gaming|official|funny|highlights,flop incredible channel video goated,False
YT102756,The Truth About the Ocean,Channel_63,Science & Technology,US,2026-05-14,5,2026-05-14 00:00:00,452167,19625,799,1256,2026|review|trending,excellent fire channel like,False
YT102757,I Tried the Ocean For 24 Hours,Channel_409,Music,GB,2026-05-30,14,2026-05-28 00:00:00,751242,37565,1948,2293,review|highlights|2026|viral,fantastic incredible,False
YT102758,How TikTok Changed Everything,Channel_97,Education,AU,2026-01-23,14,2026-01-21 00:00:00,371521,21948,1840,2485,review|viral|highlights|trending,review review okay fire channel flop goated,False
YT102759,Top 10 Gaming Setup Moments,Channel_299,Music,AU,2026-04-28,11,2026-04-27 00:00:00,743300,28636,1905,1701,trending|2026|highlights|new,okay okay,False
YT102760,AI Live Performance 2026,Channel_369,Film & Animation,GB,2026-05-20,12,2026-05-18 00:00:00,655190,32633,3597,1824,viral|2026|funny,watched overrated flop thoughts okay,False
YT102761,I Tried Gaming Setup For 24 Hours,Channel_246,Science & Technology,AU,2026-04-24,12,2026-04-24 00:00:00,93102,3830,270,462,official|2026|viral|review,comment like excellent video video channel brilliant,False
YT102762,Street Food Breaking News Update,Channel_129,Science & Technology,US,2026-02-20,3,2026-02-17 00:00:00,912344,47187,3067,2379,viral|funny|2026|highlights,love perfect fantastic,False
YT102763,Street Food REACTION,Channel_160,Entertainment,IN,2026-01-29,12,2026-01-27 00:00:00,238064,6499,602,1465,music|trending|highlights|gaming,watched this video,False
YT102764,New York REACTION,Channel_255,Entertainment,CA,2026-08-22,7,2026-08-21 00:00:00,498472,27401,2207,994,gaming|official|trending,fine amazing,False
YT102765,Gaming Setup - Official Music Video,Channel_373,Sports,IN,2026-04-28,1,2026-04-28 00:00:00,431483,7349,659,1809,2026|viral,underrated review thoughts love honestly channel,False
YT102766,How AI Changed Everything,Channel_429,Music,GB,2026-07-17,6,2026-07-17 00:00:00,831098,39931,2887,5982,trending|music|official|highlights,comment,False
YT102767,the Ocean Breaking News Update,Channel_55,Gaming,CA,2026-07-28,2,2026-07-28 00:00:00,770228,10390,843,4529,new|2026,hate fine awesome brilliant awful video fine channel,True
YT102768,the Final Boss Breaking News Update,Channel_248,Sports,GB,2026-07-12,6,2026-07-11 00:00:00,230338,6080,640,743,funny|viral,watched fine great,False
YT102769,Robots Breaking News Update,Channel_183,Gaming,IN,2026-05-23,9,2026-05-19 00:00:00,988950,64289,4365,4285,funny|2026,terrible cringe upload terrible comment fine brilliant,False
YT102770,the Algorithm vs Everyone | Full Match,Channel_451,People & Blogs,AU,2026-03-06,4,2026-03-02 00:00:00,168371,6704,221,555,official|new|2026,okay channel boring content,False
YT102771,The Truth About the Algorithm,Channel_418,Film & Animation,US,2026-07-22,1,2026-07-21 00:00:00,297966,14211,1541,1360,gaming|highlights,disappointing watched terrible fine channel comment disappointing,False
YT102772,AI - Official Music Video,Channel_250,Entertainment,GB,2026-05-27,14,2026-05-24 00:00:00,792168,40585,1432,1961,music|highlights,honestly okay unwatchable excellent watched upload,False
YT102773,OFFICIAL Trailer: my Life,Channel_360,News & Politics,AU,2026-07-23,14,2026-07-21 00:00:00,132120,3075,243,263,trending|official|review|gaming,review best incredible excellent channel fine thoughts,False
YT102774,OFFICIAL Trailer: the Stock Market,Channel_182,Film & Animation,US,2026-01-19,7,2026-01-19 00:00:00,172143,6814,463,903,official|trending,love terrible video comment content fantastic excellent,False
YT102775,How my Life Changed Everything,Channel_422,Sports,IN,2026-02-03,1,2026-02-02 00:00:00,286173,14925,1047,1106,funny|new|highlights|viral,best brilliant,False
YT102776,The Truth About Budget Travel,Channel_52,News & Politics,GB,2026-02-16,6,2026-02-15 00:00:00,134878,10017,1142,641,review|new,thoughts excellent fine honestly boring,False
YT102777,How the Algorithm Changed Everything,Channel_322,Sports,AU,2026-01-28,5,2026-01-24 00:00:00,465669,16583,1474,2388,new|gaming|official|review,content fantastic cringe content,False
YT102778,How Budget Travel Changed Everything,Channel_280,Music,GB,2026-03-02,6,2026-02-27 00:00:00,212724,13314,1385,926,viral|gaming|funny|music,comment excellent love fire,False
YT102779,the Algorithm - Official Music Video,Channel_110,Film & Animation,AU,2026-06-27,12,2026-06-23 00:00:00,184655,6029,340,239,trending|official|new,review brilliant like review cringe hate,False
YT102780,OFFICIAL Trailer: Gaming Setup,Channel_184,Science & Technology,US,2026-01-04,4,2026-01-03 00:00:00,173327,4815,430,34,music|new|review,content,False
YT102781,I Tried Budget Travel For 24 Hours,Channel_148,Music,CA,2026-05-28,7,2026-05-26 00:00:00,491090,16048,1337,916,highlights|viral,waste channel okay review,False
YT102782,the Stock Market REACTION,Channel_71,Film & Animation,CA,2026-01-30,13,2026-01-26 00:00:00,271311,13231,692,951,official|music|viral|gaming,review unwatchable channel great perfect fine,False
YT102783,Budget Travel REACTION,Channel_281,Comedy,US,2026-02-26,7,2026-02-24 00:00:00,148819,7391,818,756,viral|music|trending|official,comment thoughts incredible,False
YT102784,New York vs Everyone | Full Match,Channel_301,Science & Technology,CA,2026-07-28,1,2026-07-28 00:00:00,657605,41259,4481,4126,music|trending|funny,content fire upload okay excellent,False
YT102785,The Truth About New York,Channel_111,Gaming,GB,2026-03-29,8,2026-03-26 00:00:00,830873,54677,3607,3256,viral|trending|music,like trash channel awful best,False
YT102786,the Ocean vs Everyone | Full Match,Channel_449,Comedy,CA,2026-02-16,12,2026-02-14 00:00:00,273315,8560,841,815,new|highlights|2026,boring unwatchable like review disappointing worst great,False
YT102787,the Championship Live Performance 2026,Channel_148,Comedy,AU,2026-05-05,14,2026-05-05 00:00:00,458062,24193,2308,1960,funny|highlights|gaming,thoughts best fire boring content brilliant fantastic content,False
YT102788,Learn my Life in 10 Minutes,Channel_307,Gaming,GB,2026-03-09,5,2026-03-08 00:00:00,680874,44277,2118,3229,gaming|new,watched video,False
YT102789,the Stock Market Full Episode | Highlights,Channel_406,Science & Technology,GB,2026-04-14,12,2026-04-11 00:00:00,110984,3793,127,640,viral|2026|trending|music,watched incredible thoughts,True
YT102790,AI Breaking News Update,Channel_437,Film & Animation,GB,2026-07-29,11,2026-07-29 00:00:00,175705,3982,303,686,funny|gaming|trending|viral,perfect review,False
YT102791,Season 5 Live Performance 2026,Channel_47,Music,IN,2026-07-10,11,2026-07-10 00:00:00,996694,23508,990,2760,official|gaming,trash incredible,False
YT102792,AI REACTION,Channel_19,Science & Technology,AU,2026-03-01,3,2026-02-27 00:00:00,672044,36508,1164,3867,viral|2026|music,great terrible okay honestly,False
YT102793,How my Life Changed Everything,Channel_147,People & Blogs,US,2026-08-10,8,2026-08-10 00:00:00,189036,7465,868,983,2026|music|viral,watched watched waste,False
YT102794,the Algorithm REACTION,Channel_22,Music,GB,2026-03-23,10,2026-03-21 00:00:00,1128980,40417,3253,4422,highlights|gaming,love okay terrible excellent honestly comment awesome,False
YT102795,Budget Travel Live Performance 2026,Channel_255,Music,IN,2026-08-03,11,2026-08-01 00:00:00,484001,10172,938,2069,2026|gaming,review waste upload cringe amazing awesome awesome watched,False
YT102796,the World Cup REACTION,Channel_60,Sports,AU,2026-04-06,11,2026-04-06 00:00:00,352146,19451,1222,2079,trending|new,thoughts review goated goated worst excellent content,False
YT102797,How Gaming Setup Changed Everything,Channel_383,People & Blogs,AU,2026-01-27,8,2026-01-24 00:00:00,911587,47972,3509,3273,music|viral,trash okay,False
YT102798,Robots - Official Music Video,Channel_168,Film & Animation,AU,2026-02-07,11,2026-02-07 00:00:00,775275,31453,3496,3804,trending|highlights,thoughts like review channel review comment flop,True
YT102799,I Tried AI For 24 Hours,Channel_322,Gaming,IN,2026-07-22,11,2026-07-20 00:00:00,434069,19287,2183,1280,music|trending|gaming|highlights,thoughts incredible channel,False
YT102800,Top 10 TikTok Moments,Channel_397,News & Politics,AU,2026-02-17,6,2026-02-13 00:00:00,326909,12533,1275,1779,gaming|new,honestly okay fantastic fire,False
YT102801,the Championship - Official Music Video,Channel_453,Gaming,AU,2026-07-31,12,2026-07-29 00:00:00,2106976,147839,9001,6204,new|trending|funny|viral,fire,False
YT102802,Learn my Life in 10 Minutes,Channel_291,Music,IN,2026-02-23,9,2026-02-20 00:00:00,827260,27058,2501,3025,viral|new|highlights,like best like,False
YT102803,How the Final Boss Changed Everything,Channel_411,Gaming,CA,2026-06-13,11,2026-06-12 00:00:00,183556,7354,517,312,gaming|funny,great disappointing fine upload channel,False
YT102804,Learn Budget Travel in 10 Minutes,Channel_469,News & Politics,IN,2026-08-11,2,2026-08-08 00:00:00,376723,21274,1394,1585,new|trending|gaming|review,amazing love comment unwatchable,False
YT102805,Gaming Setup Breaking News Update,Channel_208,Comedy,US,2026-02-04,11,2026-02-03 00:00:00,97696,6074,308,378,gaming|2026|new|review,watched fine brilliant channel fire best watched best comment,False
YT102806,Learn Season 5 in 10 Minutes,Channel_238,Music,GB,2026-06-08,3,2026-06-05 00:00:00,877259,39294,3520,724,viral|review|trending,upload,False
YT102807,How Season 5 Changed Everything,Channel_456,Music,IN,2026-06-26,13,2026-06-23 00:00:00,1066428,47266,4867,4834,2026|funny|gaming,upload fine thoughts flop,True
YT102808,Street Food Live Performance 2026,Channel_241,Film & Animation,GB,2026-07-08,14,2026-07-07 00:00:00,261128,4582,216,1165,funny|new|viral|music,thoughts thoughts love fantastic incredible video,False
YT102809,How TikTok Changed Everything,Channel_362,Education,AU,2026-03-04,13,2026-03-02 00:00:00,146050,5754,541,386,viral|highlights|funny,waste okay review like,False
YT102810,The Truth About the Ocean,Channel_326,Gaming,AU,2026-01-26,5,2026-01-23 00:00:00,152435,5114,499,459,review|new|official|highlights,comment great channel incredible underrated,False
YT102811,Robots Breaking News Update,Channel_31,Music,IN,2026-04-29,1,2026-04-28 00:00:00,713299,28994,3128,2919,highlights|viral|funny,fine awesome brilliant,False
YT102812,How TikTok Changed Everything,Channel_357,Music,US,2026-07-07,11,2026-07-06 00:00:00,340031,34255,1720,1937,trending|music,comment okay excellent incredible,False
YT102813,the Final Boss REACTION,Channel_50,Entertainment,GB,2026-01-10,4,2026-01-08 00:00:00,468998,14233,1648,2060,highlights|funny|viral|new,review,False
YT102814,AI - Official Music Video,Channel_111,People & Blogs,AU,2026-08-12,11,2026-08-10 00:00:00,141988,5569,598,566,review|2026|official|new,content awesome watched review thoughts,False
YT102815,Top 10 Street Food Moments,Channel_396,Music,CA,2026-07-13,4,2026-07-13 00:00:00,200197,12414,1038,1175,music|2026|new|highlights,upload love,False
YT102816,I Tried Street Food For 24 Hours,Channel_34,Education,US,2026-04-03,2,2026-04-03 00:00:00,115537,3574,264,744,official|highlights|funny,waste comment great thoughts channel fire video,False
YT102817,Top 10 the Stock Market Moments,Channel_236,Comedy,US,2026-01-16,10,2026-01-15 00:00:00,1272359,50770,2580,4853,new|gaming|official,fantastic fire amazing,False
YT102818,New York - Official Music Video,Channel_30,Film & Animation,US,2026-05-25,8,2026-05-22 00:00:00,389601,18602,989,2171,highlights|viral|review,review video fire,False
YT102819,OFFICIAL Trailer: the World Cup,Channel_81,Entertainment,AU,2026-06-22,12,2026-06-22 00:00:00,512436,22899,2166,2270,gaming|new|music|review,excellent overrated incredible channel like comment upload,False
YT102820,the Ocean Live Performance 2026,Channel_4,Comedy,IN,2026-05-04,14,2026-04-30 00:00:00,894849,60034,3808,3558,2026|gaming|trending,perfect perfect video,False
YT102821,Street Food - Official Music Video,Channel_369,Sports,CA,2026-07-17,11,2026-07-14 00:00:00,581699,17412,1448,2340,new|music,terrible fine okay,False
YT102822,Learn Budget Travel in 10 Minutes,Channel_56,Comedy,US,2026-04-13,14,2026-04-12 00:00:00,387440,17794,2126,1900,trending|official,awesome channel okay goated thoughts underrated comment,False
YT102823,Top 10 Robots Moments,Channel_142,Gaming,CA,2026-07-23,8,2026-07-20 00:00:00,997034,39877,3995,3934,funny|viral,honestly great okay content okay,False
YT102824,Learn Season 5 in 10 Minutes,Channel_281,People & Blogs,US,2026-03-12,12,2026-03-10 00:00:00,112589,562,49,443,highlights|gaming|viral|music,fine okay honestly,False
YT102825,the Algorithm vs Everyone | Full Match,Channel_461,Entertainment,IN,2026-08-15,2,2026-08-14 00:00:00,816939,23732,1636,4437,music|highlights,fantastic fine thoughts honestly watched upload,False
YT102826,I Tried the Stock Market For 24 Hours,Channel_281,Gaming,US,2026-04-04,6,2026-04-01 00:00:00,180407,13133,797,804,new|highlights,thoughts channel worst boring,False
YT102827,How the Stock Market Changed Everything,Channel_246,People & Blogs,GB,2026-08-06,11,2026-08-04 00:00:00,73645,4626,160,277,funny|new|2026,thoughts underrated flop like upload okay,False
YT102828,How the Stock Market Changed Everything,Channel_136,People & Blogs,AU,2026-03-15,2,2026-03-15 00:00:00,327869,12407,716,922,new|2026|trending|official,watched underrated video perfect,False
YT102829,I Tried the Stock Market For 24 Hours,Channel_362,Comedy,AU,2026-03-30,1,2026-03-30 00:00:00,438279,19763,1740,2046,funny|new|trending|2026,awesome,False
YT102830,The Truth About TikTok,Channel_77,News & Politics,AU,2026-07-27,2,2026-07-23 00:00:00,186247,3151,144,487,viral|2026,watched disappointing like like perfect,False
YT102831,the World Cup Breaking News Update,Channel_283,Film & Animation,CA,2026-03-13,13,2026-03-11 00:00:00,274675,15579,1608,1629,music|funny|highlights,flop honestly worst love amazing fine,False
YT102832,Season 5 vs Everyone | Full Match,Channel_213,Music,US,2026-05-29,10,2026-05-27 00:00:00,335188,14876,854,1029,funny|trending|review,amazing watched watched honestly,False
YT102833,Top 10 Street Food Moments,Channel_423,Education,CA,2026-04-04,9,2026-03-31 00:00:00,162931,7217,603,895,new|gaming,okay,False
YT102834,the Championship vs Everyone | Full Match,Channel_3,News & Politics,CA,2026-05-01,9,2026-04-29 00:00:00,153447,5168,400,761,highlights|official,great upload,False
YT102835,the Ocean Full Episode | Highlights,Channel_67,News & Politics,AU,2026-02-20,8,2026-02-20 00:00:00,890101,35242,1580,1574,funny|music,video okay video awful review fine awful okay honestly,False
YT102836,New York Live Performance 2026,Channel_126,Entertainment,AU,2026-08-26,3,2026-08-23 00:00:00,397673,17004,1834,1689,funny|official,awesome goated great fine underrated great incredible great,False
YT102837,The Truth About Street Food,Channel_160,Entertainment,US,2026-06-05,4,2026-06-01 00:00:00,1105228,58912,6321,3684,new|viral|trending|official,overrated fire okay,False
YT102838,The Truth About the Ocean,Channel_251,Science & Technology,CA,2026-07-06,7,2026-07-06 00:00:00,117836,3842,220,528,music|viral|trending|review,perfect brilliant,False
YT102839,Top 10 New York Moments,Channel_137,Film & Animation,GB,2026-01-01,10,2025-12-29 00:00:00,405586,7530,260,1759,trending|funny|highlights,comment content excellent,False
YT102840,Learn Gaming Setup in 10 Minutes,Channel_228,Comedy,GB,2026-03-12,10,2026-03-12 00:00:00,1178250,42611,2410,8105,viral|funny,cringe awful thoughts honestly perfect thoughts,False
YT102841,TikTok - Official Music Video,Channel_422,News & Politics,US,2026-07-14,3,2026-07-14 00:00:00,139465,8210,841,90,music|2026,upload goated fine,False
YT102842,Top 10 Season 5 Moments,Channel_480,Music,US,2026-08-26,7,2026-08-24 00:00:00,1762875,47554,4610,9743,review|new|official|gaming,channel watched comment review great,False
YT102843,the Ocean Full Episode | Highlights,Channel_453,Science & Technology,US,2026-03-16,11,2026-03-12 00:00:00,181082,11996,1163,615,funny|review|highlights|trending,fire comment like review,False
YT102844,the Final Boss Breaking News Update,Channel_493,Film & Animation,US,2026-01-29,6,2026-01-29 00:00:00,224566,15622,1772,911,new|2026|review,amazing review upload,False
YT102845,Learn the Algorithm in 10 Minutes,Channel_393,Sports,AU,2026-07-04,6,2026-07-01 00:00:00,426093,11705,1247,2364,gaming|new,comment review worst flop disappointing,False
YT102846,The Truth About the Ocean,Channel_38,News & Politics,CA,2026-06-29,6,2026-06-26 00:00:00,203616,8304,942,804,trending|viral,fantastic comment,True
YT102847,the Universe Full Episode | Highlights,Channel_14,Science & Technology,AU,2026-03-10,5,2026-03-09 00:00:00,66137,2644,133,149,trending|review|official,underrated video thoughts,False
YT102848,Top 10 TikTok Moments,Channel_274,News & Politics,AU,2026-03-15,14,2026-03-15 00:00:00,267249,14865,1053,1079,2026|official|funny|gaming,waste review love perfect honestly channel thoughts,False
YT102849,the Final Boss vs Everyone | Full Match,Channel_134,People & Blogs,IN,2026-02-07,4,2026-02-05 00:00:00,219489,9508,973,500,gaming|highlights|review|official,okay brilliant content underrated,False
YT102850,I Tried Season 5 For 24 Hours,Channel_43,Comedy,AU,2026-05-26,1,2026-05-24 00:00:00,98245,4808,505,416,trending|review|music|funny,like like video fire best,False
YT102851,Learn TikTok in 10 Minutes,Channel_172,Entertainment,GB,2026-04-12,14,2026-04-09 00:00:00,530695,20107,2298,1163,gaming|review,okay underrated awesome review,False
YT102852,I Tried Gaming Setup For 24 Hours,Channel_427,Music,CA,2026-06-02,13,2026-05-30 00:00:00,566184,24903,1850,3528,gaming|new|music|viral,like watched awesome honestly video,False
YT102853,Robots - Official Music Video,Channel_56,Comedy,GB,2026-08-15,12,2026-08-14 00:00:00,481242,14537,1447,2823,trending|2026|gaming|viral,upload okay watched best,False
YT102854,the World Cup Full Episode | Highlights,Channel_264,Entertainment,CA,2026-05-13,1,2026-05-12 00:00:00,212772,11350,412,786,funny|official|new,underrated video channel awesome,False
YT102855,my Life Breaking News Update,Channel_308,Music,GB,2026-02-23,9,2026-02-22 00:00:00,210402,12689,977,254,highlights|gaming|new,overrated worst underrated,False
YT102856,the Stock Market REACTION,Channel_60,Comedy,US,2026-03-10,10,2026-03-07 00:00:00,655602,33741,1851,2643,new|highlights,perfect okay fire awful excellent thoughts upload,False
YT102857,I Tried the Algorithm For 24 Hours,Channel_229,News & Politics,AU,2026-05-25,13,2026-05-21 00:00:00,96967,3594,228,413,funny|official,trash video like best awesome fire love great,True
YT102858,Budget Travel - Official Music Video,Channel_54,News & Politics,AU,2026-03-17,11,2026-03-14 00:00:00,219884,8625,857,641,new|highlights|music,thoughts worst awesome awful review thoughts,False
YT102859,I Tried my Life For 24 Hours,Channel_416,Sports,AU,2026-02-10,8,2026-02-09 00:00:00,732015,37690,4336,1307,review|music,watched content terrible video,False
YT102860,the Universe - Official Music Video,Channel_191,Gaming,IN,2026-02-08,14,2026-02-08 00:00:00,274126,19223,1244,922,trending|official|new|music,underrated love perfect amazing amazing,False
YT102861,the Ocean - Official Music Video,Channel_246,Sports,US,2026-07-26,7,2026-07-24 00:00:00,479454,27063,2046,1876,funny|viral,best,False
YT102862,the Universe REACTION,Channel_72,Entertainment,AU,2026-01-18,9,2026-01-14 00:00:00,659482,33987,3083,1622,official|trending|new,okay fine channel channel video excellent,False
YT102863,Top 10 the Algorithm Moments,Channel_113,Music,IN,2026-03-10,9,2026-03-06 00:00:00,389081,24886,1956,1234,new|viral,unwatchable cringe review goated video,True
YT102864,the Algorithm REACTION,Channel_236,Music,CA,2026-07-14,14,2026-07-11 00:00:00,480746,26286,1155,1606,funny|official|trending,awful watched,False
YT102865,the World Cup vs Everyone | Full Match,Channel_24,Education,GB,2026-02-01,13,2026-01-29 00:00:00,185833,3803,376,1084,gaming|review|viral,awesome hate hate content,False
YT102866,The Truth About the Stock Market,Channel_178,Sports,US,2026-01-06,6,2026-01-06 00:00:00,621122,40505,2080,1499,funny|music,underrated thoughts okay,False
YT102867,the Universe - Official Music Video,Channel_209,People & Blogs,CA,2026-05-06,9,2026-05-03 00:00:00,314538,20542,2253,1701,official|review|highlights,channel unwatchable like,False
YT102868,Learn the Ocean in 10 Minutes,Channel_446,Entertainment,AU,2026-03-13,14,2026-03-10 00:00:00,250733,11228,1202,864,2026|official|highlights|viral,channel,False
YT102869,Learn my Life in 10 Minutes,Channel_78,Entertainment,AU,2026-03-16,13,2026-03-15 00:00:00,196869,9043,1024,556,funny|trending|review,goated like excellent review,False
YT102870,The Truth About Gaming Setup,Channel_311,Entertainment,CA,2026-07-24,11,2026-07-24 00:00:00,811592,40131,2171,2205,music|new|trending|official,best upload,False
YT102871,Learn Gaming Setup in 10 Minutes,Channel_343,Entertainment,GB,2026-01-16,12,2026-01-16 00:00:00,280763,9153,1040,605,new|highlights|review|music,cringe brilliant incredible content best flop,False
YT102872,Gaming Setup REACTION,Channel_14,Comedy,CA,2026-06-28,2,2026-06-24 00:00:00,987102,56102,1930,5543,funny|official,terrible cringe okay,False
YT102873,the Final Boss - Official Music Video,Channel_226,Music,IN,2026-03-21,5,2026-03-19 00:00:00,347339,18847,625,2428,music|new|highlights|trending,terrible honestly content love fine,False
YT102874,OFFICIAL Trailer: the Ocean,Channel_144,Music,IN,2026-05-02,13,2026-05-02 00:00:00,1457367,55697,2747,7917,official|funny,worst underrated okay perfect video trash,False
YT102875,The Truth About Budget Travel,Channel_257,Education,AU,2026-07-27,6,2026-07-23 00:00:00,226704,10790,779,1126,new|official|2026,review fire fine,False
YT102876,AI - Official Music Video,Channel_374,Sports,US,2026-03-15,4,2026-03-13 00:00:00,716741,35508,4054,3778,official|new|trending|gaming,fine great,False
YT102877,TikTok vs Everyone | Full Match,Channel_53,Music,GB,2026-08-03,9,2026-07-30 00:00:00,960726,30252,2798,4718,funny|trending|new|official,honestly honestly,False
YT102878,OFFICIAL Trailer: the World Cup,Channel_359,Entertainment,US,2026-06-05,10,2026-06-04 00:00:00,789605,29032,2588,2476,new|music|2026,video waste,False
YT102879,the Algorithm REACTION,Channel_21,People & Blogs,IN,2026-04-13,2,2026-04-10 00:00:00,220567,9643,523,622,music|viral|highlights|gaming,perfect hate video brilliant waste review,False
YT102880,I Tried my Life For 24 Hours,Channel_405,Entertainment,GB,2026-02-22,1,2026-02-19 00:00:00,735752,22282,2623,1782,gaming|review|viral,trash okay excellent,False
YT102881,Top 10 the Stock Market Moments,Channel_324,Comedy,CA,2026-08-12,12,2026-08-11 00:00:00,419486,24072,2231,1775,highlights|trending|gaming,terrible great underrated,False
YT102882,Budget Travel REACTION,Channel_493,News & Politics,IN,2026-03-11,4,2026-03-10 00:00:00,235060,7463,493,694,funny|highlights|trending,video boring,False
YT102883,OFFICIAL Trailer: the Ocean,Channel_62,Entertainment,CA,2026-02-09,1,2026-02-05 00:00:00,258521,11770,1046,860,official|review|viral|trending,video content thoughts great fire review,False
YT102884,How the Ocean Changed Everything,Channel_331,Sports,GB,2026-07-30,4,2026-07-27 00:00:00,888643,40640,3349,3327,official|gaming|highlights,honestly,False
YT102885,OFFICIAL Trailer: Season 5,Channel_275,Music,US,2026-07-10,11,2026-07-07 00:00:00,510188,19692,1658,2613,new|viral,channel content terrible,False
YT102886,OFFICIAL Trailer: the Championship,Channel_162,News & Politics,CA,2026-08-17,8,2026-08-15 00:00:00,249153,13170,1567,1341,trending|new|music,disappointing overrated channel,False
YT102887,the Universe Live Performance 2026,Channel_297,Sports,IN,2026-04-17,8,2026-04-15 00:00:00,113187,2607,112,588,gaming|2026,incredible honestly thoughts,True
YT102888,OFFICIAL Trailer: the Universe,Channel_172,Music,US,2026-03-23,7,2026-03-22 00:00:00,189849,10202,648,581,music|funny|review|gaming,watched review brilliant honestly okay watched,False
YT102889,Street Food vs Everyone | Full Match,Channel_319,Entertainment,CA,2026-06-16,14,2026-06-13 00:00:00,630406,14151,1694,1039,2026|review,okay content terrible,False
YT102890,Top 10 TikTok Moments,Channel_152,People & Blogs,GB,2026-05-08,2,2026-05-08 00:00:00,559829,29551,3339,2751,review|new|official,flop watched comment watched incredible,False
YT102891,TikTok Breaking News Update,Channel_457,Music,GB,2026-07-19,14,2026-07-15 00:00:00,808440,38544,4010,1805,new|music|viral,okay disappointing,False
YT102892,the Stock Market - Official Music Video,Channel_40,Music,CA,2026-06-17,6,2026-06-13 00:00:00,328586,14713,909,1427,viral|music,fantastic fine best,False
YT102893,the World Cup REACTION,Channel_225,Education,GB,2026-08-19,10,2026-08-16 00:00:00,355050,19312,975,1580,music|gaming|viral|2026,best like like content okay awesome flop best,False
YT102894,Robots Full Episode | Highlights,Channel_57,Comedy,GB,2026-04-20,8,2026-04-19 00:00:00,530687,20917,717,1275,highlights|viral,cringe perfect disappointing review,False
YT102895,the Algorithm Live Performance 2026,Channel_120,News & Politics,IN,2026-06-21,1,2026-06-18 00:00:00,619239,6253,737,3027,highlights|2026|trending|official,hate great,False
YT102896,Season 5 Full Episode | Highlights,Channel_322,Comedy,GB,2026-01-31,7,2026-01-30 00:00:00,450409,21134,1653,1809,official|new|gaming,comment content,False
YT102897,the Algorithm Full Episode | Highlights,Channel_2,People & Blogs,CA,2026-03-02,7,2026-02-28 00:00:00,26214,2065,95,124,highlights|2026,thoughts overrated excellent,False
YT102898,the Universe vs Everyone | Full Match,Channel_283,People & Blogs,US,2026-07-27,10,2026-07-25 00:00:00,188401,8297,506,841,2026|gaming|review|music,fantastic comment cringe honestly thoughts comment channel,False
YT102899,Top 10 the Stock Market Moments,Channel_165,Entertainment,IN,2026-02-28,14,2026-02-26 00:00:00,215071,4564,227,215,gaming|trending|review,excellent underrated okay goated thoughts awesome,False
YT102900,Gaming Setup vs Everyone | Full Match,Channel_64,Comedy,CA,2026-07-25,11,2026-07-25 00:00:00,496615,15527,1859,4071,official|2026|new|review,fine awesome fine amazing video upload love,False
YT102901,the Algorithm Live Performance 2026,Channel_346,Comedy,GB,2026-05-17,8,2026-05-17 00:00:00,614471,30255,1067,332,2026|music,flop video channel okay,False
YT102902,my Life Breaking News Update,Channel_483,News & Politics,GB,2026-05-31,4,2026-05-28 00:00:00,137572,2428,173,66,official|highlights,channel like great,False
YT102903,Street Food Full Episode | Highlights,Channel_263,Comedy,IN,2026-05-15,11,2026-05-15 00:00:00,624336,30333,2200,4498,funny|gaming|trending|viral,okay fire,True
YT102904,my Life Live Performance 2026,Channel_485,Music,IN,2026-01-02,10,2025-12-31 00:00:00,484397,27662,3039,2341,music|funny|viral|gaming,channel awesome incredible amazing,False
YT102905,Gaming Setup Full Episode | Highlights,Channel_128,Gaming,CA,2026-08-05,6,2026-08-01 00:00:00,798815,45757,2608,4280,trending|gaming|official|new,video comment video upload,False
YT102906,Robots Live Performance 2026,Channel_493,Sports,US,2026-03-24,11,2026-03-24 00:00:00,481850,27998,3125,1873,review|highlights|2026|funny,perfect video comment comment,False
YT102907,How New York Changed Everything,Channel_434,Film & Animation,US,2026-02-27,9,2026-02-27 00:00:00,219694,10149,1122,717,funny|trending|official,goated honestly,False
YT102908,Street Food - Official Music Video,Channel_368,People & Blogs,GB,2026-04-29,12,2026-04-28 00:00:00,402445,11848,1412,2096,review|official|new|gaming,best comment review awesome watched underrated,False
YT102909,I Tried my Life For 24 Hours,Channel_33,Film & Animation,AU,2026-07-10,9,2026-07-08 00:00:00,296953,7546,380,1334,official|viral|gaming|2026,upload underrated review,False
YT102910,the Final Boss REACTION,Channel_475,Sports,CA,2026-04-11,10,2026-04-09 00:00:00,454243,25662,2661,1828,official|funny|review|new,okay thoughts fantastic upload content,False
YT102911,AI Live Performance 2026,Channel_225,News & Politics,IN,2026-01-04,1,2026-01-01 00:00:00,202512,9048,924,804,gaming|music|trending|2026,upload upload overrated okay excellent,False
YT102912,Robots REACTION,Channel_237,Sports,IN,2026-05-24,13,2026-05-21 00:00:00,95069,3018,146,540,official|review|funny,goated honestly watched honestly,False
YT102913,Budget Travel Breaking News Update,Channel_40,News & Politics,CA,2026-06-09,11,2026-06-05 00:00:00,107817,4605,326,392,funny|review|2026|viral,hate fire great,False
YT102914,Top 10 my Life Moments,Channel_176,Sports,GB,2026-06-06,3,2026-06-06 00:00:00,266784,8688,375,2126,funny|viral,brilliant,False
YT102915,Learn my Life in 10 Minutes,Channel_398,Sports,CA,2026-01-29,10,2026-01-27 00:00:00,1034191,43837,5172,5061,music|gaming,cringe content upload trash,False
YT102916,the Ocean - Official Music Video,Channel_143,People & Blogs,AU,2026-02-02,2,2026-02-02 00:00:00,373821,15312,1712,2025,funny|viral,awesome excellent like underrated comment channel,False
YT102917,Top 10 TikTok Moments,Channel_63,News & Politics,CA,2026-06-12,9,2026-06-09 00:00:00,155617,4159,221,301,trending|new|2026,underrated,False
YT102918,I Tried Budget Travel For 24 Hours,Channel_192,Film & Animation,GB,2026-06-14,12,2026-06-11 00:00:00,189739,7126,558,419,official|2026,honestly waste video like,False
YT102919,I Tried Season 5 For 24 Hours,Channel_131,Sports,AU,2026-03-10,11,2026-03-07 00:00:00,317768,15240,788,1440,new|trending,like great,False
YT102920,I Tried Budget Travel For 24 Hours,Channel_14,Music,CA,2026-02-09,5,2026-02-08 00:00:00,595825,16751,745,2961,gaming|funny|highlights|new,thoughts best review,False
YT102921,How Season 5 Changed Everything,Channel_255,Science & Technology,CA,2026-08-14,9,2026-08-14 00:00:00,223165,12216,976,883,highlights|gaming|new|funny,excellent perfect goated terrible,False
YT102922,my Life Breaking News Update,Channel_124,People & Blogs,CA,2026-06-28,5,2026-06-25 00:00:00,319876,16763,1609,1512,funny|trending|new,thoughts waste content,False
YT102923,Top 10 Robots Moments,Channel_57,Entertainment,IN,2026-02-22,3,2026-02-18 00:00:00,244240,5198,285,820,music|highlights|2026|viral,video fine,False
YT102924,New York Live Performance 2026,Channel_225,Gaming,AU,2026-01-11,1,2026-01-10 00:00:00,471041,33219,1740,1123,2026|review|gaming,content,False
YT102925,How the Universe Changed Everything,Channel_427,Comedy,US,2026-04-23,5,2026-04-23 00:00:00,1540897,109074,10312,593,trending|official|viral|gaming,comment thoughts incredible,False
YT102926,AI REACTION,Channel_298,Music,AU,2026-05-09,14,2026-05-07 00:00:00,753214,38051,1303,4293,review|gaming|trending,fantastic fantastic terrible okay worst like,False
YT102927,The Truth About Season 5,Channel_36,Comedy,CA,2026-01-24,6,2026-01-23 00:00:00,455842,19244,1193,1250,viral|music,best upload fine goated,False
YT102928,Top 10 Street Food Moments,Channel_269,Gaming,AU,2026-03-11,5,2026-03-11 00:00:00,1395508,52061,2933,2187,new|music,honestly disappointing awful like watched incredible,False
YT102929,TikTok - Official Music Video,Channel_164,Sports,AU,2026-06-25,14,2026-06-23 00:00:00,129605,5102,378,636,funny|gaming,fantastic content awesome comment,False
YT102930,Learn the Ocean in 10 Minutes,Channel_462,News & Politics,IN,2026-03-02,4,2026-02-27 00:00:00,97078,5363,564,203,gaming|trending,content excellent honestly excellent,False
YT102931,How Gaming Setup Changed Everything,Channel_356,Comedy,US,2026-06-07,2,2026-06-05 00:00:00,670083,18036,2103,2320,review|funny,goated watched,False
YT102932,Season 5 Live Performance 2026,Channel_102,Entertainment,GB,2026-06-17,1,2026-06-17 00:00:00,973911,31783,2225,4797,viral|official|2026,fire trash,False
YT102933,Street Food Breaking News Update,Channel_464,News & Politics,CA,2026-04-14,9,2026-04-14 00:00:00,244478,13283,1007,1250,music|gaming|trending|funny,watched this video,False
YT102934,OFFICIAL Trailer: the Ocean,Channel_470,People & Blogs,GB,2026-05-03,11,2026-05-03 00:00:00,983430,6961,750,4797,2026|music,thoughts trash,False
YT102935,The Truth About the Final Boss,Channel_389,Entertainment,IN,2026-03-26,6,2026-03-26 00:00:00,93064,3999,239,395,highlights|gaming|review,disappointing upload trash video,False
YT102936,AI Full Episode | Highlights,Channel_96,Science & Technology,US,2026-06-28,13,2026-06-26 00:00:00,420940,26493,2948,1631,music|official|gaming,awesome terrible content goated content comment,False
YT102937,The Truth About the World Cup,Channel_177,Education,CA,2026-04-10,14,2026-04-06 00:00:00,281091,13199,1223,690,official|funny,channel awesome watched,False
YT102938,I Tried Season 5 For 24 Hours,Channel_78,Music,IN,2026-05-01,10,2026-05-01 00:00:00,366180,28874,2779,2225,funny|gaming|new|viral,channel fantastic love okay fine content honestly,False
YT102939,Budget Travel - Official Music Video,Channel_78,Comedy,IN,2026-07-18,13,2026-07-16 00:00:00,276239,7761,708,570,official|2026,awful boring review upload comment,False
YT102940,my Life Full Episode | Highlights,Channel_381,Comedy,CA,2026-04-22,14,2026-04-19 00:00:00,557347,16682,1388,1262,review|funny|new,love unwatchable review hate okay like underrated,False
YT102941,The Truth About Budget Travel,Channel_50,Gaming,IN,2026-05-04,13,2026-05-01 00:00:00,626958,29000,2116,3187,funny|trending|2026|official,okay honestly like content flop,False
YT102942,the Final Boss Live Performance 2026,Channel_294,Sports,AU,2026-02-24,1,2026-02-21 00:00:00,321585,11930,590,1113,official|highlights|funny|music,fine underrated,False
YT102943,Budget Travel Full Episode | Highlights,Channel_423,People & Blogs,GB,2026-01-23,2,2026-01-22 00:00:00,606807,24954,2475,2557,gaming|viral,overrated trash,False
YT102944,OFFICIAL Trailer: New York,Channel_476,Music,AU,2026-02-23,14,2026-02-21 00:00:00,308862,9505,582,838,official|trending|gaming,disappointing review review review incredible fire fire channel waste fine,False
YT102945,Top 10 the Stock Market Moments,Channel_139,Education,AU,2026-04-02,8,2026-03-31 00:00:00,94451,4704,373,343,review|viral|music|official,awesome underrated channel honestly,False
YT102946,the Stock Market Breaking News Update,Channel_64,Entertainment,AU,2026-08-17,3,2026-08-17 00:00:00,1209729,65890,3597,4586,gaming|funny,okay great overrated incredible content best,False
YT102947,I Tried New York For 24 Hours,Channel_180,Comedy,AU,2026-06-21,3,2026-06-18 00:00:00,94942,3977,318,277,new|gaming|funny|music,amazing like great perfect best,False
YT102948,Robots vs Everyone | Full Match,Channel_391,Education,GB,2026-06-21,11,2026-06-17 00:00:00,372660,22087,1426,1112,2026|trending|new,honestly review,False
YT102949,Gaming Setup - Official Music Video,Channel_497,Comedy,CA,2026-08-23,8,2026-08-20 00:00:00,174373,8081,570,754,official|music|review,watched underrated upload okay,False
YT102950,Top 10 Gaming Setup Moments,Channel_482,Film & Animation,GB,2026-02-04,3,2026-01-31 00:00:00,196261,9491,871,904,funny|highlights|official,incredible upload,False
YT102951,I Tried the Algorithm For 24 Hours,Channel_118,Film & Animation,CA,2026-01-10,5,2026-01-08 00:00:00,205201,13154,960,1385,new|funny|official,awesome comment,False
YT102952,OFFICIAL Trailer: Budget Travel,Channel_247,News & Politics,AU,2026-01-08,13,2026-01-08 00:00:00,462076,29031,1302,2643,review|official|music|viral,comment thoughts comment waste,False
YT102953,Robots vs Everyone | Full Match,Channel_442,Sports,US,2026-02-03,8,2026-01-31 00:00:00,709601,38143,1854,3051,trending|highlights|gaming,watched this video,False
YT102954,Top 10 Street Food Moments,Channel_316,Education,GB,2026-02-15,12,2026-02-14 00:00:00,724418,35988,1422,2360,new|music|highlights,like channel comment video excellent upload awful upload,False
YT102955,Top 10 Gaming Setup Moments,Channel_424,People & Blogs,GB,2026-01-02,11,2025-12-31 00:00:00,367523,7662,268,2544,viral|gaming,channel fantastic watched honestly great,False
YT102956,Street Food Full Episode | Highlights,Channel_161,Entertainment,CA,2026-06-11,10,2026-06-07 00:00:00,562350,27272,1362,3045,official|new|viral|trending,upload channel,False
YT102957,The Truth About the Championship,Channel_5,Film & Animation,AU,2026-04-03,6,2026-03-30 00:00:00,135014,5887,236,579,funny|gaming|official,brilliant incredible underrated fine incredible trash amazing review,False
YT102958,the Universe Breaking News Update,Channel_166,Gaming,GB,2026-01-07,4,2026-01-07 00:00:00,53412,2365,186,127,2026|music|viral|new,waste great watched amazing,False
YT102959,Season 5 REACTION,Channel_471,Music,CA,2026-05-05,3,2026-05-02 00:00:00,951616,24503,2747,1867,review|highlights|funny|new,comment thoughts flop brilliant amazing,False
YT102960,the Championship Live Performance 2026,Channel_45,Music,GB,2026-07-11,9,2026-07-10 00:00:00,461552,24595,2498,2286,official|review|2026|funny,review honestly unwatchable,False
YT102961,the Stock Market Full Episode | Highlights,Channel_361,Entertainment,GB,2026-03-09,6,2026-03-05 00:00:00,544296,26753,2240,3129,2026|funny|highlights,watched this video,False
YT102962,the Universe Full Episode | Highlights,Channel_210,News & Politics,AU,2026-04-30,12,2026-04-28 00:00:00,147294,5211,455,152,gaming|review,incredible honestly watched,False
YT102963,I Tried the World Cup For 24 Hours,Channel_69,Film & Animation,AU,2026-08-15,14,2026-08-12 00:00:00,154828,4225,503,558,viral|funny|review|highlights,love incredible brilliant review,False
YT102964,the Universe REACTION,Channel_288,Entertainment,AU,2026-04-07,3,2026-04-03 00:00:00,257004,20548,1377,1347,highlights|new,video,False
YT102965,my Life Breaking News Update,Channel_479,Gaming,CA,2026-01-28,4,2026-01-25 00:00:00,628521,22220,1234,2959,highlights|review,great waste channel thoughts thoughts,False
YT102966,AI REACTION,Channel_345,Entertainment,CA,2026-05-31,11,2026-05-31 00:00:00,318507,3625,192,1167,gaming|review|new,goated fire unwatchable amazing,False
YT102967,Learn New York in 10 Minutes,Channel_427,Music,IN,2026-05-10,6,2026-05-10 00:00:00,318258,9194,1038,400,music|official,thoughts underrated watched video channel fine,False
YT102968,Learn the Algorithm in 10 Minutes,Channel_332,Comedy,AU,2026-02-18,12,2026-02-15 00:00:00,625914,37241,4414,1924,review|funny|official|viral,honestly okay incredible perfect honestly comment goated,False
YT102969,Robots REACTION,Channel_301,Science & Technology,CA,2026-04-03,2,2026-04-01 00:00:00,250455,9195,893,681,trending|gaming|2026,underrated fantastic awesome brilliant perfect like like,False
YT102970,Top 10 the Algorithm Moments,Channel_76,Gaming,US,2026-05-02,3,2026-04-29 00:00:00,1070008,29885,3402,4945,viral|2026|gaming|trending,channel channel brilliant channel,False
YT102971,Learn the Championship in 10 Minutes,Channel_198,Sports,CA,2026-06-04,7,2026-06-03 00:00:00,276304,5924,269,757,highlights|trending|funny|gaming,terrible upload perfect fantastic perfect,False
YT102972,OFFICIAL Trailer: New York,Channel_435,Entertainment,US,2026-01-08,8,2026-01-07 00:00:00,732671,45123,3772,3091,review|highlights|funny|music,watched watched love unwatchable,False
YT102973,How the Algorithm Changed Everything,Channel_289,Gaming,CA,2026-08-05,7,2026-08-02 00:00:00,204022,7337,722,698,trending|2026,comment,False
YT102974,OFFICIAL Trailer: Street Food,Channel_157,Sports,IN,2026-06-11,5,2026-06-09 00:00:00,103823,4764,328,639,trending|highlights|official|gaming,overrated love okay,False
YT102975,Learn Budget Travel in 10 Minutes,Channel_228,Film & Animation,GB,2026-08-19,14,2026-08-18 00:00:00,369790,23890,2124,1893,2026|highlights|funny|viral,fine like like video,False
YT102976,Learn Robots in 10 Minutes,Channel_98,Gaming,GB,2026-07-28,2,2026-07-24 00:00:00,306012,11760,688,1260,2026|viral|new,like awesome perfect awesome awesome incredible,False
YT102977,Top 10 my Life Moments,Channel_278,Film & Animation,IN,2026-03-28,9,2026-03-24 00:00:00,106241,5626,323,362,2026|new|gaming|viral,like awful incredible,False
YT102978,the Stock Market Full Episode | Highlights,Channel_277,Entertainment,AU,2026-05-03,6,2026-05-02 00:00:00,757899,39444,4020,4659,funny|2026|viral,comment honestly fine upload comment worst overrated worst,False
YT102979,the Ocean Full Episode | Highlights,Channel_155,Entertainment,US,2026-07-20,14,2026-07-19 00:00:00,215335,13011,710,649,highlights|review|funny,excellent channel video comment channel,False
YT102980,How the Stock Market Changed Everything,Channel_178,Music,GB,2026-03-21,3,2026-03-19 00:00:00,72853,4403,258,448,trending|gaming,honestly thoughts,False
YT102981,How the Universe Changed Everything,Channel_193,Film & Animation,IN,2026-01-25,11,2026-01-21 00:00:00,289787,11854,1053,1791,new|highlights|funny,brilliant review great,False
YT102982,The Truth About AI,Channel_425,Film & Animation,GB,2026-04-20,5,2026-04-20 00:00:00,317508,13129,1085,854,new|highlights|music,upload thoughts love,False
YT102983,AI - Official Music Video,Channel_161,News & Politics,CA,2026-07-18,8,2026-07-15 00:00:00,269676,9785,1160,974,music|2026|new|gaming,excellent awful comment channel review,False
YT102984,Street Food Live Performance 2026,Channel_95,Gaming,CA,2026-04-07,8,2026-04-07 00:00:00,304776,15367,1340,1775,music|funny,upload fire like,False
YT102985,the Stock Market REACTION,Channel_308,News & Politics,CA,2026-05-05,5,2026-05-03 00:00:00,668855,33084,2064,3985,viral|new,incredible content hate review,False
YT102986,OFFICIAL Trailer: the Championship,Channel_480,Gaming,GB,2026-05-08,10,2026-05-04 00:00:00,155710,2932,204,627,2026|new,best upload channel fantastic awful,False
YT102987,Learn the Algorithm in 10 Minutes,Channel_62,Music,GB,2026-07-30,11,2026-07-28 00:00:00,1149879,55776,2882,5868,funny|gaming|trending|official,love fine fantastic best review incredible,False
YT102988,my Life Full Episode | Highlights,Channel_273,Sports,IN,2026-01-05,12,2026-01-02 00:00:00,384572,18545,702,1818,highlights|funny,awesome great fire excellent awesome,False
YT102989,the Universe Breaking News Update,Channel_196,Gaming,AU,2026-04-25,9,2026-04-22 00:00:00,928174,29364,2164,4224,trending|review|music,perfect like like,False
YT102990,TikTok Live Performance 2026,Channel_229,Film & Animation,IN,2026-01-01,13,2025-12-29 00:00:00,90429,4202,397,613,music|new|trending,upload fire amazing,False
YT102991,The Truth About Budget Travel,Channel_277,Education,AU,2026-01-31,5,2026-01-28 00:00:00,93532,4176,209,420,review|viral|2026,watched this video,False
YT102992,Top 10 the Championship Moments,Channel_404,Film & Animation,IN,2026-08-18,3,2026-08-16 00:00:00,295363,12694,670,1820,highlights|gaming|2026|official,excellent channel unwatchable,False
YT102993,Learn the World Cup in 10 Minutes,Channel_314,Entertainment,GB,2026-01-21,4,2026-01-20 00:00:00,216517,6801,759,694,2026|viral|funny,honestly like like incredible,False
YT102994,Budget Travel Live Performance 2026,Channel_282,Gaming,GB,2026-04-08,14,2026-04-06 00:00:00,418967,21500,720,83,new|2026|funny,brilliant video,False
YT102995,the Stock Market Full Episode | Highlights,Channel_493,Gaming,CA,2026-05-28,12,2026-05-28 00:00:00,1456435,74002,7013,3615,funny|highlights|new|review,overrated waste okay,False
YT102996,Budget Travel - Official Music Video,Channel_255,People & Blogs,GB,2026-04-30,5,2026-04-27 00:00:00,388139,4940,350,1390,new|funny|highlights|2026,awesome fine upload incredible,False
YT102997,Learn TikTok in 10 Minutes,Channel_483,Entertainment,IN,2026-01-26,3,2026-01-26 00:00:00,78680,2934,243,347,2026|review,fine overrated goated,False
YT102998,OFFICIAL Trailer: the Ocean,Channel_150,Film & Animation,CA,2026-02-10,3,2026-02-09 00:00:00,318643,12522,577,2035,new|official|highlights|review,channel channel,False
YT102999,Top 10 the Ocean Moments,Channel_45,Education,US,2026-07-22,13,2026-07-19 00:00:00,133726,1585,112,315,review|gaming|viral,okay okay comment fine boring great,False
